inv_nr,gebouw,adres,plaats,provincie,functie,materiaal,sectie,jaar_van,jaar_tot,aantal_bladen,lat,lon,precisie,na_link
8.1,"Ontvangststation van de rijksluchtvaartdienst, gebouwtje voor de Adcockinstallatie",Bosrandweg,Aalsmeer,Noord-Holland,overig,tekening,IB,1937,1937,1,52.29884,4.815719,straat,https://www.nationaalarchief.nl/onderzoeken/archief/4.RGD/invnr/8.1/file/
9.1,Kantoor voor invoerrechten,"Bocholtsestraat 61a-62a/b, Heurne",Aalten,Gelderland,douane & opslag,tekening,IB,1939,1939,2,51.922117,6.580559,adres,https://www.nationaalarchief.nl/onderzoeken/archief/4.RGD/invnr/9.1/file/
10.1,Post- en telegraafgebouw,Weststraat 44-46,Aardenburg,Zeeland,post & telegraaf,tekening,IB,1910,1969,12,51.274014,3.444985,adres,https://www.nationaalarchief.nl/onderzoeken/archief/4.RGD/invnr/10.1/file/
11.1,Grenskantoor,"Rijksweg 23, Eede",Aardenburg,Zeeland,douane & opslag,tekening,IB,1905,1935,2,51.263727,3.453546,straat,https://www.nationaalarchief.nl/onderzoeken/archief/4.RGD/invnr/11.1/file/
12.1,Post- en telegraafgebouw,Voordijk 103A,Abcoude,Utrecht,post & telegraaf,tekening,IB,1951,1951,1,52.271486,4.972951,straat,https://www.nationaalarchief.nl/onderzoeken/archief/4.RGD/invnr/12.1/file/
13.1,Marechausseekazerne,"Straatweg Leeuwarden-Groningen, Buitenpost",Achtkarspelen,Fryslân,politie,tekening,IB,1926,1936,9,53.267051,6.206137,straat,https://www.nationaalarchief.nl/onderzoeken/archief/4.RGD/invnr/13.1/file/
14.1,Kerkgebouw,Burg. Seinenstraat 42,Aduard,Groningen,kerk & religie,tekening,IB,1900,1930,58,53.256448,6.460058,adres,https://www.nationaalarchief.nl/onderzoeken/archief/4.RGD/invnr/14.1/file/
15,Belastinggebouw,,Alkmaar,Noord-Holland,bestuur & financiën,tekening,IB,1930,1940,1,52.601792,4.803308,plaats,https://www.nationaalarchief.nl/onderzoeken/archief/4.RGD/invnr/15/file/
16.1,Strafgevangenis Schutterswei,Prins Bernhardlaan 16,Alkmaar,Noord-Holland,gevangeniswezen,tekening,IB,1883,1962,19,52.62494,4.73317,straat,https://www.nationaalarchief.nl/onderzoeken/archief/4.RGD/invnr/16.1/file/
17.1,Rijksopvoedingsgesticht,Gasthuisstraat,Alkmaar,Noord-Holland,gevangeniswezen,tekening,IB,1914,1937,5,52.633255,4.742765,straat,https://www.nationaalarchief.nl/onderzoeken/archief/4.RGD/invnr/17.1/file/
18.1,Arrondissementsrechtbank en rijwielberging,Geestersingel 13,Alkmaar,Noord-Holland,rechtspraak,tekening,IB,1893,1939,2,52.633475,4.738856,adres,https://www.nationaalarchief.nl/onderzoeken/archief/4.RGD/invnr/18.1/file/
19.1,Huis van bewaring Bergerhout,Geestersingel 15,Alkmaar,Noord-Holland,gevangeniswezen,tekening,IB,1894,1900,21,52.633661,4.738853,adres,https://www.nationaalarchief.nl/onderzoeken/archief/4.RGD/invnr/19.1/file/
20.1,Woonhuis / Belastinggebouw / Raad van de kinderbescherming,Kennemerstraat 21,Alkmaar,Noord-Holland,bestuur & financiën,tekening,IB,1901,1920,7,52.635618,4.753224,adres,https://www.nationaalarchief.nl/onderzoeken/archief/4.RGD/invnr/20.1/file/
21.1,"Post- en telegraafgebouw, telefoongebouw",Koorstraat/Heul,Alkmaar,Noord-Holland,post & telegraaf,tekening,IB,1962,1962,8,52.631817,4.743941,straat,https://www.nationaalarchief.nl/onderzoeken/archief/4.RGD/invnr/21.1/file/
22.1,Palenloods van de technische dienst,Kwakelkade,Alkmaar,Noord-Holland,douane & opslag,tekening,IB,1928,1928,1,52.635578,4.75348,straat,https://www.nationaalarchief.nl/onderzoeken/archief/4.RGD/invnr/22.1/file/
23.1,Rijks-h.b.s,Paardenmarkt 1,Alkmaar,Noord-Holland,onderwijs & wetenschap,tekening,IB,1905,1939,2,52.633944,4.745343,straat,https://www.nationaalarchief.nl/onderzoeken/archief/4.RGD/invnr/23.1/file/
24.1,Telefoongebouw,Krikkenstraat 2,Almelo,Overijssel,post & telegraaf,tekening,IB,1933,1934,12,52.353876,6.668265,straat,https://www.nationaalarchief.nl/onderzoeken/archief/4.RGD/invnr/24.1/file/
25.1,Kantongerecht,Marktplein 10,Almelo,Overijssel,rechtspraak,tekening,IB,1951,1951,2,52.356158,6.663091,straat,https://www.nationaalarchief.nl/onderzoeken/archief/4.RGD/invnr/25.1/file/
26.1,Huis van bewaring,Markt 7 / Wierdensestraat 37,Almelo,Overijssel,gevangeniswezen,tekening,IB,1925,1928,35,52.362663,6.64432,adres,https://www.nationaalarchief.nl/onderzoeken/archief/4.RGD/invnr/26.1/file/
27.1,Rijks-h.b.s,Sluiskade NZ 68,Almelo,Overijssel,onderwijs & wetenschap,tekening,IB,1924,1951,13,52.362587,6.663582,adres,https://www.nationaalarchief.nl/onderzoeken/archief/4.RGD/invnr/27.1/file/
28.1,Gerechtsgebouw,Wierdensestraat,Almelo,Overijssel,rechtspraak,tekening,IB,1902,1902,1,52.355673,6.638474,straat,https://www.nationaalarchief.nl/onderzoeken/archief/4.RGD/invnr/28.1/file/
29.1,Kantoorgebouw van de Koninklijke Stoomweverij te Nijverdal / Arrondissementsparket,Wierdensestraat 25,Almelo,Overijssel,museum & paleis,tekening,IB,1927,1927,5,52.355312,6.658254,adres,https://www.nationaalarchief.nl/onderzoeken/archief/4.RGD/invnr/29.1/file/
30.1,Post- en telegraafgebouw,Julianastraat 91,Alphen aan de Rijn,Zuid-Holland,post & telegraaf,tekening,IB,1895,1951,2,52.113322,4.64096,plaats,https://www.nationaalarchief.nl/onderzoeken/archief/4.RGD/invnr/30.1/file/
31.1,Kantongerecht,Wilhelminalaan 26,Alphen aan de Rijn,Zuid-Holland,rechtspraak,tekening,IB,1880,1880,4,52.113322,4.64096,plaats,https://www.nationaalarchief.nl/onderzoeken/archief/4.RGD/invnr/31.1/file/
33.1,Centraal belastinggebouw,Prins Hendriklaan 15,Amersfoort,Utrecht,bestuur & financiën,tekening,IB,1933,1951,116,52.151743,5.373458,straat,https://www.nationaalarchief.nl/onderzoeken/archief/4.RGD/invnr/33.1/file/
34.1,Rijks-h.b.s. met conciërgewoning,Thorbeckeplein 1,Amersfoort,Utrecht,onderwijs & wetenschap,tekening,IB,1910,1954,115,52.151327,5.368386,straat,https://www.nationaalarchief.nl/onderzoeken/archief/4.RGD/invnr/34.1/file/
35.1,Kadastergebouw / Rijksgeneeskundige dienst,Utrechtsestraat 90,Amersfoort,Utrecht,bestuur & financiën,tekening,IB,1924,1924,1,52.154128,5.385788,straat,https://www.nationaalarchief.nl/onderzoeken/archief/4.RGD/invnr/35.1/file/
36.1,Telefoongebouw,Utrechtseweg 33,Amersfoort,Utrecht,post & telegraaf,tekening,IB,1936,1938,4,52.151371,5.381024,adres,https://www.nationaalarchief.nl/onderzoeken/archief/4.RGD/invnr/36.1/file/
37.1,Rijksopvoedingsgesticht voor jongens c.a,Utrechtseweg 247,Amersfoort,Utrecht,gevangeniswezen,tekening,IB,1908,1934,20,52.140586,5.357941,straat,https://www.nationaalarchief.nl/onderzoeken/archief/4.RGD/invnr/37.1/file/
38.1,Rijksveldwachterwoning,Hoogland,Amersfoort,Utrecht,woningbouw,tekening,IB,1917,1917,2,52.186849,5.379569,straat,https://www.nationaalarchief.nl/onderzoeken/archief/4.RGD/invnr/38.1/file/
40.1,Gebouw Oranje Appel,,Amsterdam,Noord-Holland,overig,tekening,IB,1944,1944,2,52.366487,4.919787,plaats,https://www.nationaalarchief.nl/onderzoeken/archief/4.RGD/invnr/40.1/file/
41.1,Politiebureau,Adelaarsweg,Amsterdam,Noord-Holland,politie,tekening,IB,1935,1945,7,52.387997,4.91846,straat,https://www.nationaalarchief.nl/onderzoeken/archief/4.RGD/invnr/41.1/file/
42.1,Politiebureau,Admiraal de Ruyterweg,Amsterdam,Noord-Holland,politie,tekening,IB,1935,1945,2,52.378675,4.857009,straat,https://www.nationaalarchief.nl/onderzoeken/archief/4.RGD/invnr/42.1/file/
43.1,Onderafdelingspolitiebureau,Agolstraat / Vegastraat,Amsterdam,Noord-Holland,politie,tekening,IB,1942,1942,7,52.367782,4.955068,straat,https://www.nationaalarchief.nl/onderzoeken/archief/4.RGD/invnr/43.1/file/
44.1,IJkkantoor,Brouwersgracht 276,Amsterdam,Noord-Holland,bestuur & financiën,tekening,IB,1865,1941,3,52.382988,4.884562,adres,https://www.nationaalarchief.nl/onderzoeken/archief/4.RGD/invnr/44.1/file/
45.1,Rijkskweekschool voor vroedvrouwen,Camperstraat 17,Amsterdam,Noord-Holland,onderwijs & wetenschap,tekening,IB,1897,1935,13,52.358232,4.913316,straat,https://www.nationaalarchief.nl/onderzoeken/archief/4.RGD/invnr/45.1/file/
46.1,Nieuwe bakkerij,Conradstraat 23,Amsterdam,Noord-Holland,overig,tekening,IB,1903,1956,4,52.369074,4.926273,adres,https://www.nationaalarchief.nl/onderzoeken/archief/4.RGD/invnr/46.1/file/
47.1,Paleis,Dam,Amsterdam,Noord-Holland,museum & paleis,tekening,IB,1930,1930,12,52.372971,4.893044,straat,https://www.nationaalarchief.nl/onderzoeken/archief/4.RGD/invnr/47.1/file/
48.1,Nieuwe Kerk,Dam,Amsterdam,Noord-Holland,kerk & religie,tekening,IB,1938,1949,55,52.372971,4.893044,straat,https://www.nationaalarchief.nl/onderzoeken/archief/4.RGD/invnr/48.1/file/
49.1,20-1:100,"Droogbak, Administratiekantoor van de H.IJ.S.M./RijkskantorengebouwBestek-, bouw- en revisietekeningen en opmetingstekeningen, C.B. Posthumus-Meijes, 1",Amsterdam,Noord-Holland,post & telegraaf,tekening,IB,1882,1939,33,52.380171,4.895263,straat,https://www.nationaalarchief.nl/onderzoeken/archief/4.RGD/invnr/49.1/file/
50.1,West-Indischhuis,'s-Gravenhekje,Amsterdam,Noord-Holland,overig,tekening,IB,1885,1944,19,52.372248,4.907593,straat,https://www.nationaalarchief.nl/onderzoeken/archief/4.RGD/invnr/50.1/file/
51.1,"Abschnitt Büro, afdelingspolitiebureau",'s-Gravensandeplein 13/15,Amsterdam,Noord-Holland,politie,tekening,IB,1942,1942,4,52.341128,4.952517,straat,https://www.nationaalarchief.nl/onderzoeken/archief/4.RGD/invnr/51.1/file/
52.1,Strafgevangenis/Huis van bewaring met ambtenaarswoningen,Havenstraat 6,Amsterdam,Noord-Holland,gevangeniswezen,tekening,IB,1887,1971,45,52.348562,4.854972,straat,https://www.nationaalarchief.nl/onderzoeken/archief/4.RGD/invnr/52.1/file/
53.1,Agentschap van financiën,Herengracht 344-346,Amsterdam,Noord-Holland,bestuur & financiën,tekening,IB,1921,1940,17,52.369082,4.886379,adres,https://www.nationaalarchief.nl/onderzoeken/archief/4.RGD/invnr/53.1/file/
54.1,Agentschap van financiën,Herengracht 380,Amsterdam,Noord-Holland,bestuur & financiën,tekening,IB,1888,1888,2,52.368094,4.886316,adres,https://www.nationaalarchief.nl/onderzoeken/archief/4.RGD/invnr/54.1/file/
55.1,Rijkskantoor,Herengracht 410,Amsterdam,Noord-Holland,bestuur & financiën,tekening,IB,1930,1940,2,52.370191,4.887126,straat,https://www.nationaalarchief.nl/onderzoeken/archief/4.RGD/invnr/55.1/file/
56.1,Veiligheidsmuseum,Hobbemastraat,Amsterdam,Noord-Holland,museum & paleis,tekening,IB,1911,1939,5,52.360138,4.883405,straat,https://www.nationaalarchief.nl/onderzoeken/archief/4.RGD/invnr/56.1/file/
57.1,Rijksinstituut tot opleiding van tekenleraar,Hobbemastraat (Rijksmuseum),Amsterdam,Noord-Holland,museum & paleis,tekening,IB,1920,1930,1,52.360138,4.883405,straat,https://www.nationaalarchief.nl/onderzoeken/archief/4.RGD/invnr/57.1/file/
58.1,Afdelingspolitiebureau,Insulindeweg 115-117 / Riouwstraat 106-110,Amsterdam,Noord-Holland,politie,tekening,IB,1942,1942,3,52.362053,4.941446,straat,https://www.nationaalarchief.nl/onderzoeken/archief/4.RGD/invnr/58.1/file/
59.1,"Marine Etablissement, 's-Rijkswerf",Kattenburgerplein / Katteburgerstraat,Amsterdam,Noord-Holland,militair,tekening,IB,,,240,52.371223,4.915991,straat,https://www.nationaalarchief.nl/onderzoeken/archief/4.RGD/invnr/59.1/file/
74.1,"Huis van bewaring, rechtbank, c.a",Kleine Gartmanplantsoen,Amsterdam,Noord-Holland,gevangeniswezen,tekening,IB,,,52,52.363316,4.883214,straat,https://www.nationaalarchief.nl/onderzoeken/archief/4.RGD/invnr/74.1/file/
81.1,"Trippenhuis, Koninklijke Nederlandse Akademie van Wetenschappen",Kloveniersburgwal 27-31,Amsterdam,Noord-Holland,museum & paleis,tekening,IB,1895,1944,68,52.370007,4.898105,straat,https://www.nationaalarchief.nl/onderzoeken/archief/4.RGD/invnr/81.1/file/
82.1,"Villa, Raad van de jeugdvorming",Koningslaan 65,Amsterdam,Noord-Holland,woningbouw,tekening,IB,1907,1965,3,52.355122,4.864238,straat,https://www.nationaalarchief.nl/onderzoeken/archief/4.RGD/invnr/82.1/file/
83,Kantoor van het bestuur van de rijksbelastingen in Noord-Holland,Jan Luykenstraat 7,Amsterdam,Noord-Holland,bestuur & financiën,tekening,IB,1930,1940,1,52.359862,4.882284,adres,https://www.nationaalarchief.nl/onderzoeken/archief/4.RGD/invnr/83/file/
84.1,"Nieuwe Huishoudschool, Centraal Laboratorium",G. Metsustraat 8,Amsterdam,Noord-Holland,onderwijs & wetenschap,tekening,IB,1907,1930,11,52.355871,4.882114,straat,https://www.nationaalarchief.nl/onderzoeken/archief/4.RGD/invnr/84.1/file/
85.1,"Oostelijke Handelskade 34; Lloyd-hotel, rijksinrichting voor jongens",,Amsterdam,Noord-Holland,overig,tekening,IB,1917,1945,18,52.366487,4.919787,plaats,https://www.nationaalarchief.nl/onderzoeken/archief/4.RGD/invnr/85.1/file/
86.1,Oost-Indisch Huis St.-Jorishof en Bushuis / Rijksbelastinggebouw,Oude Hoogstraat 24 / Kloveniersburgwal 48,Amsterdam,Noord-Holland,overig,tekening,IB,1845,1944,29,52.371257,4.897749,straat,https://www.nationaalarchief.nl/onderzoeken/archief/4.RGD/invnr/86.1/file/
87.1,Herenhuizen,Paulus Potterstraat 34,Amsterdam,Noord-Holland,overig,tekening,IB,1901,1901,4,52.35871,4.879993,adres,https://www.nationaalarchief.nl/onderzoeken/archief/4.RGD/invnr/87.1/file/
88.1,Aalmoezeniersweeshuis / Paleis van Justitie,Prinsengracht 432,Amsterdam,Noord-Holland,rechtspraak,tekening,IB,1822,1952,85,52.368774,4.882864,straat,https://www.nationaalarchief.nl/onderzoeken/archief/4.RGD/invnr/88.1/file/
89.1,Entrepotdok,Rietlanden,Amsterdam,Noord-Holland,douane & opslag,tekening,IB,1895,1905,2,52.367782,4.955068,straat,https://www.nationaalarchief.nl/onderzoeken/archief/4.RGD/invnr/89.1/file/
90.1,Politiebureau met woningen,Rijnstraat 95-111,Amsterdam,Noord-Holland,politie,tekening,IB,1955,1965,4,52.344718,4.906098,adres,https://www.nationaalarchief.nl/onderzoeken/archief/4.RGD/invnr/90.1/file/
91.1,Gebouw Drie Koningen / Gewestelijk arbeidsbureau,Singel 202-208,Amsterdam,Noord-Holland,bestuur & financiën,tekening,IB,1920,1921,60,52.374088,4.888407,adres,https://www.nationaalarchief.nl/onderzoeken/archief/4.RGD/invnr/91.1/file/
92.1,Bungehuis,Spuistraat / hoek Paleisstraat,Amsterdam,Noord-Holland,museum & paleis,tekening,IB,1934,1935,33,52.373616,4.889882,straat,https://www.nationaalarchief.nl/onderzoeken/archief/4.RGD/invnr/92.1/file/
93.1,Rijksmuseum c.a,Stadhouderskade 42,Amsterdam,Noord-Holland,museum & paleis,tekening,IB,1878,1955,411,52.360827,4.884463,adres,https://www.nationaalarchief.nl/onderzoeken/archief/4.RGD/invnr/93.1/file/
94.1,Stadhouderskade 84; Internaat voor onbehuisde schoolgaande kinderen,,Amsterdam,Noord-Holland,onderwijs & wetenschap,tekening,IB,1933,1934,6,52.366487,4.919787,plaats,https://www.nationaalarchief.nl/onderzoeken/archief/4.RGD/invnr/94.1/file/
95.1,Rijksacademie van Beeldende Kunsten,Stadhouderskade 86,Amsterdam,Noord-Holland,onderwijs & wetenschap,tekening,IB,1870,1937,23,52.357685,4.894654,adres,https://www.nationaalarchief.nl/onderzoeken/archief/4.RGD/invnr/95.1/file/
96.1,"Politiepost, revierbureau",Stadionweg 131-137,Amsterdam,Noord-Holland,politie,tekening,IB,1935,1945,2,52.346439,4.86895,adres,https://www.nationaalarchief.nl/onderzoeken/archief/4.RGD/invnr/96.1/file/
97.1,Vrachtgoederenloods van de H.IJ.S.M,Westerdok,Amsterdam,Noord-Holland,douane & opslag,tekening,IB,1923,1923,1,52.385596,4.891637,straat,https://www.nationaalarchief.nl/onderzoeken/archief/4.RGD/invnr/97.1/file/
98.1,"Koloniaal Etablissement, rijkspolitie te water",Westerdoksdijk 2,Amsterdam,Noord-Holland,politie,tekening,IB,1901,1917,24,52.386446,4.892736,straat,https://www.nationaalarchief.nl/onderzoeken/archief/4.RGD/invnr/98.1/file/
99.1,Rijksluchtvaartdienst,"Schipholweg 270, Badhoevedorp",Amsterdam,Noord-Holland,overig,tekening,IB,1930,1940,1,52.303488,4.94717,adres,https://www.nationaalarchief.nl/onderzoeken/archief/4.RGD/invnr/99.1/file/
100.1,Post- en telegraafgebouw,"Dorpsstraatweg, Nieuwendam",Amsterdam,Noord-Holland,post & telegraaf,tekening,IB,1895,1936,4,52.367782,4.955068,straat,https://www.nationaalarchief.nl/onderzoeken/archief/4.RGD/invnr/100.1/file/
101.1,Vliegtuigloods met wachtgebouw,Schellingwoude,Amsterdam,Noord-Holland,militair,tekening,IB,1915,1922,91,52.390388,4.967751,straat,https://www.nationaalarchief.nl/onderzoeken/archief/4.RGD/invnr/101.1/file/
102.1,Hulp- post- en telegraafgebouw,"Tegenover de Oranjesluizen, Schellingwoude",Amsterdam,Noord-Holland,post & telegraaf,tekening,IB,1905,1930,1,52.338254,4.928964,straat,https://www.nationaalarchief.nl/onderzoeken/archief/4.RGD/invnr/102.1/file/
103.1,Drinkwatervoorziening,"Haagseweg 50, Sloten",Amsterdam,Noord-Holland,overig,tekening,IB,1902,1948,16,52.333398,4.808359,adres,https://www.nationaalarchief.nl/onderzoeken/archief/4.RGD/invnr/103.1/file/
104.1,Kazerne voor een brigade marechaussee,Eexterveensekanaal 292-294,Anloo,Drenthe,politie,tekening,IB,1910,1910,1,53.035216,6.69963,straat,https://www.nationaalarchief.nl/onderzoeken/archief/4.RGD/invnr/104.1/file/
105.1,"Aartsbisschoppelijk Klein-Seminarie, complex de Weyert, Rijkspolitie Verkeersschool C.I.O.V",Arnhemseweg 346-348,Apeldoorn,Gelderland,politie,tekening,IB,1927,1935,61,52.188026,5.960332,adres,https://www.nationaalarchief.nl/onderzoeken/archief/4.RGD/invnr/105.1/file/
106.1,Post- en telegraafgebouw,Deventerstraat 16-18,Apeldoorn,Gelderland,post & telegraaf,tekening,IB,1930,1937,36,52.215681,5.962851,adres,https://www.nationaalarchief.nl/onderzoeken/archief/4.RGD/invnr/106.1/file/
107.1,Stationspostgebouw,,Apeldoorn,Gelderland,overig,tekening,IB,1905,1951,1,52.189858,5.921909,plaats,https://www.nationaalarchief.nl/onderzoeken/archief/4.RGD/invnr/107.1/file/
108.1,Koninklijk Paleis Het Loo en aangehorigheden / Museum,,Apeldoorn,Gelderland,museum & paleis,tekening,IB,,,63,52.189858,5.921909,plaats,https://www.nationaalarchief.nl/onderzoeken/archief/4.RGD/invnr/108.1/file/
129.1,Radio Kootwijk c.a,Kootwijkse Zand,Apeldoorn,Gelderland,overig,tekening,IB,1920,1940,179,52.151153,6.017027,straat,https://www.nationaalarchief.nl/onderzoeken/archief/4.RGD/invnr/129.1/file/
130.1,P.T.T.-gebouw,"Dorpsstraat 82-84, Beekbergen",Apeldoorn,Gelderland,overig,tekening,IB,1915,1963,5,52.224116,5.979466,adres,https://www.nationaalarchief.nl/onderzoeken/archief/4.RGD/invnr/130.1/file/
131.1,Museum Hoenderloo,Hoenderloo,Apeldoorn,Gelderland,museum & paleis,tekening,IB,1927,1928,5,52.18195,5.916082,straat,https://www.nationaalarchief.nl/onderzoeken/archief/4.RGD/invnr/131.1/file/
132.1,"Aardhuisweg 8, Uddel; Eindcentrale",,Apeldoorn,Gelderland,overig,tekening,IB,1925,1935,1,52.189858,5.921909,plaats,https://www.nationaalarchief.nl/onderzoeken/archief/4.RGD/invnr/132.1/file/
133.1,Telefoongebouw,Uddel,Apeldoorn,Gelderland,post & telegraaf,tekening,IB,1939,1939,1,52.247572,5.820149,straat,https://www.nationaalarchief.nl/onderzoeken/archief/4.RGD/invnr/133.1/file/
134.1,Post- en telegraafgebouw,Koningstraat 67-67a,Appingedam,Groningen,post & telegraaf,tekening,IB,1900,1935,3,53.323278,6.858542,adres,https://www.nationaalarchief.nl/onderzoeken/archief/4.RGD/invnr/134.1/file/
135.1,Rijks-h.b.s. met conciërgewoning,Wilhelminaweg 14,Appingedam,Groningen,onderwijs & wetenschap,tekening,IB,1916,1916,11,53.324031,6.862803,straat,https://www.nationaalarchief.nl/onderzoeken/archief/4.RGD/invnr/135.1/file/
136.1,Kweekschool,,Arnhem,Gelderland,onderwijs & wetenschap,tekening,IB,1900,1910,1,52.001137,5.892592,plaats,https://www.nationaalarchief.nl/onderzoeken/archief/4.RGD/invnr/136.1/file/
137.1,IJkkantoor,Bentinckstraat 30,Arnhem,Gelderland,bestuur & financiën,tekening,IB,1916,1916,1,51.980925,5.908709,adres,https://www.nationaalarchief.nl/onderzoeken/archief/4.RGD/invnr/137.1/file/
138.1,Provinciaal bestuur van Gelderland,Grote Markt,Arnhem,Gelderland,bestuur & financiën,tekening,IB,,,34,51.97803,5.90981,straat,https://www.nationaalarchief.nl/onderzoeken/archief/4.RGD/invnr/138.1/file/
140.1,Woning van de commissaris van de Koningin,Grote Markt,Arnhem,Gelderland,woningbouw,tekening,IB,1915,1944,13,51.97803,5.90981,straat,https://www.nationaalarchief.nl/onderzoeken/archief/4.RGD/invnr/140.1/file/
141.1,"Paleis van justitie, kantongerecht, huis van bewaring",Grote Markt / St.-Walburgstraat en St.-Walburgplein,Arnhem,Gelderland,gevangeniswezen,tekening,IB,1897,1930,10,51.97803,5.90981,straat,https://www.nationaalarchief.nl/onderzoeken/archief/4.RGD/invnr/141.1/file/
142.1,Post- en telegraafgebouw,Jansplein 56,Arnhem,Gelderland,post & telegraaf,tekening,IB,1885,1954,4,51.982295,5.907297,adres,https://www.nationaalarchief.nl/onderzoeken/archief/4.RGD/invnr/142.1/file/
143.1,"Gebouw voor hypotheken, kadaster en registratie",Nieuwstraat 2,Arnhem,Gelderland,bestuur & financiën,tekening,IB,1909,1915,16,51.978748,5.905984,straat,https://www.nationaalarchief.nl/onderzoeken/archief/4.RGD/invnr/143.1/file/
144.1,"Stationspostgebouw, pakketpostgebouw",Oude Stationsstraat,Arnhem,Gelderland,overig,tekening,IB,1900,1936,2,51.983982,5.90404,straat,https://www.nationaalarchief.nl/onderzoeken/archief/4.RGD/invnr/144.1/file/
145.1,Koninklijk Militair Invalidenhuis Bronbeek,Velperweg 147,Arnhem,Gelderland,militair,tekening,IB,1889,1945,8,51.994985,5.950277,adres,https://www.nationaalarchief.nl/onderzoeken/archief/4.RGD/invnr/145.1/file/
146.1,Pensionaat Sacre Coeur / Rijkspolitie- opleidingsschool,Velperweg 158,Arnhem,Gelderland,politie,tekening,IB,1927,1927,8,51.991879,5.947247,adres,https://www.nationaalarchief.nl/onderzoeken/archief/4.RGD/invnr/146.1/file/
147.1,Huis van bewaring,Walburgstraat 4,Arnhem,Gelderland,gevangeniswezen,tekening,IB,1903,1905,8,51.978476,5.911487,adres,https://www.nationaalarchief.nl/onderzoeken/archief/4.RGD/invnr/147.1/file/
148.1,Gevangenis / Huis van bewaring,Wilhelminastraat 16,Arnhem,Gelderland,gevangeniswezen,tekening,IB,1882,1919,23,51.984887,5.879653,straat,https://www.nationaalarchief.nl/onderzoeken/archief/4.RGD/invnr/148.1/file/
149.1,Verzekeringsmaatschappij De Nederlanden van 1845,Willemsplein 5/6,Arnhem,Gelderland,overig,tekening,IB,1938,1938,13,51.983744,5.905455,straat,https://www.nationaalarchief.nl/onderzoeken/archief/4.RGD/invnr/149.1/file/
150.1,Landbouwhuis,,Assen,Drenthe,overig,tekening,IB,1937,1937,1,53.001273,6.552466,plaats,https://www.nationaalarchief.nl/onderzoeken/archief/4.RGD/invnr/150.1/file/
151.1,Rijks-h.b.s,Beilerstraat 30-32,Assen,Drenthe,onderwijs & wetenschap,tekening,IB,1895,1945,9,52.989788,6.557999,adres,https://www.nationaalarchief.nl/onderzoeken/archief/4.RGD/invnr/151.1/file/
152.1,Pand gelegen links van het provinciehuis,Brink,Assen,Drenthe,bestuur & financiën,tekening,IB,1945,1945,1,52.993443,6.563129,straat,https://www.nationaalarchief.nl/onderzoeken/archief/4.RGD/invnr/152.1/file/
153.1,Gouvernementsgebouw / Rijksarchief,Brink 4,Assen,Drenthe,bestuur & financiën,tekening,IB,,,57,52.993443,6.563129,straat,https://www.nationaalarchief.nl/onderzoeken/archief/4.RGD/invnr/153.1/file/
158.1,Huis van bewaring,Brink 9,Assen,Drenthe,gevangeniswezen,tekening,IB,1843,1946,40,52.993443,6.563129,straat,https://www.nationaalarchief.nl/onderzoeken/archief/4.RGD/invnr/158.1/file/
159.1,Gerechtsgebouw,Brinkstraat 4,Assen,Drenthe,rechtspraak,tekening,IB,1830,1945,60,52.994505,6.563631,straat,https://www.nationaalarchief.nl/onderzoeken/archief/4.RGD/invnr/159.1/file/
160.1,Ambtswoning van de commissaris van de Koningin,Kloosterstraat,Assen,Drenthe,kerk & religie,tekening,IB,1880,1945,5,52.993022,6.564786,straat,https://www.nationaalarchief.nl/onderzoeken/archief/4.RGD/invnr/160.1/file/
161.1,Koetshuis bij de commissariswoning,Kloosterstraat,Assen,Drenthe,kerk & religie,tekening,IB,1944,1944,1,52.993022,6.564786,straat,https://www.nationaalarchief.nl/onderzoeken/archief/4.RGD/invnr/161.1/file/
162.1,Kloostermuur met pomp,Kloosterstraat,Assen,Drenthe,kerk & religie,tekening,IB,1943,1943,1,52.993022,6.564786,straat,https://www.nationaalarchief.nl/onderzoeken/archief/4.RGD/invnr/162.1/file/
163.1,Villa Betsy,Dr Nassaulaan 12,Assen,Drenthe,woningbouw,tekening,IB,1897,1897,6,52.991445,6.556748,adres,https://www.nationaalarchief.nl/onderzoeken/archief/4.RGD/invnr/163.1/file/
164.1,Woonhuis / Woning van de Commissaris van de Koningin,Dr Nassaulaan 20,Assen,Drenthe,woningbouw,tekening,IB,1915,1915,1,52.991203,6.555759,adres,https://www.nationaalarchief.nl/onderzoeken/archief/4.RGD/invnr/164.1/file/
165.1,Consultatiebureau,Oosterhoutstraat,Assen,Drenthe,overig,tekening,IB,1923,1925,2,52.989474,6.563289,straat,https://www.nationaalarchief.nl/onderzoeken/archief/4.RGD/invnr/165.1/file/
166.1,"Landbouwhuis, dependance kantongerecht",Oostersingel 11,Assen,Drenthe,rechtspraak,tekening,IB,1920,1939,3,52.993087,6.565549,straat,https://www.nationaalarchief.nl/onderzoeken/archief/4.RGD/invnr/166.1/file/
167.1,Raad van Arbeid,Stationsstraat 23-25,Assen,Drenthe,overig,tekening,IB,1934,1934,3,52.993348,6.568561,adres,https://www.nationaalarchief.nl/onderzoeken/archief/4.RGD/invnr/167.1/file/
168.1,Dubbelherenhuis voor de heren Oosten en Lezer,Torenlaan 10,Assen,Drenthe,woningbouw,tekening,IB,1915,1915,2,52.992774,6.561515,straat,https://www.nationaalarchief.nl/onderzoeken/archief/4.RGD/invnr/168.1/file/
169.1,Belastinggebouw,Wilhelminastraat 12,Assen,Drenthe,bestuur & financiën,tekening,IB,1905,1925,5,52.990854,6.562958,adres,https://www.nationaalarchief.nl/onderzoeken/archief/4.RGD/invnr/169.1/file/
170.1,Post- en telegraafgebouw,Zuidersingel 12,Assen,Drenthe,post & telegraaf,tekening,IB,1894,1944,130,52.992252,6.560762,adres,https://www.nationaalarchief.nl/onderzoeken/archief/4.RGD/invnr/170.1/file/
171.1,Post- en telegraafkantoor,Markt 14-16,Asten,Noord-Brabant,post & telegraaf,tekening,IB,1915,1951,3,51.404315,5.746171,adres,https://www.nationaalarchief.nl/onderzoeken/archief/4.RGD/invnr/171.1/file/
172.1,Rijksopvoedingsgesticht Veldzicht c.a,Ommerweg,Balkbrug,Overijssel,gevangeniswezen,tekening,IB,1892,1916,92,52.595573,6.391972,straat,https://www.nationaalarchief.nl/onderzoeken/archief/4.RGD/invnr/172.1/file/
173.1,Post- en telegraafgebouw,Dedemsvaart,Dedemsvaart,Overijssel,post & telegraaf,tekening,IB,1935,1935,1,52.608099,6.457946,straat,https://www.nationaalarchief.nl/onderzoeken/archief/4.RGD/invnr/173.1/file/
174.1,Postkantoor met directeurswoning,Noordstraat 11,Axel,Zeeland,post & telegraaf,tekening,IB,1910,1951,10,51.266252,3.907503,straat,https://www.nationaalarchief.nl/onderzoeken/archief/4.RGD/invnr/174.1/file/
175.1,Grenskantoor met woning,"Nieuwstraat 4, Koewacht",Axel,Zeeland,douane & opslag,tekening,IB,1905,1961,8,51.267246,3.876217,straat,https://www.nationaalarchief.nl/onderzoeken/archief/4.RGD/invnr/175.1/file/
176.1,Telefoonkantoor,,Baarn,Utrecht,post & telegraaf,tekening,IB,1933,1934,1,52.203834,5.264142,plaats,https://www.nationaalarchief.nl/onderzoeken/archief/4.RGD/invnr/176.1/file/
177.1,Post- en telegraafkantoor,Berkhoutstraat 7|,Baarn,Utrecht,post & telegraaf,tekening,IB,1934,1940,14,52.212393,5.288203,straat,https://www.nationaalarchief.nl/onderzoeken/archief/4.RGD/invnr/177.1/file/
178.1,Directeurswoning en wintertuin,Cantonspark / Faas Eliaslaan,Baarn,Utrecht,woningbouw,tekening,IB,1914,1938,15,52.219739,5.301547,straat,https://www.nationaalarchief.nl/onderzoeken/archief/4.RGD/invnr/178.1/file/
179.1,Post- en telegraafgebouw,Nieuwstraat 16,Barneveld,Gelderland,post & telegraaf,tekening,IB,1935,1935,1,52.140396,5.588035,straat,https://www.nationaalarchief.nl/onderzoeken/archief/4.RGD/invnr/179.1/file/
180.1,Post- en telegraafkantoor,,Beek (L),Limburg,post & telegraaf,tekening,IB,1909,1909,1,50.930864,5.809132,plaats,https://www.nationaalarchief.nl/onderzoeken/archief/4.RGD/invnr/180.1/file/
181.1,Grenskantoor,Rhederweg,Bellingwolde,Groningen,douane & opslag,tekening,IB,1900,1910,1,53.088844,7.168207,straat,https://www.nationaalarchief.nl/onderzoeken/archief/4.RGD/invnr/181.1/file/
182.1,P.T.T.-kantoor,Duinlaan 22,Bennebroek,Noord-Holland,bestuur & financiën,tekening,IB,1932,1933,60,52.322672,4.595521,adres,https://www.nationaalarchief.nl/onderzoeken/archief/4.RGD/invnr/182.1/file/
183.1,Bewaakte telefooncentrale,Berkenlaan 2,Bergen,Limburg,post & telegraaf,tekening,IB,1936,1938,3,52.669678,4.698035,straat,https://www.nationaalarchief.nl/onderzoeken/archief/4.RGD/invnr/183.1/file/
184.1,Magazijn van de technische dienst van de P.T.T. / Magazijn van de politie,Antwerpsestraat 155,Bergen op Zoom,Noord-Brabant,politie,tekening,IB,1931,1939,4,51.490184,4.289184,straat,https://www.nationaalarchief.nl/onderzoeken/archief/4.RGD/invnr/184.1/file/
185.1,Kantongerecht,Stationsstraat 28,Bergen op Zoom,Noord-Brabant,rechtspraak,tekening,IB,1897,1898,5,51.495129,4.29424,straat,https://www.nationaalarchief.nl/onderzoeken/archief/4.RGD/invnr/185.1/file/
186.1,Belastinggebouw,Steenbergsestraat,Bergen op Zoom,Noord-Brabant,bestuur & financiën,tekening,IB,1942,1942,1,51.496249,4.284384,straat,https://www.nationaalarchief.nl/onderzoeken/archief/4.RGD/invnr/186.1/file/
187.1,Rijks-h.b.s,Burg. Stulemeijerlaan 24-26,Bergen op Zoom,Noord-Brabant,onderwijs & wetenschap,tekening,IB,1875,1938,16,51.498472,4.282562,straat,https://www.nationaalarchief.nl/onderzoeken/archief/4.RGD/invnr/187.1/file/
188.1,Post- en telegraafkantoor,Zuivelstraat 22,Bergen op Zoom,Noord-Brabant,post & telegraaf,tekening,IB,1896,1896,1,51.494948,4.288628,straat,https://www.nationaalarchief.nl/onderzoeken/archief/4.RGD/invnr/188.1/file/
189.1,Post- en telegraafkantoor / Belastingdienst,Zuivelstraat 22,Bergen op Zoom,Noord-Brabant,post & telegraaf,tekening,IB,1912,1938,6,51.494948,4.288628,straat,https://www.nationaalarchief.nl/onderzoeken/archief/4.RGD/invnr/189.1/file/
190.1,Villa van W. Laane Fick,Zuivelstraat,Bergen op Zoom,Noord-Brabant,woningbouw,tekening,IB,1922,1922,3,51.494948,4.288628,straat,https://www.nationaalarchief.nl/onderzoeken/archief/4.RGD/invnr/190.1/file/
191.1,Automatische telefooncentrale,,Beverwijk,Noord-Holland,post & telegraaf,tekening,IB,1935,1935,6,52.484808,4.649106,plaats,https://www.nationaalarchief.nl/onderzoeken/archief/4.RGD/invnr/191.1/file/
192.1,P.T.T.-gebouw,,Beverwijk,Noord-Holland,overig,tekening,IB,1937,1940,26,52.484808,4.649106,plaats,https://www.nationaalarchief.nl/onderzoeken/archief/4.RGD/invnr/192.1/file/
193.1,Marechausseekazerne,Statenweg,Sint Annaparochie,Fryslân,politie,tekening,IB,1905,1920,9,53.276186,5.652908,straat,https://www.nationaalarchief.nl/onderzoeken/archief/4.RGD/invnr/193.1/file/
194.1,Post- en telegraafgebouw,Statenweg,Sint Annaparochie,Fryslân,post & telegraaf,tekening,IB,1911,1935,17,53.276186,5.652908,straat,https://www.nationaalarchief.nl/onderzoeken/archief/4.RGD/invnr/194.1/file/
195.1,Knooppuntcentrale,Statenweg,Sint Annaparochie,Fryslân,overig,tekening,IB,1938,1938,41,53.276186,5.652908,straat,https://www.nationaalarchief.nl/onderzoeken/archief/4.RGD/invnr/195.1/file/
196.1,Koninklijk Nederlands Meteorologisch Instituut,Utrechtseweg 297 / Wilhelminalaan 10,De Bilt,Utrecht,museum & paleis,tekening,IB,,,112,52.101964,5.178006,adres,https://www.nationaalarchief.nl/onderzoeken/archief/4.RGD/invnr/196.1/file/
202.1,Loods bij het post- en telefoongebouw,Vinkenlaan,De Bilt,Utrecht,post & telegraaf,tekening,IB,1910,1920,1,52.128427,5.206668,straat,https://www.nationaalarchief.nl/onderzoeken/archief/4.RGD/invnr/202.1/file/
203.1,Post- en telegraafgebouw,"Julianalaan 10, Bilthoven",De Bilt,Utrecht,post & telegraaf,tekening,IB,1910,1940,5,52.131987,5.215311,straat,https://www.nationaalarchief.nl/onderzoeken/archief/4.RGD/invnr/203.1/file/
204.1,"K.N.M.I., gebouw voor vliegerwaarnemingen",Leusderheide,De Bilt,Utrecht,overig,tekening,IB,1905,1915,1,52.104533,5.198463,straat,https://www.nationaalarchief.nl/onderzoeken/archief/4.RGD/invnr/204.1/file/
205.1,Post- en telegraafgebouw,,Blaricum,Noord-Holland,post & telegraaf,tekening,IB,1910,1935,2,52.282959,5.274231,plaats,https://www.nationaalarchief.nl/onderzoeken/archief/4.RGD/invnr/205.1/file/
206.1,Post- en telegraafgebouw,Bloemendaalseweg,Bloemendaal,Noord-Holland,post & telegraaf,tekening,IB,1915,1945,5,52.401978,4.617471,straat,https://www.nationaalarchief.nl/onderzoeken/archief/4.RGD/invnr/206.1/file/
207.1,Post- en telegraafgebouw,"Aerdenhoutseduinweg 3-5, Aerdenhout",Bloemendaal,Noord-Holland,post & telegraaf,tekening,IB,1905,1951,25,52.399654,4.618743,adres,https://www.nationaalarchief.nl/onderzoeken/archief/4.RGD/invnr/207.1/file/
208.1,Post- en telegraafgebouw,"Bloemendaalseweg 1, Overveen",Bloemendaal,Noord-Holland,post & telegraaf,tekening,IB,1905,1926,4,52.401978,4.617471,straat,https://www.nationaalarchief.nl/onderzoeken/archief/4.RGD/invnr/208.1/file/
209.1,Villa Duinlust,"Duinlustweg 16, Overveen",Bloemendaal,Noord-Holland,woningbouw,tekening,IB,1890,1912,20,52.383765,4.593341,straat,https://www.nationaalarchief.nl/onderzoeken/archief/4.RGD/invnr/209.1/file/
210.1,Huize Leyduin,"Leiweg, Vogelenzang",Bloemendaal,Noord-Holland,overig,tekening,IB,1920,1922,5,52.402133,4.623577,straat,https://www.nationaalarchief.nl/onderzoeken/archief/4.RGD/invnr/210.1/file/
211.1,Post- en telegraafkantoor,Akkrum,Akkrum,Fryslân,post & telegraaf,tekening,IB,1930,1940,1,53.0478,5.844746,straat,https://www.nationaalarchief.nl/onderzoeken/archief/4.RGD/invnr/211.1/file/
212.1,Post- en telegraafkantoor,Grouw,Grou,Fryslân,post & telegraaf,tekening,IB,1905,1935,1,53.098407,5.842903,straat,https://www.nationaalarchief.nl/onderzoeken/archief/4.RGD/invnr/212.1/file/
213.1,Post- en telegraafkantoor,Prins Hendrikstraat 16-18,Bodegraven,Zuid-Holland,post & telegraaf,tekening,IB,1905,1935,1,52.083142,4.746311,straat,https://www.nationaalarchief.nl/onderzoeken/archief/4.RGD/invnr/213.1/file/
214.1,Post- en telegraafkantoor,Jongemastraat 22,Bolsward,Fryslân,post & telegraaf,tekening,IB,1906,1916,3,53.062415,5.524844,adres,https://www.nationaalarchief.nl/onderzoeken/archief/4.RGD/invnr/214.1/file/
215.1,Post- en telegraafkantoor,Wetering / Reijerskoopseweg,Boskoop,Zuid-Holland,post & telegraaf,tekening,IB,1901,1935,5,52.082443,4.646691,straat,https://www.nationaalarchief.nl/onderzoeken/archief/4.RGD/invnr/215.1/file/
216.1,Post- en telegraafgebouw,Burg. Hengstplein,Boxmeer,Noord-Brabant,post & telegraaf,tekening,IB,1935,1935,1,51.649236,5.948514,straat,https://www.nationaalarchief.nl/onderzoeken/archief/4.RGD/invnr/216.1/file/
217.1,Kantongerecht en huis van bewaring,Steenstraat 59,Boxmeer,Noord-Brabant,gevangeniswezen,tekening,IB,1898,1898,1,51.64744,5.951252,adres,https://www.nationaalarchief.nl/onderzoeken/archief/4.RGD/invnr/217.1/file/
218.1,Post- en telegraafgebouw,,Boxtel,Noord-Brabant,post & telegraaf,tekening,IB,1930,1940,1,51.581154,5.324041,plaats,https://www.nationaalarchief.nl/onderzoeken/archief/4.RGD/invnr/218.1/file/
219.1,Marechausseekazerne,Kasteellaan,Boxtel,Noord-Brabant,politie,tekening,IB,1913,1940,2,51.585402,5.321504,straat,https://www.nationaalarchief.nl/onderzoeken/archief/4.RGD/invnr/219.1/file/
220.1,Slot Loevestijn,Poederoyen,Brakel,Gelderland,overig,tekening,IB,,,89,51.825508,5.092819,straat,https://www.nationaalarchief.nl/onderzoeken/archief/4.RGD/invnr/220.1/file/
223.1,Rijksbelastingengebouw,Catharinastraat 93,Breda,Noord-Brabant,overig,tekening,IB,1925,1925,1,51.589888,4.778422,straat,https://www.nationaalarchief.nl/onderzoeken/archief/4.RGD/invnr/223.1/file/
224.1,"Rijkskantorengebouw, belastingkantoor",Delpratsingel 23,Breda,Noord-Brabant,bestuur & financiën,tekening,IB,1926,1927,15,51.594043,4.78369,adres,https://www.nationaalarchief.nl/onderzoeken/archief/4.RGD/invnr/224.1/file/
225.1,Tuchtschool voor jongens,Galderseweg 7,Breda,Noord-Brabant,onderwijs & wetenschap,tekening,IB,1906,1925,23,51.54186,4.775516,straat,https://www.nationaalarchief.nl/onderzoeken/archief/4.RGD/invnr/225.1/file/
226.1,Huis van bewaring c.a,Kloosterlaan 168-172,Breda,Noord-Brabant,gevangeniswezen,tekening,IB,1890,1924,39,51.590582,4.784667,adres,https://www.nationaalarchief.nl/onderzoeken/archief/4.RGD/invnr/226.1/file/
227.1,Telefoon- en telegraafgebouw met magazijn,Keizerstraat / Akkerstraat,Breda,Noord-Brabant,post & telegraaf,tekening,IB,1930,1940,8,51.585182,4.778996,straat,https://www.nationaalarchief.nl/onderzoeken/archief/4.RGD/invnr/227.1/file/
228.1,Arrondissementsrechtbank,Kloosterlaan 174,Breda,Noord-Brabant,rechtspraak,tekening,IB,1885,1937,42,51.591562,4.785507,adres,https://www.nationaalarchief.nl/onderzoeken/archief/4.RGD/invnr/228.1/file/
229.1,Gevangenis,Nassausingel 25-27 / Wilhelminasingel 50-59,Breda,Noord-Brabant,gevangeniswezen,tekening,IB,1882,1930,73,51.589609,4.787776,adres,https://www.nationaalarchief.nl/onderzoeken/archief/4.RGD/invnr/229.1/file/
230.1,Rijks-h.b.s,Nassaustraat 31,Breda,Noord-Brabant,onderwijs & wetenschap,tekening,IB,1900,1901,5,51.591438,4.787743,adres,https://www.nationaalarchief.nl/onderzoeken/archief/4.RGD/invnr/230.1/file/
231.1,Stationspostkantoor,Stationsplein,Breda,Noord-Brabant,bestuur & financiën,tekening,IB,1938,1938,8,51.594676,4.779551,straat,https://www.nationaalarchief.nl/onderzoeken/archief/4.RGD/invnr/231.1/file/
232.1,Post- en telegraafkantoor,Vismarkt 28,Breda,Noord-Brabant,post & telegraaf,tekening,IB,1875,1930,5,51.572207,4.790725,adres,https://www.nationaalarchief.nl/onderzoeken/archief/4.RGD/invnr/232.1/file/
233.1,Arbeidsinspectie,Wilhelminastraat 38,Breda,Noord-Brabant,overig,tekening,IB,1930,1930,5,51.579211,4.777862,adres,https://www.nationaalarchief.nl/onderzoeken/archief/4.RGD/invnr/233.1/file/
234.1,Post- en telegraafgebouw,"Ginnekenweg 285, Ginneken",Breda,Noord-Brabant,post & telegraaf,tekening,IB,1938,1940,9,51.570061,4.784565,adres,https://www.nationaalarchief.nl/onderzoeken/archief/4.RGD/invnr/234.1/file/
235.1,Schultehuis,Wanneperveen,Wanneperveen,Overijssel,overig,tekening,IB,1915,1915,2,52.697734,6.073554,straat,https://www.nationaalarchief.nl/onderzoeken/archief/4.RGD/invnr/235.1/file/
236.1,Rijks-h.b.s,Jan Mathijssenlaan 5-9,Brielle,Zuid-Holland,onderwijs & wetenschap,tekening,IB,1910,1920,19,51.897429,4.161444,straat,https://www.nationaalarchief.nl/onderzoeken/archief/4.RGD/invnr/236.1/file/
237.1,Post- en telegraafgebouw,Voorstraat 71,Brielle,Zuid-Holland,post & telegraaf,tekening,IB,1910,1935,1,51.904361,4.165529,adres,https://www.nationaalarchief.nl/onderzoeken/archief/4.RGD/invnr/237.1/file/
238.1,"Loodsgebouw, rijkspolitie",Haven 33-35,Brouwershaven,Zeeland,politie,tekening,IB,1920,1930,1,51.726855,3.91533,adres,https://www.nationaalarchief.nl/onderzoeken/archief/4.RGD/invnr/238.1/file/
239.1,Post- en telegraafgebouw,Raadhuisstraat 1-3,Brunssum,Limburg,post & telegraaf,tekening,IB,1939,1941,4,50.944584,5.969722,adres,https://www.nationaalarchief.nl/onderzoeken/archief/4.RGD/invnr/239.1/file/
240.1,Belastinggebouw,Brinklaan,Bussum,Noord-Holland,bestuur & financiën,tekening,IB,1930,1965,5,52.273896,5.162762,straat,https://www.nationaalarchief.nl/onderzoeken/archief/4.RGD/invnr/240.1/file/
241.1,Post- en telegraafgebouw,Driestweg / Huizerweg,Bussum,Noord-Holland,post & telegraaf,tekening,IB,1931,1931,7,52.275532,5.168408,straat,https://www.nationaalarchief.nl/onderzoeken/archief/4.RGD/invnr/241.1/file/
242.1,Belastinggebouw,Nieuwe Englaan 1,Bussum,Noord-Holland,bestuur & financiën,tekening,IB,1939,1940,22,52.278926,5.162648,adres,https://www.nationaalarchief.nl/onderzoeken/archief/4.RGD/invnr/242.1/file/
243.1,Dienstwoningen,Willemslaan 23-25,Bussum,Noord-Holland,woningbouw,tekening,IB,1925,1935,1,52.272015,5.147042,adres,https://www.nationaalarchief.nl/onderzoeken/archief/4.RGD/invnr/243.1/file/
244.1,Ontvangerskantoor / Douanepost,,Coevorden,Drenthe,post & telegraaf,tekening,IB,1916,1916,1,52.740255,6.735912,plaats,https://www.nationaalarchief.nl/onderzoeken/archief/4.RGD/invnr/244.1/file/
245.1,Rijks-h.b.s,Churchilllaan 11-15,Coevorden,Drenthe,onderwijs & wetenschap,tekening,IB,1908,1933,177,52.665506,6.740918,straat,https://www.nationaalarchief.nl/onderzoeken/archief/4.RGD/invnr/245.1/file/
246.1,Landhuis / Conferentieoord,Haersolterweg,Dalfsen,Overijssel,woningbouw,tekening,IB,1929,1929,6,52.485434,6.249406,straat,https://www.nationaalarchief.nl/onderzoeken/archief/4.RGD/invnr/246.1/file/
247.1,Post- en telegraafkantoor,,Dalfsen,Overijssel,post & telegraaf,tekening,IB,1916,1935,3,52.514728,6.276669,plaats,https://www.nationaalarchief.nl/onderzoeken/archief/4.RGD/invnr/247.1/file/
248.1,Telefoongebouw,Veenwouden,Veenwouden,,post & telegraaf,tekening,IB,1938,1939,82,53.23817,5.984483,straat,https://www.nationaalarchief.nl/onderzoeken/archief/4.RGD/invnr/248.1/file/
249.1,Automatische telefooncentrale,Veenwouden,Veenwouden,,post & telegraaf,tekening,IB,1939,1939,1,53.23817,5.984483,straat,https://www.nationaalarchief.nl/onderzoeken/archief/4.RGD/invnr/249.1/file/
250.1,Politietechnische dienst,Hooikade 1,Delft,Zuid-Holland,politie,tekening,IB,1938,1938,1,52.004674,4.360169,straat,https://www.nationaalarchief.nl/onderzoeken/archief/4.RGD/invnr/250.1/file/
251.1,Laboratorium voor scheikunde,Julianalaan 136,Delft,Zuid-Holland,onderwijs & wetenschap,tekening,IB,1938,1938,3,52.00434,4.368331,adres,https://www.nationaalarchief.nl/onderzoeken/archief/4.RGD/invnr/251.1/file/
252.1,Kantongerecht,Korte Geer 11a,Delft,Zuid-Holland,rechtspraak,tekening,IB,1906,1907,7,52.007134,4.360447,straat,https://www.nationaalarchief.nl/onderzoeken/archief/4.RGD/invnr/252.1/file/
253.1,Belastinggebouw,Molslaan 33,Delft,Zuid-Holland,bestuur & financiën,tekening,IB,1895,1965,3,52.010384,4.362063,adres,https://www.nationaalarchief.nl/onderzoeken/archief/4.RGD/invnr/253.1/file/
254.1,Nijverheidsvoorlichting,Nieuwelaan 78,Delft,Zuid-Holland,overig,tekening,IB,1910,1920,5,52.009042,4.36761,straat,https://www.nationaalarchief.nl/onderzoeken/archief/4.RGD/invnr/254.1/file/
255.1,Kapel van het meisjeshuis / Aula T.H,Oude Delft 18,Delft,Zuid-Holland,kerk & religie,tekening,IB,1924,1924,2,52.010777,4.356532,straat,https://www.nationaalarchief.nl/onderzoeken/archief/4.RGD/invnr/255.1/file/
256.1,Gebouw voor Decoratieve kunst,Oude Delft 75,Delft,Zuid-Holland,overig,tekening,IB,1944,1944,2,52.008509,4.358234,adres,https://www.nationaalarchief.nl/onderzoeken/archief/4.RGD/invnr/256.1/file/
257.1,Hoofdgebouw van de Technische Hogeschool,Oude Delft 95,Delft,Zuid-Holland,onderwijs & wetenschap,tekening,IB,1944,1944,3,52.00951,4.357374,adres,https://www.nationaalarchief.nl/onderzoeken/archief/4.RGD/invnr/257.1/file/
258.1,Vergaderzaal van de senaat van de T.H,Oude Delft 118,Delft,Zuid-Holland,overig,tekening,IB,1944,1944,2,52.011191,4.356577,adres,https://www.nationaalarchief.nl/onderzoeken/archief/4.RGD/invnr/258.1/file/
259.1,Herenhuis / Museum Lambert van Meerten,,Delft,Zuid-Holland,museum & paleis,tekening,IB,1875,1885,3,51.998457,4.363106,plaats,https://www.nationaalarchief.nl/onderzoeken/archief/4.RGD/invnr/259.1/file/
260.1,"Marktstraat 24, Inspectie directe belastingen en accijnzen",,Delfzijl,Groningen,douane & opslag,tekening,IB,1916,1923,5,53.360249,6.952371,plaats,https://www.nationaalarchief.nl/onderzoeken/archief/4.RGD/invnr/260.1/file/
261.1,Arsenaal / St.- Mariakerk,,Deventer,Overijssel,militair,tekening,IB,1944,1944,2,52.268236,6.23581,plaats,https://www.nationaalarchief.nl/onderzoeken/archief/4.RGD/invnr/261.1/file/
262.1,Kantongerecht,Brink,Deventer,Overijssel,rechtspraak,tekening,IB,,,28,52.252117,6.160306,straat,https://www.nationaalarchief.nl/onderzoeken/archief/4.RGD/invnr/262.1/file/
264.1,Middelbare (gemeentelijke) Koloniale Landbouwschool / Rijks Hogere School voor Tropische Landbouw,Brinkgreverweg,Deventer,Overijssel,onderwijs & wetenschap,tekening,IB,1911,1940,12,52.260796,6.170674,straat,https://www.nationaalarchief.nl/onderzoeken/archief/4.RGD/invnr/264.1/file/
265.1,Rijksleerschool,Brinkpoortstraat / Singelstraat,Deventer,Overijssel,onderwijs & wetenschap,tekening,IB,1920,1930,2,52.255414,6.159498,straat,https://www.nationaalarchief.nl/onderzoeken/archief/4.RGD/invnr/265.1/file/
266.1,Post- en telegraafgebouw,Nieuwstraat 98-100,Deventer,Overijssel,post & telegraaf,tekening,IB,1900,1941,12,52.255385,6.153866,adres,https://www.nationaalarchief.nl/onderzoeken/archief/4.RGD/invnr/266.1/file/
267.1,Hypotheek en kadastergebouw,Singel 14,Deventer,Overijssel,bestuur & financiën,tekening,IB,1910,1928,2,52.257293,6.155826,straat,https://www.nationaalarchief.nl/onderzoeken/archief/4.RGD/invnr/267.1/file/
268.1,Rijkskweekschool voor onderwijzers,Singel 20,Deventer,Overijssel,onderwijs & wetenschap,tekening,IB,1875,1939,7,52.25641,6.158211,adres,https://www.nationaalarchief.nl/onderzoeken/archief/4.RGD/invnr/268.1/file/
269.1,Landbouwhuishoudschool Nieuw Rollecate,Tesschenmacherstraat,Deventer,Overijssel,onderwijs & wetenschap,tekening,IB,1929,1930,5,52.263356,6.169951,straat,https://www.nationaalarchief.nl/onderzoeken/archief/4.RGD/invnr/269.1/file/
270.1,Loodsen tot berging van artilleriematerieel,De Sniep 1,Diemen,Noord-Holland,douane & opslag,tekening,IB,1882,1882,1,52.332413,4.978497,straat,https://www.nationaalarchief.nl/onderzoeken/archief/4.RGD/invnr/270.1/file/
271.1,Landhuis,Oerdijk,Diepenveen,Overijssel,woningbouw,tekening,IB,1934,1934,2,52.285835,6.146368,straat,https://www.nationaalarchief.nl/onderzoeken/archief/4.RGD/invnr/271.1/file/
272.1,Postkantoor,Aaltenseweg 2,Dinxperlo,Gelderland,post & telegraaf,tekening,IB,1900,1910,1,51.869004,6.502867,straat,https://www.nationaalarchief.nl/onderzoeken/archief/4.RGD/invnr/272.1/file/
273.1,Belastinggebouw,Heelweg,Dinxperlo,Gelderland,bestuur & financiën,tekening,IB,1916,1935,3,51.860025,6.492056,straat,https://www.nationaalarchief.nl/onderzoeken/archief/4.RGD/invnr/273.1/file/
274.1,"Rijksopvoedingsgesticht, De Kruisberg / Penitentiaire verblijfsinrichting Nederheide",Klootsemastraat 1,Doetinchem,Gelderland,gevangeniswezen,tekening,IB,1871,1956,55,51.988201,6.287017,straat,https://www.nationaalarchief.nl/onderzoeken/archief/4.RGD/invnr/274.1/file/
275.1,Post- en telegraafgebouw,Burg. Nispenstraat 4,Doetinchem,Gelderland,post & telegraaf,tekening,IB,1919,1938,14,51.967355,6.288884,straat,https://www.nationaalarchief.nl/onderzoeken/archief/4.RGD/invnr/275.1/file/
276.1,Telefoongebouw,Schelpweg,Domburg,Zeeland,post & telegraaf,tekening,IB,1925,1938,2,51.556104,3.476597,straat,https://www.nationaalarchief.nl/onderzoeken/archief/4.RGD/invnr/276.1/file/
277.1,Post- en telegraafkantoor,Hoge Ham,Dongen,Noord-Brabant,post & telegraaf,tekening,IB,1915,1925,16,51.62866,4.939776,straat,https://www.nationaalarchief.nl/onderzoeken/archief/4.RGD/invnr/277.1/file/
278.1,Marechausseekazerne,Bronlaan 24,Dokkum,Fryslân,politie,tekening,IB,1927,1928,16,53.323302,6.003224,adres,https://www.nationaalarchief.nl/onderzoeken/archief/4.RGD/invnr/278.1/file/
279.1,Kantongerecht / Belastinggebouw,Hogepol,Dokkum,Fryslân,rechtspraak,tekening,IB,1925,1935,1,53.326533,5.996312,straat,https://www.nationaalarchief.nl/onderzoeken/archief/4.RGD/invnr/279.1/file/
280.1,Knooppuntcentrale,Kleine Breedstraat,Dokkum,Fryslân,overig,tekening,IB,1937,1940,52,53.325602,5.999661,straat,https://www.nationaalarchief.nl/onderzoeken/archief/4.RGD/invnr/280.1/file/
281.1,P.T.T.-gebouw,Voorstraat 28,Holwerd,,overig,tekening,IB,1910,1936,3,53.405627,5.820734,straat,https://www.nationaalarchief.nl/onderzoeken/archief/4.RGD/invnr/281.1/file/
282.1,Ambtenaarswoning,Oostmahorn,Oostmahorn,,woningbouw,tekening,IB,1938,1938,2,53.378855,6.160429,straat,https://www.nationaalarchief.nl/onderzoeken/archief/4.RGD/invnr/282.1/file/
283.1,Marinekamp Woestduin,,Doorn,Utrecht,militair,tekening,IB,1945,1955,1,52.037309,5.34232,plaats,https://www.nationaalarchief.nl/onderzoeken/archief/4.RGD/invnr/283.1/file/
284.1,P.T.T.-gebouwen,,Doorn,Utrecht,overig,tekening,IB,1936,1936,7,52.037309,5.34232,plaats,https://www.nationaalarchief.nl/onderzoeken/archief/4.RGD/invnr/284.1/file/
285.1,"Huize Doorn, poortgebouw en dienstwoning",Langebroekerweg 8,Doorn,Utrecht,woningbouw,tekening,IB,1919,1920,5,52.045193,5.336847,adres,https://www.nationaalarchief.nl/onderzoeken/archief/4.RGD/invnr/285.1/file/
286.1,Post- en telegraafgebouw / Hypotheek- en Kadastergebouw,,Dordrecht,Zuid-Holland,post & telegraaf,tekening,IB,1908,1908,1,51.781507,4.708874,plaats,https://www.nationaalarchief.nl/onderzoeken/archief/4.RGD/invnr/286.1/file/
287.1,motorschip W.F. van der Wijck / motorschip Erasmus,Badweg Wantij,Dordrecht,Zuid-Holland,overig,tekening,IB,1935,1940,34,51.81509,4.692355,straat,https://www.nationaalarchief.nl/onderzoeken/archief/4.RGD/invnr/287.1/file/
288.1,Post- en telegraafgebouw,Bagijnhof 15,Dordrecht,Zuid-Holland,post & telegraaf,tekening,IB,1935,1935,3,51.812539,4.667949,straat,https://www.nationaalarchief.nl/onderzoeken/archief/4.RGD/invnr/288.1/file/
289.1,Rijkswaterstaat / Reclasseringsraad,Nieuwe Haven 25,Dordrecht,Zuid-Holland,waterstaat & techniek,tekening,IB,1935,1945,1,51.816206,4.663515,straat,https://www.nationaalarchief.nl/onderzoeken/archief/4.RGD/invnr/289.1/file/
290.1,Woonhuis / Kantongerecht / Raad voor de Kinderbescherming,Prinsenstraat 12,Dordrecht,Zuid-Holland,rechtspraak,tekening,IB,1875,1944,45,51.81307,4.658485,straat,https://www.nationaalarchief.nl/onderzoeken/archief/4.RGD/invnr/290.1/file/
291.1,Stationspostkantoor,Burg. de Raadtsingel,Dordrecht,Zuid-Holland,bestuur & financiën,tekening,IB,1895,1905,1,51.807821,4.666966,straat,https://www.nationaalarchief.nl/onderzoeken/archief/4.RGD/invnr/291.1/file/
292.1,Villa van de graaf W. van Rechteren Limpurg / Rijkskantorengebouw / De Rozenhof,Rozenhof 33,Dordrecht,Zuid-Holland,woningbouw,tekening,IB,1891,1938,7,51.809769,4.658446,adres,https://www.nationaalarchief.nl/onderzoeken/archief/4.RGD/invnr/292.1/file/
293.1,Huis van bewaring,Steegoversloot 36,Dordrecht,Zuid-Holland,gevangeniswezen,tekening,IB,1904,1940,7,51.815639,4.671271,adres,https://www.nationaalarchief.nl/onderzoeken/archief/4.RGD/invnr/293.1/file/
294.1,Gerechtsgebouw,Steegoversloot 40,Dordrecht,Zuid-Holland,rechtspraak,tekening,IB,1895,1945,4,51.815548,4.671287,straat,https://www.nationaalarchief.nl/onderzoeken/archief/4.RGD/invnr/294.1/file/
295.1,Kantongerecht,Wijnstraat 134,Dordrecht,Zuid-Holland,rechtspraak,tekening,IB,1907,1907,1,51.817337,4.668255,adres,https://www.nationaalarchief.nl/onderzoeken/archief/4.RGD/invnr/295.1/file/
296.1,Belastinggebouw / Christelijke h.b.s,Wijnstraat 237,Dordrecht,Zuid-Holland,onderwijs & wetenschap,tekening,IB,1930,1940,2,51.815517,4.667318,adres,https://www.nationaalarchief.nl/onderzoeken/archief/4.RGD/invnr/296.1/file/
297.1,Post- en telegraafgebouw,Kattenburg 17 / Brouwersstraat 1,Druten,Gelderland,post & telegraaf,tekening,IB,1916,1916,3,51.891685,5.609077,straat,https://www.nationaalarchief.nl/onderzoeken/archief/4.RGD/invnr/297.1/file/
298.1,Post- en telegraafkantoor,Bovenstestraat 20,Echt,Limburg,post & telegraaf,tekening,IB,1928,1928,2,51.105704,5.868106,adres,https://www.nationaalarchief.nl/onderzoeken/archief/4.RGD/invnr/298.1/file/
299.1,Post- en telegraafkantoor,"Damplein 4, Edam",Edam-Volendam,Noord-Holland,post & telegraaf,tekening,IB,1905,1926,2,52.512423,5.049081,straat,https://www.nationaalarchief.nl/onderzoeken/archief/4.RGD/invnr/299.1/file/
300.1,Post- en telegraafgebouw,Arnhemseweg 12,Ede,Gelderland,post & telegraaf,tekening,IB,1913,1945,40,52.042591,5.6801,straat,https://www.nationaalarchief.nl/onderzoeken/archief/4.RGD/invnr/300.1/file/
301.1,Post- en telegraafgebouw,"Dorpsstraat 12, Bennekom",Ede,Gelderland,post & telegraaf,tekening,IB,1932,1935,8,51.997764,5.675798,straat,https://www.nationaalarchief.nl/onderzoeken/archief/4.RGD/invnr/301.1/file/
302.1,Landbouwhuis,"Edenseweg 139, Bennekom",Ede,Gelderland,overig,tekening,IB,1938,1938,1,52.073239,5.665375,adres,https://www.nationaalarchief.nl/onderzoeken/archief/4.RGD/invnr/302.1/file/
303.1,Automatische telefooncentrale,"Postweg, Lunteren",Ede,Gelderland,post & telegraaf,tekening,IB,1932,1932,3,52.089862,5.585452,straat,https://www.nationaalarchief.nl/onderzoeken/archief/4.RGD/invnr/303.1/file/
304.1,Post- en telegraafgebouw,"Zuiderstraat 43, Egmond aan Zee",Egmond,Noord-Holland,post & telegraaf,tekening,IB,1910,1945,2,52.617351,4.622669,adres,https://www.nationaalarchief.nl/onderzoeken/archief/4.RGD/invnr/304.1/file/
305.1,Post- en telegraafgebouw,J.W. Hagemanstraat 31-33,Eibergen,Gelderland,post & telegraaf,tekening,IB,1935,1935,2,52.100693,6.651017,straat,https://www.nationaalarchief.nl/onderzoeken/archief/4.RGD/invnr/305.1/file/
306.1,Grenskantoor met woningen,Holterhoek,Eibergen,Gelderland,douane & opslag,tekening,IB,1915,1925,1,52.08736,6.631569,straat,https://www.nationaalarchief.nl/onderzoeken/archief/4.RGD/invnr/306.1/file/
307.1,Grenskantoor,,Eijsden,Limburg,douane & opslag,tekening,IB,1885,1895,1,50.801062,5.773687,plaats,https://www.nationaalarchief.nl/onderzoeken/archief/4.RGD/invnr/307.1/file/
308.1,Ambtenarenwacht voor invoerrechten en accijnzen,Diepstraat,Eijsden,Limburg,douane & opslag,tekening,IB,1923,1923,1,50.775769,5.701375,straat,https://www.nationaalarchief.nl/onderzoeken/archief/4.RGD/invnr/308.1/file/
309.1,Post- en telegraafgebouw,Keizersgracht 1,Eindhoven,Noord-Brabant,post & telegraaf,tekening,IB,1930,1945,7,51.43743,5.476686,straat,https://www.nationaalarchief.nl/onderzoeken/archief/4.RGD/invnr/309.1/file/
310.1,Versterkerstation / Bedrijfsschool der P.T.T,Lijmbeekstraat 324,Eindhoven,Noord-Brabant,onderwijs & wetenschap,tekening,IB,1929,1940,20,51.447705,5.466539,straat,https://www.nationaalarchief.nl/onderzoeken/archief/4.RGD/invnr/310.1/file/
311.1,Sigarenfabriek fa G.H. de Jongh & Co. / Belastinggebouw,Mathildelaan,Eindhoven,Noord-Brabant,bestuur & financiën,tekening,IB,1919,1953,8,51.44121,5.472814,straat,https://www.nationaalarchief.nl/onderzoeken/archief/4.RGD/invnr/311.1/file/
312.1,Stationspostgebouw,Stationsplein,Eindhoven,Noord-Brabant,overig,tekening,IB,1937,1938,11,51.441611,5.479615,straat,https://www.nationaalarchief.nl/onderzoeken/archief/4.RGD/invnr/312.1/file/
313.1,Huis van bewaring / Gerechtsgebouw,Stratumseind / Hofstraat,Eindhoven,Noord-Brabant,gevangeniswezen,tekening,IB,1885,1895,1,51.436312,5.482044,straat,https://www.nationaalarchief.nl/onderzoeken/archief/4.RGD/invnr/313.1/file/
314.1,Rijkskrankzinnigengesticht,"Boschdijk 771, Woensel",Eindhoven,Noord-Brabant,overig,tekening,IB,1920,1930,2,51.466616,5.449785,straat,https://www.nationaalarchief.nl/onderzoeken/archief/4.RGD/invnr/314.1/file/
315.1,Post- en telegraafkantoor / Telefoongebouw,,Elburg,Gelderland,post & telegraaf,tekening,IB,1936,1936,1,52.41324,5.849035,plaats,https://www.nationaalarchief.nl/onderzoeken/archief/4.RGD/invnr/315.1/file/
316.1,Knooppuntcentrale,Honingveldwegje,Elburg,Gelderland,overig,tekening,IB,1937,1937,1,52.449403,5.861721,straat,https://www.nationaalarchief.nl/onderzoeken/archief/4.RGD/invnr/316.1/file/
317.1,Post- en telegraafkantoor,Dorpsstraat 63-65,Elst,Gelderland,post & telegraaf,tekening,IB,1928,1928,1,51.918673,5.846346,straat,https://www.nationaalarchief.nl/onderzoeken/archief/4.RGD/invnr/317.1/file/
318.1,Marechausseekazerne met woningen,Boksloterdwarsweg,Emmen,Drenthe,politie,tekening,IB,1922,1924,11,52.789811,6.848041,straat,https://www.nationaalarchief.nl/onderzoeken/archief/4.RGD/invnr/318.1/file/
319.1,Marechausseekazerne,"achter Van Echtenkanaal NZ. 136, Klazienaveen",Emmen,Drenthe,politie,tekening,IB,1921,1921,1,52.725373,6.98704,adres,https://www.nationaalarchief.nl/onderzoeken/archief/4.RGD/invnr/319.1/file/
320.1,Postgebouw,Nieuw-Amsterdam,Emmen,Drenthe,post & telegraaf,tekening,IB,1907,1907,12,52.717107,6.86151,straat,https://www.nationaalarchief.nl/onderzoeken/archief/4.RGD/invnr/320.1/file/
321.1,Raadhuis,,Enkhuizen,Noord-Holland,bestuur & financiën,tekening,IB,1931,1931,1,52.755192,5.303368,plaats,https://www.nationaalarchief.nl/onderzoeken/archief/4.RGD/invnr/321.1/file/
322.1,Telefooncentrale,Apenspel 6,Enkhuizen,Noord-Holland,post & telegraaf,tekening,IB,1939,1940,88,52.704704,5.290463,straat,https://www.nationaalarchief.nl/onderzoeken/archief/4.RGD/invnr/322.1/file/
323.1,Belastingkantoor met woning,Breestraat / Zwaansteiger,Enkhuizen,Noord-Holland,bestuur & financiën,tekening,IB,1920,1930,1,52.727074,5.300661,straat,https://www.nationaalarchief.nl/onderzoeken/archief/4.RGD/invnr/323.1/file/
324.1,Post- en telegraafkantoor,Torenstraat / Meidenmarkt,Enkhuizen,Noord-Holland,post & telegraaf,tekening,IB,1890,1929,1,52.703606,5.291061,straat,https://www.nationaalarchief.nl/onderzoeken/archief/4.RGD/invnr/324.1/file/
325.1,Rijks-h.b.s,Westerstraat 129,Enkhuizen,Noord-Holland,onderwijs & wetenschap,tekening,IB,1910,1956,25,52.702906,5.286463,adres,https://www.nationaalarchief.nl/onderzoeken/archief/4.RGD/invnr/325.1/file/
326.1,Post- en telegraafkantoor,Haaksbergerstraat,Enschede,Overijssel,post & telegraaf,tekening,IB,1931,1940,7,52.200673,6.831769,straat,https://www.nationaalarchief.nl/onderzoeken/archief/4.RGD/invnr/326.1/file/
327.1,Rijksmuseum Twenthe,Lasondersingel 129,Enschede,Overijssel,museum & paleis,tekening,IB,1928,1937,25,52.227699,6.897013,adres,https://www.nationaalarchief.nl/onderzoeken/archief/4.RGD/invnr/327.1/file/
328.1,Kantongerecht,Molenstraat 23,Enschede,Overijssel,rechtspraak,tekening,IB,1903,1958,7,52.223537,6.894387,adres,https://www.nationaalarchief.nl/onderzoeken/archief/4.RGD/invnr/328.1/file/
329.1,Grenskantoor,"Gronausestraat 334-338, Glanerbrug",Enschede,Overijssel,douane & opslag,tekening,IB,1890,1900,1,52.217004,6.944556,straat,https://www.nationaalarchief.nl/onderzoeken/archief/4.RGD/invnr/329.1/file/
330.1,Telefooncentrale,Dwarsweg 8,Epe,Gelderland,post & telegraaf,tekening,IB,1935,1940,2,52.349141,5.98759,adres,https://www.nationaalarchief.nl/onderzoeken/archief/4.RGD/invnr/330.1/file/
331.1,Versterkerstation,,Ermelo,Gelderland,overig,tekening,IB,1958,1958,1,52.288248,5.666164,plaats,https://www.nationaalarchief.nl/onderzoeken/archief/4.RGD/invnr/331.1/file/
332.1,Automatische telefooncentrale,Steenendamsterweg,Burdaard,Fryslân,post & telegraaf,tekening,IB,1939,1939,6,53.286809,5.886194,straat,https://www.nationaalarchief.nl/onderzoeken/archief/4.RGD/invnr/332.1/file/
333.1,Belastingkantoor/Postkantoor,Offringastraat 1,Hallum,Fryslân,post & telegraaf,tekening,IB,1920,1930,2,53.308033,5.770574,adres,https://www.nationaalarchief.nl/onderzoeken/archief/4.RGD/invnr/333.1/file/
334.1,"Woning Abr. van Dis, rijkspolitiepost",Prinses Margrietstaat 2-4,Fijnaart,Noord-Brabant,politie,tekening,IB,1915,1925,1,51.637376,4.466675,adres,https://www.nationaalarchief.nl/onderzoeken/archief/4.RGD/invnr/334.1/file/
335.1,Knooppuntcentrale,Waagstraat,Franeker,Fryslân,overig,tekening,IB,1936,1937,35,53.185936,5.541117,straat,https://www.nationaalarchief.nl/onderzoeken/archief/4.RGD/invnr/335.1/file/
336.1,Post- en telegraafgebouw,,Frederiksoord,Drenthe,post & telegraaf,tekening,IB,1922,1922,2,52.846475,6.184576,plaats,https://www.nationaalarchief.nl/onderzoeken/archief/4.RGD/invnr/336.1/file/
337.1,Post- en telegraafkantoor,Markt 64,Geertruidenberg,Noord-Brabant,post & telegraaf,tekening,IB,1901,1901,17,51.701023,4.859053,adres,https://www.nationaalarchief.nl/onderzoeken/archief/4.RGD/invnr/337.1/file/
338.1,Kantongerecht / Rijkspolitiepost,Rijksstraatweg 4,Geldermalsen,Gelderland,politie,tekening,IB,1882,1911,3,51.879552,5.287774,straat,https://www.nationaalarchief.nl/onderzoeken/archief/4.RGD/invnr/338.1/file/
339.1,Post- en telegraafkantoor,Kerkstraat 48 / Ruyschenbergstraat 2,Gemert,Noord-Brabant,post & telegraaf,tekening,IB,1893,1929,3,51.556124,5.681527,adres,https://www.nationaalarchief.nl/onderzoeken/archief/4.RGD/invnr/339.1/file/
340.1,Ontvangerswoning,Anholtseweg 58,Gendringen,Gelderland,woningbouw,tekening,IB,1895,1905,1,51.867798,6.384132,adres,https://www.nationaalarchief.nl/onderzoeken/archief/4.RGD/invnr/340.1/file/
341.1,Grenskantoor,"Emmeriksestraat 7-9, Netterden",Gendringen,Gelderland,douane & opslag,tekening,IB,1920,1930,2,51.872855,6.34567,adres,https://www.nationaalarchief.nl/onderzoeken/archief/4.RGD/invnr/341.1/file/
342.1,Ontvangerswoning,,Gennep,Limburg,woningbouw,tekening,IB,1910,1920,1,51.699275,5.987106,plaats,https://www.nationaalarchief.nl/onderzoeken/archief/4.RGD/invnr/342.1/file/
343.1,Post- en telegraafkantoor,Zandstraat 27-29,Gennep,Limburg,post & telegraaf,tekening,IB,1929,1929,1,51.70022,5.970015,adres,https://www.nationaalarchief.nl/onderzoeken/archief/4.RGD/invnr/343.1/file/
344.1,Toren,,Goedereede,Zuid-Holland,overig,tekening,IB,1894,1894,7,51.818363,3.98967,plaats,https://www.nationaalarchief.nl/onderzoeken/archief/4.RGD/invnr/344.1/file/
345.1,Post- en telegraafkantoor,Grote Markt 14-14a,Goes,Zeeland,post & telegraaf,tekening,IB,1885,1940,11,51.504366,3.890087,straat,https://www.nationaalarchief.nl/onderzoeken/archief/4.RGD/invnr/345.1/file/
346.1,Belastinggebouw,Albert Joachimkade 3,Goes,Zeeland,bestuur & financiën,tekening,IB,1943,1943,1,51.511047,3.892184,straat,https://www.nationaalarchief.nl/onderzoeken/archief/4.RGD/invnr/346.1/file/
347.1,Postkantoor,Koepoort,Goes,Zeeland,post & telegraaf,tekening,IB,1935,1945,5,51.502322,3.888422,straat,https://www.nationaalarchief.nl/onderzoeken/archief/4.RGD/invnr/347.1/file/
348.1,Rijks-h.b.s / Raad van de arbeid / Gevangenis / Inspectie van de belastingen,Oostsingel 2a / Albert Joachimikade 1-3,Goes,Zeeland,gevangeniswezen,tekening,IB,1931,1956,17,51.503738,3.893564,straat,https://www.nationaalarchief.nl/onderzoeken/archief/4.RGD/invnr/348.1/file/
349.1,Telefoongebouw,L.J. van de Spiegelstraat 2,Goes,Zeeland,post & telegraaf,tekening,IB,1936,1937,8,51.499155,3.894136,straat,https://www.nationaalarchief.nl/onderzoeken/archief/4.RGD/invnr/349.1/file/
350.1,Belastinggebouw / Rijkskantorengebouw,Ravelijn de Groene Jager 5,Goes,Zeeland,bestuur & financiën,tekening,IB,1913,1930,8,51.504927,3.884499,straat,https://www.nationaalarchief.nl/onderzoeken/archief/4.RGD/invnr/350.1/file/
351.1,Grenskantoor met dienstwoning c.a,Poppelseweg 21,Goirle,Noord-Brabant,douane & opslag,tekening,IB,1939,1939,9,51.505908,5.054613,straat,https://www.nationaalarchief.nl/onderzoeken/archief/4.RGD/invnr/351.1/file/
352.1,Post- en telegraafgebouw,Poppelseweg 22,Goirle,Noord-Brabant,post & telegraaf,tekening,IB,1941,1941,1,51.505908,5.054613,straat,https://www.nationaalarchief.nl/onderzoeken/archief/4.RGD/invnr/352.1/file/
353.1,Marechausseekazerne,Weg naar Haaksbergen,Goor,Overijssel,politie,tekening,IB,1934,1941,2,52.253215,6.598313,straat,https://www.nationaalarchief.nl/onderzoeken/archief/4.RGD/invnr/353.1/file/
354.1,Post- en telegraafgebouw,Groenmarkt 1,Gorinchem,Zuid-Holland,post & telegraaf,tekening,IB,1912,1935,5,51.829636,4.97363,straat,https://www.nationaalarchief.nl/onderzoeken/archief/4.RGD/invnr/354.1/file/
355.1,Politiepost,"Krinkelwinkel, Amsterdam-Merwede kanaal, gedeelte Lek-Merwede",Gorinchem,Zuid-Holland,politie,tekening,IB,1886,1886,2,51.828805,4.962014,straat,https://www.nationaalarchief.nl/onderzoeken/archief/4.RGD/invnr/355.1/file/
356.1,Post- en telegraafgebouw / Belastinggebouw,Tinnegieterssteeg 12 / Groenmarkt 12,Gorinchem,Zuid-Holland,post & telegraaf,tekening,IB,1881,1925,2,51.82411,4.972894,straat,https://www.nationaalarchief.nl/onderzoeken/archief/4.RGD/invnr/356.1/file/
357.1,Rijks-h.b.s. / Kantongerecht,Vismarkt 22,Gorinchem,Zuid-Holland,rechtspraak,tekening,IB,1932,1932,1,51.8296,4.978373,straat,https://www.nationaalarchief.nl/onderzoeken/archief/4.RGD/invnr/357.1/file/
358.1,Belastinggebouw,Vroedschapsstraat 15,Gorinchem,Zuid-Holland,bestuur & financiën,tekening,IB,1930,1930,1,51.833615,5.00082,adres,https://www.nationaalarchief.nl/onderzoeken/archief/4.RGD/invnr/358.1/file/
359.1,Telefoongebouw,Zusterstraat 8,Gorinchem,Zuid-Holland,post & telegraaf,tekening,IB,1933,1939,20,51.828892,4.974307,adres,https://www.nationaalarchief.nl/onderzoeken/archief/4.RGD/invnr/359.1/file/
360.1,Landhuis,,Gorssel,Gelderland,woningbouw,tekening,IB,1929,1929,1,52.195647,6.197009,plaats,https://www.nationaalarchief.nl/onderzoeken/archief/4.RGD/invnr/360.1/file/
361.1,Herstellingsoord,"Deventersestraatweg, Eefde",Gorssel,Gelderland,overig,tekening,IB,1913,1913,1,52.204541,6.202457,straat,https://www.nationaalarchief.nl/onderzoeken/archief/4.RGD/invnr/361.1/file/
362.1,Looyhallen / Weeshuis,,Gouda,Zuid-Holland,overig,tekening,IB,1942,1942,1,52.015301,4.706204,plaats,https://www.nationaalarchief.nl/onderzoeken/archief/4.RGD/invnr/362.1/file/
363.1,Gewestelijk Arbeidsbureau,Gouwe,Gouda,Zuid-Holland,bestuur & financiën,tekening,IB,1920,1930,3,52.010003,4.706755,straat,https://www.nationaalarchief.nl/onderzoeken/archief/4.RGD/invnr/363.1/file/
364.1,Militair hospitaal / Belastinggebouw,Karnemelksloot 20,Gouda,Zuid-Holland,militair,tekening,IB,1922,1935,17,52.013717,4.718648,straat,https://www.nationaalarchief.nl/onderzoeken/archief/4.RGD/invnr/364.1/file/
365.1,Rijks-h.b.s,Burg. Martenssingel 15,Gouda,Zuid-Holland,onderwijs & wetenschap,tekening,IB,1914,1915,8,52.011089,4.721201,straat,https://www.nationaalarchief.nl/onderzoeken/archief/4.RGD/invnr/365.1/file/
366.1,Post- en telegraafgebouw,Korte Noodgodsteeg 3-7 / Westhaven 37,Gouda,Zuid-Holland,post & telegraaf,tekening,IB,1905,1930,11,52.012902,4.706113,straat,https://www.nationaalarchief.nl/onderzoeken/archief/4.RGD/invnr/366.1/file/
367.1,Post- en telegraafgebouw,De Rijp,De Rijp,Noord-Holland,post & telegraaf,tekening,IB,1916,1935,3,52.555017,4.845081,straat,https://www.nationaalarchief.nl/onderzoeken/archief/4.RGD/invnr/367.1/file/
368.1,rijkskrankzinnigengesticht,Hampoort,Grave,Noord-Brabant,overig,tekening,IB,,,19,51.761837,5.729823,straat,https://www.nationaalarchief.nl/onderzoeken/archief/4.RGD/invnr/368.1/file/
371.1,"Groot Arsenaal / kazematten, rijkskrankzinnigengesticht / gevangenis De Raam",Elizabethstraat 35,Grave,Noord-Brabant,gevangeniswezen,tekening,IB,1859,1938,66,51.762312,5.729069,adres,https://www.nationaalarchief.nl/onderzoeken/archief/4.RGD/invnr/371.1/file/
372.1,Post- en telegraafkantoor,Klinkerstraat 15-17,Grave,Noord-Brabant,post & telegraaf,tekening,IB,1928,1928,1,51.758894,5.739974,adres,https://www.nationaalarchief.nl/onderzoeken/archief/4.RGD/invnr/372.1/file/
380.1,Duinwyck,Van Alkemadelaan,'s-Gravenhage,Zuid-Holland,overig,tekening,IB,1930,1940,1,52.103236,4.317985,straat,https://www.nationaalarchief.nl/onderzoeken/archief/4.RGD/invnr/380.1/file/
381.1,Octrooiraad,Van Alkemadelaan / Roelofsstraat / Willem Witsenplein,'s-Gravenhage,Zuid-Holland,overig,tekening,IB,1920,1940,15,52.103236,4.317985,straat,https://www.nationaalarchief.nl/onderzoeken/archief/4.RGD/invnr/381.1/file/
382.1,Bezuidenhout,,'s-Gravenhage,Zuid-Holland,overig,tekening,IB,1950,1950,1,52.072073,4.293001,plaats,https://www.nationaalarchief.nl/onderzoeken/archief/4.RGD/invnr/382.1/file/
383.1,Departementsgebouw,Bezuidenhout,'s-Gravenhage,Zuid-Holland,overig,tekening,IB,1920,1930,1,52.071132,4.296693,straat,https://www.nationaalarchief.nl/onderzoeken/archief/4.RGD/invnr/383.1/file/
384.1,Algemeen Rijksarchief,Bezuidenhoutseweg,'s-Gravenhage,Zuid-Holland,overig,tekening,IB,1885,1895,2,52.091512,4.34388,straat,https://www.nationaalarchief.nl/onderzoeken/archief/4.RGD/invnr/384.1/file/
385.1,Herenhuizen,Bezuidenhoutseweg 101,'s-Gravenhage,Zuid-Holland,overig,tekening,IB,1890,1890,3,52.084831,4.329091,adres,https://www.nationaalarchief.nl/onderzoeken/archief/4.RGD/invnr/385.1/file/
480.1,Algemeen Rijksarchief,Bleyenburg 7,'s-Gravenhage,Zuid-Holland,overig,tekening,IB,1891,1915,10,52.08082,4.317639,straat,https://www.nationaalarchief.nl/onderzoeken/archief/4.RGD/invnr/480.1/file/
485.1,Hypotheek- en kadastergebouw,Buitenhof 37,'s-Gravenhage,Zuid-Holland,bestuur & financiën,tekening,IB,1944,1944,5,52.079196,4.310421,adres,https://www.nationaalarchief.nl/onderzoeken/archief/4.RGD/invnr/485.1/file/
486.1,Buitenhof 37-38,,'s-Gravenhage,Zuid-Holland,overig,tekening,IB,1938,1938,13,52.072073,4.293001,plaats,https://www.nationaalarchief.nl/onderzoeken/archief/4.RGD/invnr/486.1/file/
487.1,Valkhuis,Buitenhof 34/38,'s-Gravenhage,Zuid-Holland,overig,tekening,IB,1875,1944,6,52.079298,4.310716,straat,https://www.nationaalarchief.nl/onderzoeken/archief/4.RGD/invnr/487.1/file/
488.1,Gebouw Centraal,Buitenom 212-214,'s-Gravenhage,Zuid-Holland,overig,tekening,IB,1934,1936,24,52.071606,4.30094,adres,https://www.nationaalarchief.nl/onderzoeken/archief/4.RGD/invnr/488.1/file/
489.1,Vredespaleis,Carnegieplein 2,'s-Gravenhage,Zuid-Holland,museum & paleis,tekening,IB,1909,1919,2,52.087368,4.297241,straat,https://www.nationaalarchief.nl/onderzoeken/archief/4.RGD/invnr/489.1/file/
490.1,Pensioenfonds voor Weduwen en Wezen van Burgerlijke Ambtenaren,Casuariestraat 16 / Lange Houtstraat 11,'s-Gravenhage,Zuid-Holland,overig,tekening,IB,1898,1898,4,52.081193,4.316493,adres,https://www.nationaalarchief.nl/onderzoeken/archief/4.RGD/invnr/490.1/file/
491.1,Huis van bewaring,Casuariestraat 38,'s-Gravenhage,Zuid-Holland,gevangeniswezen,tekening,IB,1915,1915,1,52.081515,4.317379,straat,https://www.nationaalarchief.nl/onderzoeken/archief/4.RGD/invnr/491.1/file/
492.1,Eisenhowerlaan 102,,'s-Gravenhage,Zuid-Holland,overig,tekening,IB,1930,1940,1,52.072073,4.293001,plaats,https://www.nationaalarchief.nl/onderzoeken/archief/4.RGD/invnr/492.1/file/
493.1,Villa,Eisenhowerlaan 130,'s-Gravenhage,Zuid-Holland,woningbouw,tekening,IB,1907,1907,1,52.09379,4.281351,adres,https://www.nationaalarchief.nl/onderzoeken/archief/4.RGD/invnr/493.1/file/
494.1,Villa,Eisenhowerlaan 132,'s-Gravenhage,Zuid-Holland,woningbouw,tekening,IB,1910,1910,7,52.093983,4.281586,adres,https://www.nationaalarchief.nl/onderzoeken/archief/4.RGD/invnr/494.1/file/
495.1,Algemene Landsdrukkerij met directeurswoning,Fluwelen Burgwal,'s-Gravenhage,Zuid-Holland,woningbouw,tekening,IB,1892,1892,2,52.07964,4.318499,straat,https://www.nationaalarchief.nl/onderzoeken/archief/4.RGD/invnr/495.1/file/
496.1,Staatsdrukkerij,Fluwelen Burgwal 10-20,'s-Gravenhage,Zuid-Holland,overig,tekening,IB,1910,1920,3,52.07964,4.318499,straat,https://www.nationaalarchief.nl/onderzoeken/archief/4.RGD/invnr/496.1/file/
497.1,Staatsspoorwegen,Fluwelen Burgwal,'s-Gravenhage,Zuid-Holland,overig,tekening,IB,1870,1880,1,52.07964,4.318499,straat,https://www.nationaalarchief.nl/onderzoeken/archief/4.RGD/invnr/497.1/file/
498.1,Villa Sorghvliet,A. Goekooplaan 10,'s-Gravenhage,Zuid-Holland,woningbouw,tekening,IB,1919,1921,25,52.091987,4.286206,straat,https://www.nationaalarchief.nl/onderzoeken/archief/4.RGD/invnr/498.1/file/
499.1,Huis ten Bosch,Haagse Bos 10,'s-Gravenhage,Zuid-Holland,overig,tekening,IB,1943,1950,15,52.104503,4.36018,straat,https://www.nationaalarchief.nl/onderzoeken/archief/4.RGD/invnr/499.1/file/
500.1,Koninklijke Stallen en garage,Hoge Wal 17,'s-Gravenhage,Zuid-Holland,museum & paleis,tekening,IB,1876,1930,7,52.081336,4.311458,straat,https://www.nationaalarchief.nl/onderzoeken/archief/4.RGD/invnr/500.1/file/
501.1,Kanongieterij,Kanonstraat / Smidsplein,'s-Gravenhage,Zuid-Holland,overig,tekening,IB,1945,1945,4,52.083682,4.316283,straat,https://www.nationaalarchief.nl/onderzoeken/archief/4.RGD/invnr/501.1/file/
502.1,Rijkstelegraaf,Kazernestraat 3,'s-Gravenhage,Zuid-Holland,post & telegraaf,tekening,IB,1885,1945,3,52.083369,4.311427,straat,https://www.nationaalarchief.nl/onderzoeken/archief/4.RGD/invnr/502.1/file/
503.1,woning van Groen van Prinsterer / Kabinet van de Koningin,Korte Vijverberg 3,'s-Gravenhage,Zuid-Holland,woningbouw,tekening,IB,1883,1943,14,52.080787,4.314272,straat,https://www.nationaalarchief.nl/onderzoeken/archief/4.RGD/invnr/503.1/file/
504.1,Binnenlandse Zaken,Korte Vijverberg / Korte Voorhout,'s-Gravenhage,Zuid-Holland,overig,tekening,IB,1885,1895,2,52.080787,4.314272,straat,https://www.nationaalarchief.nl/onderzoeken/archief/4.RGD/invnr/504.1/file/
505.1,Paleis van justitie,Korte Voorhout,'s-Gravenhage,Zuid-Holland,rechtspraak,tekening,IB,1902,1902,10,52.082811,4.316547,straat,https://www.nationaalarchief.nl/onderzoeken/archief/4.RGD/invnr/505.1/file/
506.1,Museum Mesdag,Laan van Meerdervoort 7f,'s-Gravenhage,Zuid-Holland,museum & paleis,tekening,IB,1938,1938,1,52.086015,4.297737,adres,https://www.nationaalarchief.nl/onderzoeken/archief/4.RGD/invnr/506.1/file/
507.1,Gebouw voor het beheer van de grote rivieren / Waterstaat,Lange Houtstraat,'s-Gravenhage,Zuid-Holland,overig,tekening,IB,1870,1880,1,52.081285,4.31542,straat,https://www.nationaalarchief.nl/onderzoeken/archief/4.RGD/invnr/507.1/file/
508.1,Wees- en Oude-Liedenhuis van de Lutherse Gemeente / Ministerie van Waterstaat,Lange Lombardstraat 40,'s-Gravenhage,Zuid-Holland,bestuur & financiën,tekening,IB,1895,1950,13,52.07507,4.30376,straat,https://www.nationaalarchief.nl/onderzoeken/archief/4.RGD/invnr/508.1/file/
509.1,Pagehuis,Lange Voorhout,'s-Gravenhage,Zuid-Holland,overig,tekening,IB,1943,1943,7,52.082545,4.312474,straat,https://www.nationaalarchief.nl/onderzoeken/archief/4.RGD/invnr/509.1/file/
510.1,Departement van Marine,Lange Voorhout,'s-Gravenhage,Zuid-Holland,militair,tekening,IB,1889,1892,4,52.082545,4.312474,straat,https://www.nationaalarchief.nl/onderzoeken/archief/4.RGD/invnr/510.1/file/
511.1,Algemene Rekenkamer,Lange Voorhout 8,'s-Gravenhage,Zuid-Holland,overig,tekening,IB,1866,1866,1,52.082545,4.312474,straat,https://www.nationaalarchief.nl/onderzoeken/archief/4.RGD/invnr/511.1/file/
512.1,Koninklijke Bibliotheek,Lange Voorhout 34 / Kazernestraat,'s-Gravenhage,Zuid-Holland,militair,tekening,IB,1874,1960,6,52.082545,4.312474,straat,https://www.nationaalarchief.nl/onderzoeken/archief/4.RGD/invnr/512.1/file/
513.1,Lange Voorhout 38,,'s-Gravenhage,Zuid-Holland,overig,tekening,IB,1928,1965,18,52.072073,4.293001,plaats,https://www.nationaalarchief.nl/onderzoeken/archief/4.RGD/invnr/513.1/file/
514.1,Paleis Lange Voorhout en aangrenzende panden,Lange Voorhout 74,'s-Gravenhage,Zuid-Holland,rechtspraak,tekening,IB,1900,1944,50,52.083401,4.314174,adres,https://www.nationaalarchief.nl/onderzoeken/archief/4.RGD/invnr/514.1/file/
515.1,'t Wachtje,Malieveld,'s-Gravenhage,Zuid-Holland,overig,tekening,IB,1945,1945,7,52.071132,4.296693,straat,https://www.nationaalarchief.nl/onderzoeken/archief/4.RGD/invnr/515.1/file/
516.1,Mauritskade 47,,'s-Gravenhage,Zuid-Holland,overig,tekening,IB,1925,1935,1,52.072073,4.293001,plaats,https://www.nationaalarchief.nl/onderzoeken/archief/4.RGD/invnr/516.1/file/
517.1,Mauritskade 55,,'s-Gravenhage,Zuid-Holland,overig,tekening,IB,1925,1935,1,52.072073,4.293001,plaats,https://www.nationaalarchief.nl/onderzoeken/archief/4.RGD/invnr/517.1/file/
518.1,Woonhuis,Jan van Nassaustraat 112,'s-Gravenhage,Zuid-Holland,woningbouw,tekening,IB,1901,1901,2,52.090525,4.3158,adres,https://www.nationaalarchief.nl/onderzoeken/archief/4.RGD/invnr/518.1/file/
519.1,Pakhuis,Nieuwe Molenstraat 10,'s-Gravenhage,Zuid-Holland,douane & opslag,tekening,IB,1923,1923,1,52.079805,4.30635,straat,https://www.nationaalarchief.nl/onderzoeken/archief/4.RGD/invnr/519.1/file/
520.1,Nieuwe Uitleg 13,,'s-Gravenhage,Zuid-Holland,overig,tekening,IB,1898,1898,1,52.072073,4.293001,plaats,https://www.nationaalarchief.nl/onderzoeken/archief/4.RGD/invnr/520.1/file/
528.1,Kantoor met winkelgebouw De Rijnstroom,Noordeinde 64,'s-Gravenhage,Zuid-Holland,bestuur & financiën,tekening,IB,1921,1921,5,52.080651,4.307326,adres,https://www.nationaalarchief.nl/onderzoeken/archief/4.RGD/invnr/528.1/file/
529.1,"Hoge Raad, Ministerie van Koloniën en Justitie",Plein,'s-Gravenhage,Zuid-Holland,bestuur & financiën,tekening,IB,1848,1848,1,52.079728,4.315212,straat,https://www.nationaalarchief.nl/onderzoeken/archief/4.RGD/invnr/529.1/file/
530.1,Departement van Koloniën,Plein 1,'s-Gravenhage,Zuid-Holland,overig,tekening,IB,1859,1936,8,52.079728,4.315212,straat,https://www.nationaalarchief.nl/onderzoeken/archief/4.RGD/invnr/530.1/file/
532.1,Hoge Raad,Plein 2,'s-Gravenhage,Zuid-Holland,overig,tekening,IB,1859,1920,5,52.079728,4.315212,straat,https://www.nationaalarchief.nl/onderzoeken/archief/4.RGD/invnr/532.1/file/
531.1,"Hoge Raad, Departement van Justitie",Plein 2/3,'s-Gravenhage,Zuid-Holland,overig,tekening,IB,1909,1909,1,52.079728,4.315212,straat,https://www.nationaalarchief.nl/onderzoeken/archief/4.RGD/invnr/531.1/file/
533.1,Departement van Justitie,Plein 3,'s-Gravenhage,Zuid-Holland,overig,tekening,IB,1870,1960,71,52.079728,4.315212,straat,https://www.nationaalarchief.nl/onderzoeken/archief/4.RGD/invnr/533.1/file/
534.1,Departement van Oorlog,Plein 4 / Kalvermarkt 28/32,'s-Gravenhage,Zuid-Holland,overig,tekening,IB,1890,1928,12,52.079728,4.315212,straat,https://www.nationaalarchief.nl/onderzoeken/archief/4.RGD/invnr/534.1/file/
535.1,Bankiershuis van de fa. Edersheim,Plein 20,'s-Gravenhage,Zuid-Holland,overig,tekening,IB,1900,1901,4,52.079728,4.315212,straat,https://www.nationaalarchief.nl/onderzoeken/archief/4.RGD/invnr/535.1/file/
536.1,Voormalig Rijksarchief / Departement van Buitenlandse Zaken,Plein 23,'s-Gravenhage,Zuid-Holland,overig,tekening,IB,1895,1942,6,52.079728,4.315212,straat,https://www.nationaalarchief.nl/onderzoeken/archief/4.RGD/invnr/536.1/file/
537.1,Mauritshuis,Plein 29,'s-Gravenhage,Zuid-Holland,overig,tekening,IB,1895,1944,6,52.079728,4.315212,straat,https://www.nationaalarchief.nl/onderzoeken/archief/4.RGD/invnr/537.1/file/
538.1,Strafgevangenis,Pompstationsweg 14-48,'s-Gravenhage,Zuid-Holland,gevangeniswezen,tekening,IB,1882,1882,6,52.108863,4.302462,adres,https://www.nationaalarchief.nl/onderzoeken/archief/4.RGD/invnr/538.1/file/
539.1,Gebouw van de Industrieëlen Eigendom / Postbank,Spaarneplein,'s-Gravenhage,Zuid-Holland,post & telegraaf,tekening,IB,1910,1920,1,52.073591,4.326391,straat,https://www.nationaalarchief.nl/onderzoeken/archief/4.RGD/invnr/539.1/file/
540.1,Van Speijkstraat 18-22,,'s-Gravenhage,Zuid-Holland,overig,tekening,IB,1925,1935,1,52.072073,4.293001,plaats,https://www.nationaalarchief.nl/onderzoeken/archief/4.RGD/invnr/540.1/file/
541.1,Van Speijkstraat 50-54-56,,'s-Gravenhage,Zuid-Holland,overig,tekening,IB,1930,1940,2,52.072073,4.293001,plaats,https://www.nationaalarchief.nl/onderzoeken/archief/4.RGD/invnr/541.1/file/
542.1,Flatgebouw,Van Stolkweg 14,'s-Gravenhage,Zuid-Holland,overig,tekening,IB,1927,1927,1,52.100718,4.282841,adres,https://www.nationaalarchief.nl/onderzoeken/archief/4.RGD/invnr/542.1/file/
543.1,Villa,Violenweg 10-12,'s-Gravenhage,Zuid-Holland,woningbouw,tekening,IB,1913,1913,2,52.103299,4.302977,straat,https://www.nationaalarchief.nl/onderzoeken/archief/4.RGD/invnr/543.1/file/
544.1,Post- en telegraafgebouw,,'s-Gravenland,Zuid-Holland,post & telegraaf,tekening,IB,1905,1935,1,52.072073,4.293001,plaats,https://www.nationaalarchief.nl/onderzoeken/archief/4.RGD/invnr/544.1/file/
545.1,Politiebureau met dienstwoning en brandweergarage,Marktplein 15-16,'s-Gravenzande,Zuid-Holland,politie,tekening,IB,1938,1938,1,52.002828,4.162155,straat,https://www.nationaalarchief.nl/onderzoeken/archief/4.RGD/invnr/545.1/file/
546.1,Post- en telegraafgebouw,Vaartplein 1,'s-Gravenzande,Zuid-Holland,post & telegraaf,tekening,IB,1908,1928,2,52.003824,4.162078,straat,https://www.nationaalarchief.nl/onderzoeken/archief/4.RGD/invnr/546.1/file/
547.1,Kantongerecht,Maliebaan 8,Groenlo,Gelderland,rechtspraak,tekening,IB,1908,1935,2,52.043661,6.618867,adres,https://www.nationaalarchief.nl/onderzoeken/archief/4.RGD/invnr/547.1/file/
548.1,Doofstommeninstituut,,Groningen,Groningen,overig,tekening,IB,1885,1895,1,53.218592,6.620635,plaats,https://www.nationaalarchief.nl/onderzoeken/archief/4.RGD/invnr/548.1/file/
549.1,Geologisch-mineralogisch laboratorium,,Groningen,Groningen,onderwijs & wetenschap,tekening,IB,1910,1920,3,53.218592,6.620635,plaats,https://www.nationaalarchief.nl/onderzoeken/archief/4.RGD/invnr/549.1/file/
550.1,Hypotheek- en kadastergebouw,,Groningen,Groningen,bestuur & financiën,tekening,IB,1881,1916,5,53.218592,6.620635,plaats,https://www.nationaalarchief.nl/onderzoeken/archief/4.RGD/invnr/550.1/file/
551.1,Marechausseekazerne,,Groningen,Groningen,politie,tekening,IB,1924,1924,3,53.218592,6.620635,plaats,https://www.nationaalarchief.nl/onderzoeken/archief/4.RGD/invnr/551.1/file/
552.1,Stalgebouw bij Marechausseekazerne,,Groningen,Groningen,politie,tekening,IB,1920,1920,1,53.218592,6.620635,plaats,https://www.nationaalarchief.nl/onderzoeken/archief/4.RGD/invnr/552.1/file/
553.1,Militair hospitaal,,Groningen,Groningen,militair,tekening,IB,1925,1935,1,53.218592,6.620635,plaats,https://www.nationaalarchief.nl/onderzoeken/archief/4.RGD/invnr/553.1/file/
554.1,Academiegebouw,Broerstraat,Groningen,Groningen,onderwijs & wetenschap,tekening,IB,1910,1920,3,53.219122,6.5634,straat,https://www.nationaalarchief.nl/onderzoeken/archief/4.RGD/invnr/554.1/file/
555.1,Woonhuis met kantoren voor de fa. Veeger en Co. / Belastinggebouw,Otto Eerelmanstraat 11-11a,Groningen,Groningen,bestuur & financiën,tekening,IB,1925,1925,2,53.218634,6.553062,adres,https://www.nationaalarchief.nl/onderzoeken/archief/4.RGD/invnr/555.1/file/
556.1,Bewaarderswoningen voor de gevangenis,Engelsekamp 5,Groningen,Groningen,gevangeniswezen,tekening,IB,1930,1940,1,53.214156,6.556929,adres,https://www.nationaalarchief.nl/onderzoeken/archief/4.RGD/invnr/556.1/file/
557.1,Hoofdwacht,Grote Markt,Groningen,Groningen,overig,tekening,IB,,,23,53.218376,6.567652,straat,https://www.nationaalarchief.nl/onderzoeken/archief/4.RGD/invnr/557.1/file/
559.1,Schietbaan,Hereweg 99,Groningen,Groningen,overig,tekening,IB,1925,1925,2,53.202886,6.573593,adres,https://www.nationaalarchief.nl/onderzoeken/archief/4.RGD/invnr/559.1/file/
560.1,"Gevangenis, Mesdagkliniek",Hereweg 128,Groningen,Groningen,gevangeniswezen,tekening,IB,1870,1880,17,53.202128,6.578542,adres,https://www.nationaalarchief.nl/onderzoeken/archief/4.RGD/invnr/560.1/file/
561.1,Bewaarderswoningen voor de gevangenis,Hereweg 126-144,Groningen,Groningen,gevangeniswezen,tekening,IB,1893,1939,3,53.202751,6.576225,adres,https://www.nationaalarchief.nl/onderzoeken/archief/4.RGD/invnr/561.1/file/
562.1,Huis van bewaring,Hereweg 145,Groningen,Groningen,gevangeniswezen,tekening,IB,1903,1904,7,53.19543,6.581272,adres,https://www.nationaalarchief.nl/onderzoeken/archief/4.RGD/invnr/562.1/file/
563.1,Ambtenaarswoningen bij het huis van bewaring,Hereweg 146-162,Groningen,Groningen,gevangeniswezen,tekening,IB,1903,1903,1,53.194354,6.58282,adres,https://www.nationaalarchief.nl/onderzoeken/archief/4.RGD/invnr/563.1/file/
564.1,Zeevaartschool / Belastingkantoor,Hofstede de Grootkade 12-13,Groningen,Groningen,onderwijs & wetenschap,tekening,IB,1919,1939,56,53.21888,6.553188,adres,https://www.nationaalarchief.nl/onderzoeken/archief/4.RGD/invnr/564.1/file/
565.1,Gouvernementsgebouw / Rijksarchief / Gemeentearchief,St.-Jansstraat 2,Groningen,Groningen,bestuur & financiën,tekening,IB,1914,1922,17,53.219564,6.570588,straat,https://www.nationaalarchief.nl/onderzoeken/archief/4.RGD/invnr/565.1/file/
566.1,Kantongerecht,Kattenhage 1,Groningen,Groningen,rechtspraak,tekening,IB,1910,1910,4,53.22158,6.568205,straat,https://www.nationaalarchief.nl/onderzoeken/archief/4.RGD/invnr/566.1/file/
567.1,Universiteitsbibliotheek,Kijk in 't Jatstraat / Poststraat,Groningen,Groningen,post & telegraaf,tekening,IB,1896,1897,47,53.223174,6.558816,straat,https://www.nationaalarchief.nl/onderzoeken/archief/4.RGD/invnr/567.1/file/
568.1,Post- en telegraafgebouw,Munnekeholm 1,Groningen,Groningen,post & telegraaf,tekening,IB,1908,1940,7,53.215497,6.561938,straat,https://www.nationaalarchief.nl/onderzoeken/archief/4.RGD/invnr/568.1/file/
569.1,Academisch ziekenhuis,Munnekeholm / Schuitemakersstraat / Reitemakersreige / rond Emmaplein,Groningen,Groningen,zorg,tekening,IB,,,15,53.215497,6.561938,straat,https://www.nationaalarchief.nl/onderzoeken/archief/4.RGD/invnr/569.1/file/
571.1,Rechtbank,Oude Boteringestraat 36-38,Groningen,Groningen,rechtspraak,tekening,IB,1917,1949,29,53.219832,6.563839,adres,https://www.nationaalarchief.nl/onderzoeken/archief/4.RGD/invnr/571.1/file/
572.1,Commissariswoning,Oude Boteringestraat 44,Groningen,Groningen,woningbouw,tekening,IB,1939,1949,1,53.220077,6.563653,adres,https://www.nationaalarchief.nl/onderzoeken/archief/4.RGD/invnr/572.1/file/
573.1,IJkkantoor,Oude Boteringestraat 63,Groningen,Groningen,bestuur & financiën,tekening,IB,1931,1931,1,53.220613,6.5635,adres,https://www.nationaalarchief.nl/onderzoeken/archief/4.RGD/invnr/573.1/file/
574.1,Arbeidsinspectie,Parklaan 1,Groningen,Groningen,overig,tekening,IB,1930,1940,1,53.211742,6.572827,straat,https://www.nationaalarchief.nl/onderzoeken/archief/4.RGD/invnr/574.1/file/
575.1,Rijkskweekschool,Pelsterstraat,Groningen,Groningen,onderwijs & wetenschap,tekening,IB,1870,1880,2,53.216202,6.566789,straat,https://www.nationaalarchief.nl/onderzoeken/archief/4.RGD/invnr/575.1/file/
576.1,Landhuis van J.B. van Dam,Verlengde Hereweg,Groningen,Groningen,woningbouw,tekening,IB,1927,1927,5,53.194383,6.582131,straat,https://www.nationaalarchief.nl/onderzoeken/archief/4.RGD/invnr/576.1/file/
577.1,Bodemkundig Instituut / Directie Belastingen,Verlengde Oosterweg / Kemkesberg,Groningen,Groningen,bestuur & financiën,tekening,IB,1930,1938,16,53.207742,6.577677,straat,https://www.nationaalarchief.nl/onderzoeken/archief/4.RGD/invnr/577.1/file/
578.1,Automatische telefooncentrale,Burggravervoetpad 1,Gulpen,Limburg,post & telegraaf,tekening,IB,1937,1937,1,50.819661,5.896242,straat,https://www.nationaalarchief.nl/onderzoeken/archief/4.RGD/invnr/578.1/file/
579.1,Stationspostgebouw,Baljuwstraat 2-4,Haarlem,Noord-Holland,overig,tekening,IB,1938,1939,5,52.386438,4.624405,adres,https://www.nationaalarchief.nl/onderzoeken/archief/4.RGD/invnr/579.1/file/
580.1,Post- en telegraafgebouw met dienstwoningen,Gedempte Oude Gracht / Raaks,Haarlem,Noord-Holland,post & telegraaf,tekening,IB,1919,1940,237,52.379419,4.633614,straat,https://www.nationaalarchief.nl/onderzoeken/archief/4.RGD/invnr/580.1/file/
581.1,"Verzekeringsmaatschappij De Nederlanden van 1845, huurcommissie",Gedempte Oude Gracht 60,Haarlem,Noord-Holland,overig,tekening,IB,1930,1930,1,52.380439,4.632299,adres,https://www.nationaalarchief.nl/onderzoeken/archief/4.RGD/invnr/581.1/file/
582.1,Gedempte Voldersgracht,,Haarlem,Noord-Holland,overig,tekening,IB,1887,1887,1,52.383417,4.64753,plaats,https://www.nationaalarchief.nl/onderzoeken/archief/4.RGD/invnr/582.1/file/
583.1,Vleeshal e.o. / Rijksarchief,Grote Markt / Lepelstraat / Spekstraat,Haarlem,Noord-Holland,overig,tekening,IB,1893,1930,11,52.381589,4.635996,straat,https://www.nationaalarchief.nl/onderzoeken/archief/4.RGD/invnr/583.1/file/
584.1,"Strafgevangenis, kerk, woningen en administratiegebouw",Harmjansweg 2,Haarlem,Noord-Holland,gevangeniswezen,tekening,IB,,,92,52.386468,4.624475,adres,https://www.nationaalarchief.nl/onderzoeken/archief/4.RGD/invnr/584.1/file/
586.1,Gouvernementsgebouw / Rijksarchief / Rijksdienstengebouw / Rijksgebouwendienst / Kantongerecht,Jansstraat 46 / Ceciliasteeg 12,Haarlem,Noord-Holland,rechtspraak,tekening,IB,1845,1939,45,52.382773,4.63789,adres,https://www.nationaalarchief.nl/onderzoeken/archief/4.RGD/invnr/586.1/file/
587.1,Arrondissementsrechtbank,Jansstraat 81,Haarlem,Noord-Holland,rechtspraak,tekening,IB,1888,1934,23,52.381895,4.637892,adres,https://www.nationaalarchief.nl/onderzoeken/archief/4.RGD/invnr/587.1/file/
588.1,Belastinggebouw / Gebouw voor de Landinrichting,Klein Heiligland 84,Haarlem,Noord-Holland,bestuur & financiën,tekening,IB,1900,1937,32,52.376647,4.632451,adres,https://www.nationaalarchief.nl/onderzoeken/archief/4.RGD/invnr/588.1/file/
589.1,Weeshuis van de Doopsgezinden / Gewestelijk Arbeidsbureau / Rijksarchief,Kleine Houtweg 18,Haarlem,Noord-Holland,bestuur & financiën,tekening,IB,1865,1875,1,52.374853,4.634318,adres,https://www.nationaalarchief.nl/onderzoeken/archief/4.RGD/invnr/589.1/file/
590.1,Pedagogische academie,Leidsevaart,Haarlem,Noord-Holland,onderwijs & wetenschap,tekening,IB,1900,1910,9,52.371219,4.618302,straat,https://www.nationaalarchief.nl/onderzoeken/archief/4.RGD/invnr/590.1/file/
591.1,Woning van de Commissaris van de Koningin / Provinciale Waterstaat,Nieuwe Gracht,Haarlem,Noord-Holland,woningbouw,tekening,IB,1925,1935,1,52.385173,4.636272,straat,https://www.nationaalarchief.nl/onderzoeken/archief/4.RGD/invnr/591.1/file/
592.1,Hypotheek- en kadastergebouw / Rijks Geologische Dienst,Nieuwe Gracht 13,Haarlem,Noord-Holland,bestuur & financiën,tekening,IB,1910,1920,3,52.384718,4.636703,adres,https://www.nationaalarchief.nl/onderzoeken/archief/4.RGD/invnr/592.1/file/
593.1,Huis van bewaring,Oostvest 22,Haarlem,Noord-Holland,gevangeniswezen,tekening,IB,1901,1904,10,52.382961,4.646854,adres,https://www.nationaalarchief.nl/onderzoeken/archief/4.RGD/invnr/593.1/file/
594.1,Versterkerstation / Postautogarage,Oranjestraat,Haarlem,Noord-Holland,post & telegraaf,tekening,IB,1933,1935,3,52.380767,4.622607,straat,https://www.nationaalarchief.nl/onderzoeken/archief/4.RGD/invnr/594.1/file/
595.1,Woning van de Commissaris van de Koningin,Paviljoenslaan,Haarlem,Noord-Holland,woningbouw,tekening,IB,1893,1903,2,52.371345,4.631,straat,https://www.nationaalarchief.nl/onderzoeken/archief/4.RGD/invnr/595.1/file/
596.1,Paviljoen Welgelegen / Provinciehuis,Paviljoenslaan 5 / Dreef 3,Haarlem,Noord-Holland,bestuur & financiën,tekening,IB,1870,1945,23,52.371501,4.632,adres,https://www.nationaalarchief.nl/onderzoeken/archief/4.RGD/invnr/596.1/file/
597.1,Bijpostkantoor,Schoterweg 92-94,Haarlem,Noord-Holland,bestuur & financiën,tekening,IB,1935,1935,11,52.393288,4.640533,adres,https://www.nationaalarchief.nl/onderzoeken/archief/4.RGD/invnr/597.1/file/
598.1,School voor lager onderwijs / Rijkswerkplaats voor vakontwikkeling / Rijks Geologische Dienst,Spaarnwouderstraat 12,Haarlem,Noord-Holland,onderwijs & wetenschap,tekening,IB,1906,1925,2,52.379837,4.642661,straat,https://www.nationaalarchief.nl/onderzoeken/archief/4.RGD/invnr/598.1/file/
599.1,Woonhuizen,Statenbolwerk 10-16,Haarlem,Noord-Holland,overig,tekening,IB,1885,1895,2,52.369275,4.604585,adres,https://www.nationaalarchief.nl/onderzoeken/archief/4.RGD/invnr/599.1/file/
600.1,Bijpostkantoor,Tempelierstraat 71,Haarlem,Noord-Holland,bestuur & financiën,tekening,IB,1931,1940,3,52.356891,4.64442,adres,https://www.nationaalarchief.nl/onderzoeken/archief/4.RGD/invnr/600.1/file/
601.1,Gebouw voor de invoerrechten en accijnzen,Zomerluststraat 22,Haarlem,Noord-Holland,douane & opslag,tekening,IB,1936,1936,2,52.368271,4.619247,straat,https://www.nationaalarchief.nl/onderzoeken/archief/4.RGD/invnr/601.1/file/
602.1,Post- en telegraafgebouw,Amsterdamse Straatweg,Halfweg,Noord-Holland,post & telegraaf,tekening,IB,1936,1936,1,52.386282,4.735494,straat,https://www.nationaalarchief.nl/onderzoeken/archief/4.RGD/invnr/602.1/file/
603.1,Post- en telegraafgebouw,"Hoofdweg 663, Hoofddorp",Haarlemmermeer,Noord-Holland,post & telegraaf,tekening,IB,1905,1915,1,52.307836,4.695133,adres,https://www.nationaalarchief.nl/onderzoeken/archief/4.RGD/invnr/603.1/file/
604.1,Telefoongebouw,"Kruisweg, Hoofddorp",Haarlemmermeer,Noord-Holland,post & telegraaf,tekening,IB,1936,1936,6,52.275166,4.748711,straat,https://www.nationaalarchief.nl/onderzoeken/archief/4.RGD/invnr/604.1/file/
605.1,Kantongerecht / Belastinggebouw,"Raadhuislaan 2, Hoofddorp",Haarlemmermeer,Noord-Holland,rechtspraak,tekening,IB,1880,1934,11,52.307573,4.688471,straat,https://www.nationaalarchief.nl/onderzoeken/archief/4.RGD/invnr/605.1/file/
606.1,Zendgebouw met dienstwoning,"Spaarnwouderdwarsweg, Hoofddorp",Haarlemmermeer,Noord-Holland,woningbouw,tekening,IB,1920,1945,10,52.385459,4.715728,straat,https://www.nationaalarchief.nl/onderzoeken/archief/4.RGD/invnr/606.1/file/
607.1,Raadhuis,,Halsteren,Noord-Brabant,bestuur & financiën,tekening,IB,1939,1939,1,51.525639,4.269165,plaats,https://www.nationaalarchief.nl/onderzoeken/archief/4.RGD/invnr/607.1/file/
608.1,St.-Quirinuskerk,,Halsteren,Noord-Brabant,kerk & religie,tekening,IB,1900,1938,12,51.525639,4.269165,plaats,https://www.nationaalarchief.nl/onderzoeken/archief/4.RGD/invnr/608.1/file/
609.1,Post- en telegraafgebouw,"Hoofdstraat, Vroomshoop",Den Ham,Overijssel,post & telegraaf,tekening,IB,1920,1932,3,52.465131,6.547659,straat,https://www.nationaalarchief.nl/onderzoeken/archief/4.RGD/invnr/609.1/file/
610.1,Post- en telegraafgebouw,Voorstraat 38,Hardenberg,Overijssel,post & telegraaf,tekening,IB,1905,1905,12,52.575336,6.616175,adres,https://www.nationaalarchief.nl/onderzoeken/archief/4.RGD/invnr/610.1/file/
611.1,Post- en telegraafgebouw,Peulenstraat,Hardinxveld-Giessendam,Zuid-Holland,post & telegraaf,tekening,IB,1935,1935,1,51.826576,4.834069,straat,https://www.nationaalarchief.nl/onderzoeken/archief/4.RGD/invnr/611.1/file/
612.1,Telefoongebouw,Botanicuslaan 18a,Haren,Noord-Brabant,post & telegraaf,tekening,IB,1936,1939,34,53.176103,6.603123,adres,https://www.nationaalarchief.nl/onderzoeken/archief/4.RGD/invnr/612.1/file/
613.1,Telefooncentrale,,Harlingen,Fryslân,post & telegraaf,tekening,IB,1936,1937,21,53.143095,5.267596,plaats,https://www.nationaalarchief.nl/onderzoeken/archief/4.RGD/invnr/613.1/file/
614.1,Post- en telegraafgebouw,Grote Bredeplaats 6,Harlingen,Fryslân,post & telegraaf,tekening,IB,1895,1939,28,53.17494,5.414935,straat,https://www.nationaalarchief.nl/onderzoeken/archief/4.RGD/invnr/614.1/file/
615.1,Kantongerecht / Belastinggebouw,Havenplein 1,Harlingen,Fryslân,rechtspraak,tekening,IB,1884,1935,11,53.174978,5.412623,straat,https://www.nationaalarchief.nl/onderzoeken/archief/4.RGD/invnr/615.1/file/
616.1,Rijks-h.b.s,Stationsweg 5,Harlingen,Fryslân,onderwijs & wetenschap,tekening,IB,1926,1954,105,53.170749,5.425168,straat,https://www.nationaalarchief.nl/onderzoeken/archief/4.RGD/invnr/616.1/file/
617.1,Post- en telegraafgebouw,Kerkstraat,Hattum,,post & telegraaf,tekening,IB,1932,1932,1,52.474711,6.068154,straat,https://www.nationaalarchief.nl/onderzoeken/archief/4.RGD/invnr/617.1/file/
618.1,Kasteel Assumburg,Tolweg,Heemskerk,Noord-Holland,overig,tekening,IB,1935,1944,75,52.505426,4.68171,straat,https://www.nationaalarchief.nl/onderzoeken/archief/4.RGD/invnr/618.1/file/
619.1,"Post- en telegraafgebouw, telefoongebouw",Raadhuisstraat,Heemstede,Noord-Holland,post & telegraaf,tekening,IB,1921,1939,18,52.348531,4.620817,straat,https://www.nationaalarchief.nl/onderzoeken/archief/4.RGD/invnr/619.1/file/
620.1,Marechausseekazerne,Burg. Falkenaweg,Heerenveen,Fryslân,politie,tekening,IB,1932,1933,7,52.950725,5.93446,straat,https://www.nationaalarchief.nl/onderzoeken/archief/4.RGD/invnr/620.1/file/
621.1,Rijks-h.b.s. c.a,Fok 31,Heerenveen,Fryslân,onderwijs & wetenschap,tekening,IB,1875,1933,49,52.964692,5.915211,adres,https://www.nationaalarchief.nl/onderzoeken/archief/4.RGD/invnr/621.1/file/
622.1,Post- en telegraafgebouw,Van Harenspad 8,Heerenveen,Fryslân,post & telegraaf,tekening,IB,1913,1916,3,52.960277,5.924382,straat,https://www.nationaalarchief.nl/onderzoeken/archief/4.RGD/invnr/622.1/file/
623.1,Belastinggebouw,Van Harenspad 44-46,Heerenveen,Fryslân,bestuur & financiën,tekening,IB,1900,1910,1,52.960076,5.924072,adres,https://www.nationaalarchief.nl/onderzoeken/archief/4.RGD/invnr/623.1/file/
624.1,Huis van bewaring / Arrondissementsrechtbank / Kantongerecht,"K.R. Poststraat 10, achter Crackstate",Heerenveen,Fryslân,gevangeniswezen,tekening,IB,1840,1892,5,52.963936,5.928574,straat,https://www.nationaalarchief.nl/onderzoeken/archief/4.RGD/invnr/624.1/file/
625.1,Telefoongebouw,K.R. Poststraat,Heerenveen,Fryslân,post & telegraaf,tekening,IB,1937,1938,38,52.963936,5.928574,straat,https://www.nationaalarchief.nl/onderzoeken/archief/4.RGD/invnr/625.1/file/
626.1,Stationspostlokaal,Stationsemplacement,Heerenveen,Fryslân,militair,tekening,IB,1925,1935,3,52.974689,5.916755,straat,https://www.nationaalarchief.nl/onderzoeken/archief/4.RGD/invnr/626.1/file/
627.1,Post- en telegraafgebouw,,Heerlen,Limburg,post & telegraaf,tekening,IB,1905,1915,9,50.893323,5.969434,plaats,https://www.nationaalarchief.nl/onderzoeken/archief/4.RGD/invnr/627.1/file/
628.1,Woonhuis van Dr. Ottenhoff,Akerstraat,Heerlen,Limburg,woningbouw,tekening,IB,1918,1918,2,50.882294,5.983819,straat,https://www.nationaalarchief.nl/onderzoeken/archief/4.RGD/invnr/628.1/file/
629.1,P.T.T.-gebouw,Honingstraat 42,Heerlen,Limburg,overig,tekening,IB,1933,1955,6,50.889089,5.984927,adres,https://www.nationaalarchief.nl/onderzoeken/archief/4.RGD/invnr/629.1/file/
630.1,Kantongerecht,Saroleastraat 35,Heerlen,Limburg,rechtspraak,tekening,IB,1907,1908,9,50.888662,5.97756,straat,https://www.nationaalarchief.nl/onderzoeken/archief/4.RGD/invnr/630.1/file/
631.1,Post- en telegraafgebouw,Schinkelstraat,Heerlen,Limburg,post & telegraaf,tekening,IB,1933,1934,97,50.888057,5.974428,straat,https://www.nationaalarchief.nl/onderzoeken/archief/4.RGD/invnr/631.1/file/
632.1,Kweekschool van vroedvrouwen,Zandweg 180,Heerlen,Limburg,onderwijs & wetenschap,tekening,IB,1920,1934,34,50.864659,5.992474,straat,https://www.nationaalarchief.nl/onderzoeken/archief/4.RGD/invnr/632.1/file/
633.1,Hulppost- en telegraafgebouw,J. Deckersstraat 29,Heeze,Noord-Brabant,post & telegraaf,tekening,IB,1919,1935,4,51.378297,5.5785,adres,https://www.nationaalarchief.nl/onderzoeken/archief/4.RGD/invnr/633.1/file/
634.1,Algemeen,,Den Helder,Noord-Holland,overig,tekening,IB,1895,1934,3,52.939976,4.785225,plaats,https://www.nationaalarchief.nl/onderzoeken/archief/4.RGD/invnr/634.1/file/
635.1,Douche-inrichting,,Den Helder,Noord-Holland,overig,tekening,IB,1915,1925,1,52.939976,4.785225,plaats,https://www.nationaalarchief.nl/onderzoeken/archief/4.RGD/invnr/635.1/file/
636.1,Provoostgebouw,,Den Helder,Noord-Holland,overig,tekening,IB,1925,1935,1,52.939976,4.785225,plaats,https://www.nationaalarchief.nl/onderzoeken/archief/4.RGD/invnr/636.1/file/
637.1,K.N.M.I,,Den Helder,Noord-Holland,overig,tekening,IB,,,7,52.939976,4.785225,plaats,https://www.nationaalarchief.nl/onderzoeken/archief/4.RGD/invnr/637.1/file/
640.1,Sportterrein,Ankerpark,Den Helder,Noord-Holland,overig,tekening,IB,1925,1935,1,52.957011,4.775036,straat,https://www.nationaalarchief.nl/onderzoeken/archief/4.RGD/invnr/640.1/file/
641.1,Kazernement voor de onderzeedienst / Mijnendienst,Bassingracht,Den Helder,Noord-Holland,militair,tekening,IB,,,121,52.952643,4.777101,straat,https://www.nationaalarchief.nl/onderzoeken/archief/4.RGD/invnr/641.1/file/
656.1,Telefoongebouw,Boerhavestraat 15,Den Helder,Noord-Holland,post & telegraaf,tekening,IB,1938,1938,71,52.946288,4.773245,adres,https://www.nationaalarchief.nl/onderzoeken/archief/4.RGD/invnr/656.1/file/
657.1,Fort op de Harsens,Harsenseiland,Den Helder,Noord-Holland,militair,tekening,IB,1883,1884,5,52.936614,4.770536,straat,https://www.nationaalarchief.nl/onderzoeken/archief/4.RGD/invnr/657.1/file/
658.1,Torengebouw / Marine Museum,Hoofdgracht / Rijkswerf,Den Helder,Noord-Holland,militair,tekening,IB,1939,1939,1,52.96442,4.772358,straat,https://www.nationaalarchief.nl/onderzoeken/archief/4.RGD/invnr/658.1/file/
659.1,Marinezwembad,Hoofdgracht / Rijkswerf,Den Helder,Noord-Holland,militair,tekening,IB,1917,1933,126,52.96442,4.772358,straat,https://www.nationaalarchief.nl/onderzoeken/archief/4.RGD/invnr/659.1/file/
660.1,Gymnastieklokaal en Sportschool,Hoofdgracht / Rijkswerf,Den Helder,Noord-Holland,onderwijs & wetenschap,tekening,IB,1920,1930,16,52.96442,4.772358,straat,https://www.nationaalarchief.nl/onderzoeken/archief/4.RGD/invnr/660.1/file/
661.1,Station voor draadloze telegrafie bij de Onderzeedienst / Archiefgebouwtje,Burg. Houwingsingel 6,Den Helder,Noord-Holland,overig,tekening,IB,1919,1919,1,52.950281,4.768643,straat,https://www.nationaalarchief.nl/onderzoeken/archief/4.RGD/invnr/661.1/file/
662.1,Kantongerecht/Kantoor voor registratie en domeinen,Kerkgracht 4,Den Helder,Noord-Holland,rechtspraak,tekening,IB,1911,1938,10,52.962404,4.756655,straat,https://www.nationaalarchief.nl/onderzoeken/archief/4.RGD/invnr/662.1/file/
663.1,Belastingkantoor,Koningsplein,Den Helder,Noord-Holland,bestuur & financiën,tekening,IB,1897,1910,4,52.9626,4.760222,straat,https://www.nationaalarchief.nl/onderzoeken/archief/4.RGD/invnr/663.1/file/
664.1,HMs. Vliegkamp de Kooy,De Kooy,Den Helder,Noord-Holland,overig,tekening,IB,,,14,52.936614,4.770536,straat,https://www.nationaalarchief.nl/onderzoeken/archief/4.RGD/invnr/664.1/file/
666.1,Commandementsgebouw en dienstwoning,Het Nieuwe Diep 3-7,Den Helder,Noord-Holland,woningbouw,tekening,IB,1880,1935,47,52.95464,4.77859,straat,https://www.nationaalarchief.nl/onderzoeken/archief/4.RGD/invnr/666.1/file/
667.1,Koninklijk Instituut voor de Marine / Marine hospitaal,Het Nieuwe Diep 8-10,Den Helder,Noord-Holland,militair,tekening,IB,,,234,52.96133,4.77302,adres,https://www.nationaalarchief.nl/onderzoeken/archief/4.RGD/invnr/667.1/file/
680.1,Onderzeedienstkazerne Buitenveld / Manschappengebouw,Het Nieuwe Diep 12,Den Helder,Noord-Holland,militair,tekening,IB,1914,1914,8,52.95464,4.77859,straat,https://www.nationaalarchief.nl/onderzoeken/archief/4.RGD/invnr/680.1/file/
681.1,Atjeh-loods,Het Nieuwe Diep 34b,Den Helder,Noord-Holland,douane & opslag,tekening,IB,1904,1904,10,52.953473,4.779933,adres,https://www.nationaalarchief.nl/onderzoeken/archief/4.RGD/invnr/681.1/file/
682.1,Acculaadstation,Het Nieuwe Diep 36-38,Den Helder,Noord-Holland,overig,tekening,IB,1932,1938,9,52.95464,4.77859,straat,https://www.nationaalarchief.nl/onderzoeken/archief/4.RGD/invnr/682.1/file/
683.1,Fort Oostoever / Mijnenbergplaatsen,Het Nieuwe Diep,Den Helder,Noord-Holland,militair,tekening,IB,1856,1938,97,52.95464,4.77859,straat,https://www.nationaalarchief.nl/onderzoeken/archief/4.RGD/invnr/683.1/file/
684.1,Verspermagazijn mijnen- bestrijdingsstelplaats / Steiger,Nieuwe Haven,Den Helder,Noord-Holland,douane & opslag,tekening,IB,,,84,52.956099,4.772782,straat,https://www.nationaalarchief.nl/onderzoeken/archief/4.RGD/invnr/684.1/file/
690.1,Pyrotechnische werkplaatsen,Nieuwe Haven,Den Helder,Noord-Holland,waterstaat & techniek,tekening,IB,,,158,52.956099,4.772782,straat,https://www.nationaalarchief.nl/onderzoeken/archief/4.RGD/invnr/690.1/file/
693.1,Fort Westoever,Rijksweg,Den Helder,Noord-Holland,militair,tekening,IB,1915,1915,1,52.917796,4.793146,straat,https://www.nationaalarchief.nl/onderzoeken/archief/4.RGD/invnr/693.1/file/
694.1,Opzichterswoning,"Kijkduin, Huisduinen",Den Helder,Noord-Holland,woningbouw,tekening,IB,1920,1930,2,52.936614,4.770536,straat,https://www.nationaalarchief.nl/onderzoeken/archief/4.RGD/invnr/694.1/file/
695.1,Post- en telegraafgebouw,"Stationsplein, Nijverdal",Hellendoorn,Overijssel,post & telegraaf,tekening,IB,1929,1929,2,52.379436,6.456687,straat,https://www.nationaalarchief.nl/onderzoeken/archief/4.RGD/invnr/695.1/file/
696.1,Post- en telegraafgebouw,Opzomerlaan 5,Hellevoetsluis,Zuid-Holland,post & telegraaf,tekening,IB,1890,1935,2,51.834962,4.089811,adres,https://www.nationaalarchief.nl/onderzoeken/archief/4.RGD/invnr/696.1/file/
697.1,Mijnenmagazijn,Tramhaven,Hellevoetsluis,Zuid-Holland,douane & opslag,tekening,IB,1905,1922,10,51.846654,4.159198,straat,https://www.nationaalarchief.nl/onderzoeken/archief/4.RGD/invnr/697.1/file/
698.1,Belastinggebouw,Markt,Helmond,Noord-Brabant,bestuur & financiën,tekening,IB,1910,1928,2,51.479894,5.656261,straat,https://www.nationaalarchief.nl/onderzoeken/archief/4.RGD/invnr/698.1/file/
699.1,Rijks-h.b.s. c.a,Molenstraat 191,Helmond,Noord-Brabant,onderwijs & wetenschap,tekening,IB,1877,1920,5,51.478546,5.661714,adres,https://www.nationaalarchief.nl/onderzoeken/archief/4.RGD/invnr/699.1/file/
700.1,Telefoongebouw,Watermolenwal 15,Helmond,Noord-Brabant,post & telegraaf,tekening,IB,1954,1954,1,51.481424,5.655434,straat,https://www.nationaalarchief.nl/onderzoeken/archief/4.RGD/invnr/700.1/file/
701.1,Post- en telegraafgebouw,Watermolenwal 16,Helmond,Noord-Brabant,post & telegraaf,tekening,IB,1954,1954,3,51.481424,5.655434,straat,https://www.nationaalarchief.nl/onderzoeken/archief/4.RGD/invnr/701.1/file/
702.1,Kantongerecht,Weg op de Heuvel 9-11,Helmond,Noord-Brabant,rechtspraak,tekening,IB,1904,1907,4,51.476641,5.658944,straat,https://www.nationaalarchief.nl/onderzoeken/archief/4.RGD/invnr/702.1/file/
703.1,Post- en telegraafgebouw,Dorpsstraat,Hengelo (Gld),Gelderland,post & telegraaf,tekening,IB,1916,1930,2,52.040696,6.332023,straat,https://www.nationaalarchief.nl/onderzoeken/archief/4.RGD/invnr/703.1/file/
704.1,Marechausseekazerne,,Hengelo (O),Overijssel,politie,tekening,IB,1933,1933,1,52.254906,6.778194,plaats,https://www.nationaalarchief.nl/onderzoeken/archief/4.RGD/invnr/704.1/file/
705.1,"Belastinggebouw, woning van de inspecteur",Ansinkweg 1,Hengelo (O),Overijssel,bestuur & financiën,tekening,IB,1926,1938,8,52.284243,6.83536,straat,https://www.nationaalarchief.nl/onderzoeken/archief/4.RGD/invnr/705.1/file/
706.1,Magazijn van de technische dienst,B.F. Hofstedestraat,Hengelo (O),Overijssel,douane & opslag,tekening,IB,1933,1933,1,52.263632,6.795359,straat,https://www.nationaalarchief.nl/onderzoeken/archief/4.RGD/invnr/706.1/file/
707.1,Belastingkantoor / Telefoongebouw / Post- en telegraafgebouw,Enschedesestraat / B.F. Hofstedestraat,Hengelo (O),Overijssel,post & telegraaf,tekening,IB,1931,1939,11,52.256459,6.811898,straat,https://www.nationaalarchief.nl/onderzoeken/archief/4.RGD/invnr/707.1/file/
708.1,"Telefoongebouw, belastinggebouw",Enschedesestraat 50,Hengelo (O),Overijssel,post & telegraaf,tekening,IB,1931,1933,16,52.256459,6.811898,straat,https://www.nationaalarchief.nl/onderzoeken/archief/4.RGD/invnr/708.1/file/
709.1,Hypotheek- en kadastergebouw,,'s-Hertogenbosch,Noord-Brabant,bestuur & financiën,tekening,IB,1910,1920,1,51.716809,5.351926,plaats,https://www.nationaalarchief.nl/onderzoeken/archief/4.RGD/invnr/709.1/file/
710.1,Districtscentrale,Prins Bernhardstraat 12,'s-Hertogenbosch,Noord-Brabant,overig,tekening,IB,1935,1936,18,51.685455,5.30314,straat,https://www.nationaalarchief.nl/onderzoeken/archief/4.RGD/invnr/710.1/file/
711.1,Spoorwegpostgebouw,Boschveldweg 2 / Parallelweg,'s-Hertogenbosch,Noord-Brabant,overig,tekening,IB,1934,1938,37,51.693235,5.295407,straat,https://www.nationaalarchief.nl/onderzoeken/archief/4.RGD/invnr/711.1/file/
712.1,Rijks-h.b.s,Hekellaan 4,'s-Hertogenbosch,Noord-Brabant,onderwijs & wetenschap,tekening,IB,1903,1908,13,51.685425,5.313458,straat,https://www.nationaalarchief.nl/onderzoeken/archief/4.RGD/invnr/712.1/file/
713.1,Villa voor dr. G. de Gruyter,Koningsweg 2,'s-Hertogenbosch,Noord-Brabant,woningbouw,tekening,IB,1930,1930,4,51.68622,5.29386,straat,https://www.nationaalarchief.nl/onderzoeken/archief/4.RGD/invnr/713.1/file/
714.1,Herenhuizen/Ontvangstkantoor der belastingen,Koningsweg 40,'s-Hertogenbosch,Noord-Brabant,bestuur & financiën,tekening,IB,1919,1919,4,51.686146,5.294115,adres,https://www.nationaalarchief.nl/onderzoeken/archief/4.RGD/invnr/714.1/file/
715.1,Telefoongebouw,De Mortel,'s-Hertogenbosch,Noord-Brabant,post & telegraaf,tekening,IB,1935,1936,12,51.685502,5.304154,straat,https://www.nationaalarchief.nl/onderzoeken/archief/4.RGD/invnr/715.1/file/
716.1,Justitiegebouwen,Spinhuiswal / St.-Jorisstraat,'s-Hertogenbosch,Noord-Brabant,overig,tekening,IB,,,19,51.684888,5.301335,straat,https://www.nationaalarchief.nl/onderzoeken/archief/4.RGD/invnr/716.1/file/
719.1,Belastinggebouw,Stationsweg,'s-Hertogenbosch,Noord-Brabant,bestuur & financiën,tekening,IB,1920,1920,1,51.690331,5.297389,straat,https://www.nationaalarchief.nl/onderzoeken/archief/4.RGD/invnr/719.1/file/
720.1,"Gouvernementsgebouw / Woning van de Commissaris van de Koningin, plantenkas in de tuin",Verwerstraat 41,'s-Hertogenbosch,Noord-Brabant,bestuur & financiën,tekening,IB,1908,1944,15,51.705489,5.274992,adres,https://www.nationaalarchief.nl/onderzoeken/archief/4.RGD/invnr/720.1/file/
721.1,Gouvernementsgebouw / Archiefgebouw / Rijkswaterstaat,Verwerstraat / Waterstraat 16,'s-Hertogenbosch,Noord-Brabant,bestuur & financiën,tekening,IB,1908,1931,17,51.71873,5.296007,straat,https://www.nationaalarchief.nl/onderzoeken/archief/4.RGD/invnr/721.1/file/
722.1,Rijksarchief / Archieven van justitie,Waterstraat 20,'s-Hertogenbosch,Noord-Brabant,overig,tekening,IB,1880,1932,9,51.686711,5.304198,straat,https://www.nationaalarchief.nl/onderzoeken/archief/4.RGD/invnr/722.1/file/
723.1,Rijkskantorengebouw / Rijkswaterstaat,Wolvenhoek 7,'s-Hertogenbosch,Noord-Brabant,overig,tekening,IB,1930,1930,2,51.686775,5.30307,straat,https://www.nationaalarchief.nl/onderzoeken/archief/4.RGD/invnr/723.1/file/
724.1,Post- en telegraafgebouw,Botermarkt 2,Heusden,Noord-Brabant,post & telegraaf,tekening,IB,1929,1929,1,51.734316,5.138272,straat,https://www.nationaalarchief.nl/onderzoeken/archief/4.RGD/invnr/724.1/file/
725.1,Post- en telegraafgebouw,Hoofdstraat 36-38,Hillegom,Zuid-Holland,post & telegraaf,tekening,IB,1911,1966,31,52.294215,4.58011,adres,https://www.nationaalarchief.nl/onderzoeken/archief/4.RGD/invnr/725.1/file/
726.1,P.T.T.-gebouw,,Hilversum,Noord-Holland,overig,tekening,IB,1935,1945,1,52.223109,5.168037,plaats,https://www.nationaalarchief.nl/onderzoeken/archief/4.RGD/invnr/726.1/file/
727.1,Postgebouw,Kerkbrink,Hilversum,Noord-Holland,post & telegraaf,tekening,IB,1904,1928,2,52.223945,5.171458,straat,https://www.nationaalarchief.nl/onderzoeken/archief/4.RGD/invnr/727.1/file/
728.1,Telefoon- en telegraafgebouw,Kerkstraat,Hilversum,Noord-Holland,post & telegraaf,tekening,IB,1900,1929,4,52.225218,5.174456,straat,https://www.nationaalarchief.nl/onderzoeken/archief/4.RGD/invnr/728.1/file/
729.1,Kantongerecht,Kerkstraat 82-84,Hilversum,Noord-Holland,rechtspraak,tekening,IB,1912,1912,2,52.22513,5.173394,adres,https://www.nationaalarchief.nl/onderzoeken/archief/4.RGD/invnr/729.1/file/
730.1,Kantoor en woning voor de ontvanger der registratie en domeinen,Vondellaan,Hilversum,Noord-Holland,bestuur & financiën,tekening,IB,1905,1915,1,52.223816,5.167307,straat,https://www.nationaalarchief.nl/onderzoeken/archief/4.RGD/invnr/730.1/file/
731.1,Belastinggebouw,Vondellaan 9,Hilversum,Noord-Holland,bestuur & financiën,tekening,IB,1925,1940,5,52.223816,5.167307,straat,https://www.nationaalarchief.nl/onderzoeken/archief/4.RGD/invnr/731.1/file/
732.1,Post- en telegraafgebouw,Prins Hendrikstraat 187,Hoek van Holland,Zuid-Holland,post & telegraaf,tekening,IB,1929,1929,1,51.976128,4.133086,adres,https://www.nationaalarchief.nl/onderzoeken/archief/4.RGD/invnr/732.1/file/
733.1,Stallencomplex,Rietdijkstraat 128,Hoek van Holland,Zuid-Holland,landbouw & veeteelt,tekening,IB,1905,1912,4,51.977847,4.129557,straat,https://www.nationaalarchief.nl/onderzoeken/archief/4.RGD/invnr/733.1/file/
734.1,Belastinggebouw / Woningen,Rietdijkstraat 132-134,Hoek van Holland,Zuid-Holland,bestuur & financiën,tekening,IB,1898,1921,8,51.976833,4.128872,adres,https://www.nationaalarchief.nl/onderzoeken/archief/4.RGD/invnr/734.1/file/
735.1,Lichtwachterswoningen,"Seinpad 29, 31-35",Hoek van Holland,Zuid-Holland,overig,tekening,IB,1921,1924,18,51.980851,4.116953,straat,https://www.nationaalarchief.nl/onderzoeken/archief/4.RGD/invnr/735.1/file/
736.1,Kantongerecht,Brinkstraat 30,Hoogeveen,Drenthe,rechtspraak,tekening,IB,1900,1900,2,52.72968,6.477164,adres,https://www.nationaalarchief.nl/onderzoeken/archief/4.RGD/invnr/736.1/file/
737.1,Rijkspolitiekazerne,Pesserstraat 21-27,Hoogeveen,Drenthe,militair,tekening,IB,1933,1940,4,52.733916,6.475873,adres,https://www.nationaalarchief.nl/onderzoeken/archief/4.RGD/invnr/737.1/file/
738.1,Post- en telegraafgebouw,Kerkstraat,Hoogezand,Groningen,post & telegraaf,tekening,IB,1916,1916,2,53.160209,6.756163,straat,https://www.nationaalarchief.nl/onderzoeken/archief/4.RGD/invnr/738.1/file/
739.1,Rijks-h.b.s,Sappemeer,Sappemeer,Groningen,onderwijs & wetenschap,tekening,IB,1877,1925,12,53.167388,6.80879,straat,https://www.nationaalarchief.nl/onderzoeken/archief/4.RGD/invnr/739.1/file/
740.1,Post- en telegraafgebouw,Noorderstraat 302,Sappemeer,Groningen,post & telegraaf,tekening,IB,1930,1934,3,53.1641,6.795232,adres,https://www.nationaalarchief.nl/onderzoeken/archief/4.RGD/invnr/740.1/file/
741.1,Rijkszuivelconsulentschap,Breed,Hoorn,Noord-Holland,overig,tekening,IB,1925,1935,1,52.642288,5.053824,straat,https://www.nationaalarchief.nl/onderzoeken/archief/4.RGD/invnr/741.1/file/
742.1,Herenhuis / Woning directeur Rijks-h.b.s,Doelenkade,Hoorn,Noord-Holland,onderwijs & wetenschap,tekening,IB,1920,1930,1,52.638855,5.064104,straat,https://www.nationaalarchief.nl/onderzoeken/archief/4.RGD/invnr/742.1/file/
743.1,Grote Oost,,Hoorn,Noord-Holland,overig,tekening,IB,1895,1895,1,52.629932,5.071925,plaats,https://www.nationaalarchief.nl/onderzoeken/archief/4.RGD/invnr/743.1/file/
744.1,Grote Oost 24,,Hoorn,Noord-Holland,overig,tekening,IB,1943,1944,2,52.629932,5.071925,plaats,https://www.nationaalarchief.nl/onderzoeken/archief/4.RGD/invnr/744.1/file/
745.1,Hypotheek- en kadasterkantoor,Grote Oost 26,Hoorn,Noord-Holland,bestuur & financiën,tekening,IB,1936,1939,2,52.639831,5.063119,straat,https://www.nationaalarchief.nl/onderzoeken/archief/4.RGD/invnr/745.1/file/
746.1,Post- en telegraafgebouw,Grote Oost 28-30,Hoorn,Noord-Holland,post & telegraaf,tekening,IB,1870,1936,3,52.639831,5.063119,straat,https://www.nationaalarchief.nl/onderzoeken/archief/4.RGD/invnr/746.1/file/
747.1,Belastinggebouw,Grote Oost 41,Hoorn,Noord-Holland,bestuur & financiën,tekening,IB,1917,1917,1,52.63957,5.061447,adres,https://www.nationaalarchief.nl/onderzoeken/archief/4.RGD/invnr/747.1/file/
748.1,Waterstaat,Grote Oost 51,Hoorn,Noord-Holland,overig,tekening,IB,1934,1940,9,52.639692,5.062122,adres,https://www.nationaalarchief.nl/onderzoeken/archief/4.RGD/invnr/748.1/file/
749.1,Kantongerecht / Belastinginspectiegebouw,Grote Oost 53,Hoorn,Noord-Holland,rechtspraak,tekening,IB,1905,1915,2,52.63972,5.062263,adres,https://www.nationaalarchief.nl/onderzoeken/archief/4.RGD/invnr/749.1/file/
750.1,Grote Oost 55,,Hoorn,Noord-Holland,overig,tekening,IB,1935,1945,1,52.629932,5.071925,plaats,https://www.nationaalarchief.nl/onderzoeken/archief/4.RGD/invnr/750.1/file/
751.1,Rijkswerkinrichting,Hoofd 1 / Oostereiland,Hoorn,Noord-Holland,gevangeniswezen,tekening,IB,1870,1930,34,52.63674,5.062946,straat,https://www.nationaalarchief.nl/onderzoeken/archief/4.RGD/invnr/751.1/file/
752.1,Rijks-h.b.s,Joh. Messchaertstraat 1-5 / Bontekoestraat,Hoorn,Noord-Holland,onderwijs & wetenschap,tekening,IB,1908,1919,28,52.643558,5.065768,straat,https://www.nationaalarchief.nl/onderzoeken/archief/4.RGD/invnr/752.1/file/
753.1,Rijkslandbouwproefstation / Zuivelboerderij / Woningen / Belastinggebouw,Keern 33-33a,Hoorn,Noord-Holland,onderwijs & wetenschap,tekening,IB,1899,1935,28,52.647204,5.047266,adres,https://www.nationaalarchief.nl/onderzoeken/archief/4.RGD/invnr/753.1/file/
754.1,Arbeiderswoningen,Keern 111,Hoorn,Noord-Holland,overig,tekening,IB,1929,1929,3,52.651135,5.045338,adres,https://www.nationaalarchief.nl/onderzoeken/archief/4.RGD/invnr/754.1/file/
755.1,Muntstraat 6,,Hoorn,Noord-Holland,bestuur & financiën,tekening,IB,1920,1930,1,52.629932,5.071925,plaats,https://www.nationaalarchief.nl/onderzoeken/archief/4.RGD/invnr/755.1/file/
756.1,Telefoongebouw,Noorderstraat 5,Hoorn,Noord-Holland,post & telegraaf,tekening,IB,1939,1940,53,52.644,5.056417,straat,https://www.nationaalarchief.nl/onderzoeken/archief/4.RGD/invnr/756.1/file/
757.1,V.O.C.-pakhuizen,Onder de Boompjes,Hoorn,Noord-Holland,overig,tekening,IB,1942,1942,5,52.642314,5.06106,straat,https://www.nationaalarchief.nl/onderzoeken/archief/4.RGD/invnr/757.1/file/
758.1,Westfries Museum / Gerechtsgebouw,Rode Steen 1,Hoorn,Noord-Holland,rechtspraak,tekening,IB,1899,1909,3,52.659077,5.101319,straat,https://www.nationaalarchief.nl/onderzoeken/archief/4.RGD/invnr/758.1/file/
759.1,Ambtenaarswoning,West 6,Hoorn,Noord-Holland,woningbouw,tekening,IB,1902,1902,3,52.637995,5.058116,straat,https://www.nationaalarchief.nl/onderzoeken/archief/4.RGD/invnr/759.1/file/
760.1,Post- en telegraafgebouw,Veemarkt 3,Horst,Limburg,post & telegraaf,tekening,IB,1931,1931,1,51.453839,6.051524,straat,https://www.nationaalarchief.nl/onderzoeken/archief/4.RGD/invnr/760.1/file/
761.1,Post- en telegraafgebouw,Kerkstraat,Huizen,Noord-Holland,post & telegraaf,tekening,IB,1910,1940,1,52.298191,5.236223,straat,https://www.nationaalarchief.nl/onderzoeken/archief/4.RGD/invnr/761.1/file/
762.1,Post- en telegraafgebouw,Gentsestraat 16,Hulst,Zeeland,post & telegraaf,tekening,IB,1904,1930,5,51.279204,4.051679,straat,https://www.nationaalarchief.nl/onderzoeken/archief/4.RGD/invnr/762.1/file/
763.1,'s-Landshuis / Kantongerecht / Ministerie van Financiën,Steenstraat 37,Hulst,Zeeland,rechtspraak,tekening,IB,1920,1944,9,51.281279,4.051665,adres,https://www.nationaalarchief.nl/onderzoeken/archief/4.RGD/invnr/763.1/file/
764.1,Grenskantoor met woning,"Gravenstraat 375, Clinge",Hulst,Zeeland,douane & opslag,tekening,IB,1915,1925,1,51.269534,4.08937,straat,https://www.nationaalarchief.nl/onderzoeken/archief/4.RGD/invnr/764.1/file/
765.1,Grenskantoor,"Gentsevaart 16-18, Kappellebrug",Hulst,Zeeland,douane & opslag,tekening,IB,1887,1935,4,51.253496,4.065604,straat,https://www.nationaalarchief.nl/onderzoeken/archief/4.RGD/invnr/765.1/file/
766.1,Grenskantoor,"Ellestraat, St.-Jansteen",Hulst,Zeeland,douane & opslag,tekening,IB,1930,1940,1,51.247336,4.034499,straat,https://www.nationaalarchief.nl/onderzoeken/archief/4.RGD/invnr/766.1/file/
767.1,Grenskantoor,"Napoleonsweg, Ittervoort",Hunsel,Limburg,douane & opslag,tekening,IB,1910,1920,1,51.191597,5.823855,straat,https://www.nationaalarchief.nl/onderzoeken/archief/4.RGD/invnr/767.1/file/
768.1,Kasteel,,IJsselstein,Utrecht,overig,tekening,IB,1895,1942,20,52.027712,5.028791,plaats,https://www.nationaalarchief.nl/onderzoeken/archief/4.RGD/invnr/768.1/file/
769.1,Post- en telegraafgebouw,Utrechtsestraat,IJsselstein,Utrecht,post & telegraaf,tekening,IB,1900,1926,3,52.020401,5.044989,straat,https://www.nationaalarchief.nl/onderzoeken/archief/4.RGD/invnr/769.1/file/
770.1,Post- en telegraafgebouw,Oudestraat 137,Kampen,Overijssel,post & telegraaf,tekening,IB,1901,1940,24,52.559329,5.916327,adres,https://www.nationaalarchief.nl/onderzoeken/archief/4.RGD/invnr/770.1/file/
771.1,Het Gotische Huis,Oudestraat 158,Kampen,Overijssel,overig,tekening,IB,1906,1920,19,52.55946,5.915808,adres,https://www.nationaalarchief.nl/onderzoeken/archief/4.RGD/invnr/771.1/file/
772.1,Telefoongebouw,Zeeweg 127 / Julianalaan,Katwijk,Zuid-Holland,post & telegraaf,tekening,IB,1939,1940,8,52.19941,4.413764,adres,https://www.nationaalarchief.nl/onderzoeken/archief/4.RGD/invnr/772.1/file/
773.1,Post- en telegraafgebouw,"Voorstraat 43, Katwijk aan Zee",Katwijk,Zuid-Holland,post & telegraaf,tekening,IB,1891,1930,2,52.203527,4.396852,adres,https://www.nationaalarchief.nl/onderzoeken/archief/4.RGD/invnr/773.1/file/
774.1,Hypotheek en- kadastergebouw,,Kerkrade,Limburg,bestuur & financiën,tekening,IB,1902,1902,3,50.871826,6.050974,plaats,https://www.nationaalarchief.nl/onderzoeken/archief/4.RGD/invnr/774.1/file/
775.1,Grenskantoor met ontvangerswoning,Locht 197,Kerkrade,Limburg,douane & opslag,tekening,IB,1928,1928,1,50.854295,6.012276,straat,https://www.nationaalarchief.nl/onderzoeken/archief/4.RGD/invnr/775.1/file/
776.1,Post- en telegraafgebouw,Hoofdstraat,Kerkrade,Limburg,post & telegraaf,tekening,IB,1910,1936,10,50.8639,6.067449,straat,https://www.nationaalarchief.nl/onderzoeken/archief/4.RGD/invnr/776.1/file/
777.1,Belastinggebouw,Wilhelminastraat 41,Kerkrade,Limburg,bestuur & financiën,tekening,IB,1900,1939,30,50.86718,6.068443,adres,https://www.nationaalarchief.nl/onderzoeken/archief/4.RGD/invnr/777.1/file/
778.1,Grenskantoor,Bleyerheide,Kerkrade,Limburg,douane & opslag,tekening,IB,1910,1920,1,50.855701,6.043561,straat,https://www.nationaalarchief.nl/onderzoeken/archief/4.RGD/invnr/778.1/file/
779.1,Hulppost- en telegraafgebouw,Eygelshoven,Kerkrade,Limburg,post & telegraaf,tekening,IB,1921,1923,45,50.896908,6.048939,straat,https://www.nationaalarchief.nl/onderzoeken/archief/4.RGD/invnr/779.1/file/
780.1,Post- en telegraafgebouw,Voorstraat / Poststraat,Klundert,Noord-Brabant,post & telegraaf,tekening,IB,1907,1907,2,51.663257,4.533799,straat,https://www.nationaalarchief.nl/onderzoeken/archief/4.RGD/invnr/780.1/file/
781.1,Telefoongebouw,"Dijk, Broek op Langedijk",Langedijk,Noord-Holland,post & telegraaf,tekening,IB,1935,1945,1,52.671012,4.803071,straat,https://www.nationaalarchief.nl/onderzoeken/archief/4.RGD/invnr/781.1/file/
782.1,Telefoongebouw,"Waarddijk West 4, Noord-Scharwoude",Langedijk,Noord-Holland,post & telegraaf,tekening,IB,1938,1939,69,52.676564,4.80214,straat,https://www.nationaalarchief.nl/onderzoeken/archief/4.RGD/invnr/782.1/file/
783.1,Post- en telegraafgebouw en telefooncentrale,Schouterbosje,Laren,Noord-Holland,post & telegraaf,tekening,IB,1905,1936,8,52.250671,5.221323,straat,https://www.nationaalarchief.nl/onderzoeken/archief/4.RGD/invnr/783.1/file/
784.1,Post- en telegraafgebouw,Meent 57-59,Leerdam,Utrecht,post & telegraaf,tekening,IB,1908,1929,5,51.892649,5.092559,adres,https://www.nationaalarchief.nl/onderzoeken/archief/4.RGD/invnr/784.1/file/
785.1,Telefoongebouw,,Leersum,Utrecht,post & telegraaf,tekening,IB,1935,1951,2,52.02294,5.432285,plaats,https://www.nationaalarchief.nl/onderzoeken/archief/4.RGD/invnr/785.1/file/
786.1,Kasteel Broekhuizen,"Broekhuizerlaan 1, Broekhuizen",Leersum,Utrecht,woningbouw,tekening,IB,1897,1906,4,52.012606,5.407045,straat,https://www.nationaalarchief.nl/onderzoeken/archief/4.RGD/invnr/786.1/file/
787.1,Gouvernementsgebouw,,Leeuwarden,Fryslân,bestuur & financiën,tekening,IB,1943,1953,1,53.170021,5.797917,plaats,https://www.nationaalarchief.nl/onderzoeken/archief/4.RGD/invnr/787.1/file/
788.1,Hotel Weidema / Rijkskweekschool,,Leeuwarden,Fryslân,onderwijs & wetenschap,tekening,IB,1929,1929,1,53.170021,5.797917,plaats,https://www.nationaalarchief.nl/onderzoeken/archief/4.RGD/invnr/788.1/file/
789.1,"Gevangenis, huis van bewaring c.a",Blokhuisplein,Leeuwarden,Fryslân,gevangeniswezen,tekening,IB,,,54,53.200071,5.799572,straat,https://www.nationaalarchief.nl/onderzoeken/archief/4.RGD/invnr/789.1/file/
794.1,Kantongerecht / IJkkantoor,Droevendaal / Oosterkade,Leeuwarden,Fryslân,rechtspraak,tekening,IB,1879,1916,39,53.18844,5.746148,straat,https://www.nationaalarchief.nl/onderzoeken/archief/4.RGD/invnr/794.1/file/
795.1,Raad van de arbeid,Eewal,Leeuwarden,Fryslân,overig,tekening,IB,1938,1938,4,53.202899,5.797912,straat,https://www.nationaalarchief.nl/onderzoeken/archief/4.RGD/invnr/795.1/file/
796.1,Hypotheek- en kadastergebouw,Gouverneursplein 44,Leeuwarden,Fryslân,bestuur & financiën,tekening,IB,1897,1897,2,53.202554,5.796439,straat,https://www.nationaalarchief.nl/onderzoeken/archief/4.RGD/invnr/796.1/file/
797.1,"Woonhuis van Mr. C.H. Beekhuis / Rijkspolitie / Rijkswaterstaat, dienstkring Waddeneilanden",Harlingerstraatweg 44,Leeuwarden,Fryslân,politie,tekening,IB,1930,1931,19,53.204817,5.781244,adres,https://www.nationaalarchief.nl/onderzoeken/archief/4.RGD/invnr/797.1/file/
798.1,Woning van de Commissaris van de Koningin,Hofplein,Leeuwarden,Fryslân,woningbouw,tekening,IB,1897,1937,17,53.202367,5.795837,straat,https://www.nationaalarchief.nl/onderzoeken/archief/4.RGD/invnr/798.1/file/
799.1,Ambtenaarswoningen van de gevangenis,Keizersgracht 1-13,Leeuwarden,Fryslân,gevangeniswezen,tekening,IB,1905,1935,4,53.200353,5.800614,adres,https://www.nationaalarchief.nl/onderzoeken/archief/4.RGD/invnr/799.1/file/
800.1,Inspectie posterijen en telegrafie / Inspectie domeinen / Rijksconsulentschap van Sociale Zaken,Noordersingel 100,Leeuwarden,Fryslân,post & telegraaf,tekening,IB,1895,1935,4,53.204838,5.788362,adres,https://www.nationaalarchief.nl/onderzoeken/archief/4.RGD/invnr/800.1/file/
801.1,Belastinggebouw,Oostergrachtswal 21,Leeuwarden,Fryslân,bestuur & financiën,tekening,IB,1910,1920,1,53.201276,5.803218,straat,https://www.nationaalarchief.nl/onderzoeken/archief/4.RGD/invnr/801.1/file/
802.1,"Telegraafmagazijn, materiaalgebouw van de P.T.T",Schrans 2,Leeuwarden,Fryslân,post & telegraaf,tekening,IB,1920,1938,23,53.195819,5.798101,straat,https://www.nationaalarchief.nl/onderzoeken/archief/4.RGD/invnr/802.1/file/
803.1,Telegraafpalenloods,Spoorhaven,Leeuwarden,Fryslân,post & telegraaf,tekening,IB,1915,1925,1,53.18844,5.746148,straat,https://www.nationaalarchief.nl/onderzoeken/archief/4.RGD/invnr/803.1/file/
804.1,Stationspostgebouw,Stationsweg,Leeuwarden,Fryslân,overig,tekening,IB,1930,1930,6,53.196927,5.794319,straat,https://www.nationaalarchief.nl/onderzoeken/archief/4.RGD/invnr/804.1/file/
805.1,Turfmarkt,,Leeuwarden,Fryslân,overig,tekening,IB,1839,1839,1,53.170021,5.797917,plaats,https://www.nationaalarchief.nl/onderzoeken/archief/4.RGD/invnr/805.1/file/
806.1,Rijkswaterstaat,Turfmarkt 8,Leeuwarden,Fryslân,overig,tekening,IB,1939,1962,9,53.202894,5.801281,straat,https://www.nationaalarchief.nl/onderzoeken/archief/4.RGD/invnr/806.1/file/
807.1,Kanselarij / Rijksarchief / Bibliotheek,Turfmarkt 13,Leeuwarden,Fryslân,overig,tekening,IB,1839,1949,41,53.202894,5.801281,straat,https://www.nationaalarchief.nl/onderzoeken/archief/4.RGD/invnr/807.1/file/
808.1,Post- en telegraafgebouw,Tweebaksmarkt 23-25,Leeuwarden,Fryslân,post & telegraaf,tekening,IB,1889,1948,18,53.201783,5.800705,adres,https://www.nationaalarchief.nl/onderzoeken/archief/4.RGD/invnr/808.1/file/
809.1,Districtsbureau van de P.T.T,Tweebaksmarkt 27,Leeuwarden,Fryslân,overig,tekening,IB,1934,1940,14,53.2014,5.8005,adres,https://www.nationaalarchief.nl/onderzoeken/archief/4.RGD/invnr/809.1/file/
810.1,Rijkslandbouwwinterschool,Vredeman de Vriesstraat 24,Leeuwarden,Fryslân,onderwijs & wetenschap,tekening,IB,1915,1956,25,53.200977,5.810241,straat,https://www.nationaalarchief.nl/onderzoeken/archief/4.RGD/invnr/810.1/file/
811.1,Paleis van Justitie,Wilhelminaplein 1,Leeuwarden,Fryslân,rechtspraak,tekening,IB,,,28,53.199763,5.79242,straat,https://www.nationaalarchief.nl/onderzoeken/archief/4.RGD/invnr/811.1/file/
813.1,Villa,Willemskade 27,Leeuwarden,Fryslân,woningbouw,tekening,IB,1874,1874,1,53.198075,5.793,adres,https://www.nationaalarchief.nl/onderzoeken/archief/4.RGD/invnr/813.1/file/
814.1,Woonhuis van dr T.G. Cath / Ambtenarenwacht van invoerrechten en accijnzen,Willemskade 41,Leeuwarden,Fryslân,douane & opslag,tekening,IB,1929,1929,1,53.198246,5.792508,straat,https://www.nationaalarchief.nl/onderzoeken/archief/4.RGD/invnr/814.1/file/
815.1,Rijks-h.b.s. c.a,Zaailand 104,Leeuwarden,Fryslân,onderwijs & wetenschap,tekening,IB,,,72,53.199196,5.794635,adres,https://www.nationaalarchief.nl/onderzoeken/archief/4.RGD/invnr/815.1/file/
818.1,Algemeen,,Leiden,Zuid-Holland,overig,tekening,IB,1889,1915,6,52.154982,4.485116,plaats,https://www.nationaalarchief.nl/onderzoeken/archief/4.RGD/invnr/818.1/file/
819.1,Militair huis van detentie,,Leiden,Zuid-Holland,militair,tekening,IB,1838,1846,2,52.154982,4.485116,plaats,https://www.nationaalarchief.nl/onderzoeken/archief/4.RGD/invnr/819.1/file/
821.1,groot auditorium,Nieuw Academiegebouw,Leiden,Zuid-Holland,onderwijs & wetenschap,tekening,IB,1877,1877,1,52.163275,4.486052,straat,https://www.nationaalarchief.nl/onderzoeken/archief/4.RGD/invnr/821.1/file/
822.1,Laboratorium voor vergelijkende pathologie,Boerhavestraat 20-22 / Eerste Binnenvestgracht 20,Leiden,Zuid-Holland,onderwijs & wetenschap,tekening,IB,1905,1915,2,52.165573,4.483265,adres,https://www.nationaalarchief.nl/onderzoeken/archief/4.RGD/invnr/822.1/file/
823.1,Telefoongebouw,Boommarkt 14-15,Leiden,Zuid-Holland,post & telegraaf,tekening,IB,1936,1965,25,52.160447,4.486929,straat,https://www.nationaalarchief.nl/onderzoeken/archief/4.RGD/invnr/823.1/file/
824.1,Museum van Oudheden / Rijkskantorengebouw / Hypotheek- kadaster- en belastinggebouw,Breestraat 18,Leiden,Zuid-Holland,museum & paleis,tekening,IB,1845,1965,33,52.158799,4.489577,straat,https://www.nationaalarchief.nl/onderzoeken/archief/4.RGD/invnr/824.1/file/
825.1,Breestraat 22,,Leiden,Zuid-Holland,overig,tekening,IB,1925,1935,1,52.154982,4.485116,plaats,https://www.nationaalarchief.nl/onderzoeken/archief/4.RGD/invnr/825.1/file/
826.1,Post- en telegraafgebouw,Breestraat 40-46,Leiden,Zuid-Holland,post & telegraaf,tekening,IB,1884,1960,28,52.160004,4.487339,adres,https://www.nationaalarchief.nl/onderzoeken/archief/4.RGD/invnr/826.1/file/
827.1,Stedelijk Gymnasium / Gewestelijk Arbeidsbureau / Rijksmuseum van Natuurlijke Historie,Doezastraat 2a,Leiden,Zuid-Holland,museum & paleis,tekening,IB,1883,1931,9,52.15489,4.489525,adres,https://www.nationaalarchief.nl/onderzoeken/archief/4.RGD/invnr/827.1/file/
828.1,Meisjes-h.b.s. / Geologisch en mineralogisch instituut,Garenmarkt 1a-1b (op de Grote Ruïne),Leiden,Zuid-Holland,onderwijs & wetenschap,tekening,IB,1890,1960,103,52.154827,4.49254,straat,https://www.nationaalarchief.nl/onderzoeken/archief/4.RGD/invnr/828.1/file/
829.1,Grote en Kleine Ruïne,,Leiden,Zuid-Holland,overig,tekening,IB,,,2,52.154982,4.485116,plaats,https://www.nationaalarchief.nl/onderzoeken/archief/4.RGD/invnr/829.1/file/
831.1,Rijkspolitiepost / Districtskantoor van de Rijksgebouwendienst,Herengracht 20,Leiden,Zuid-Holland,politie,tekening,IB,1937,1937,2,52.156868,4.498976,adres,https://www.nationaalarchief.nl/onderzoeken/archief/4.RGD/invnr/831.1/file/
"818, 832.1",St.-Elisabeth ziekenhuis / Universiteitsgebouwen voor psychologie en geschiedenis,Hooigracht 15,Leiden,Zuid-Holland,onderwijs & wetenschap,tekening,IB,1907,1932,158,52.158779,4.496212,straat,"https://www.nationaalarchief.nl/onderzoeken/archief/4.RGD/invnr/818, 832.1/file/"
833.1,Organisch chemisch laboratorium,Hugo de Grootstraat 25-25a,Leiden,Zuid-Holland,onderwijs & wetenschap,tekening,IB,1896,1901,37,52.15311,4.485084,straat,https://www.nationaalarchief.nl/onderzoeken/archief/4.RGD/invnr/833.1/file/
834.1,Laboratorium voor anorganische chemie / Juridische faculteit,Hugo de Grootstraat 27-27a,Leiden,Zuid-Holland,onderwijs & wetenschap,tekening,IB,1895,1935,45,52.15311,4.485084,straat,https://www.nationaalarchief.nl/onderzoeken/archief/4.RGD/invnr/834.1/file/
835.1,Pharmaceutisch laboratorium / Juridisch studiecentrum Vreeswijk,Hugo de Grootstraat 32,Leiden,Zuid-Holland,onderwijs & wetenschap,tekening,IB,1895,1965,78,52.152701,4.485321,adres,https://www.nationaalarchief.nl/onderzoeken/archief/4.RGD/invnr/835.1/file/
836.1,Gereformeerd Minnehuis,Kaarsenmakersstraat (tussen Waardgracht en Zijlsingel),Leiden,Zuid-Holland,overig,tekening,IB,1905,1915,1,52.15681,4.502043,straat,https://www.nationaalarchief.nl/onderzoeken/archief/4.RGD/invnr/836.1/file/
837.1,Zoötomisch laboratorium,Kaiserstraat,Leiden,Zuid-Holland,onderwijs & wetenschap,tekening,IB,1885,1903,7,52.155117,4.486376,straat,https://www.nationaalarchief.nl/onderzoeken/archief/4.RGD/invnr/837.1/file/
838.1,Universiteitsmanege met woning,Kaiserstraat 13,Leiden,Zuid-Holland,onderwijs & wetenschap,tekening,IB,1875,1935,12,52.155117,4.486376,straat,https://www.nationaalarchief.nl/onderzoeken/archief/4.RGD/invnr/838.1/file/
839.1,Zoölogisch laboratorium,Kaiserstraat 63,Leiden,Zuid-Holland,onderwijs & wetenschap,tekening,IB,1903,1905,3,52.154814,4.486305,adres,https://www.nationaalarchief.nl/onderzoeken/archief/4.RGD/invnr/839.1/file/
840.1,Rijksprentenkabinet,Kloksteeg 25,Leiden,Zuid-Holland,overig,tekening,IB,1920,1946,7,52.157253,4.487614,adres,https://www.nationaalarchief.nl/onderzoeken/archief/4.RGD/invnr/840.1/file/
841.1,Ontvangstkantoor van de belastingen / Opslag van het Museum van Oudheden,Lange Brug 18-20,Leiden,Zuid-Holland,museum & paleis,tekening,IB,1921,1921,7,52.162082,4.48797,straat,https://www.nationaalarchief.nl/onderzoeken/archief/4.RGD/invnr/841.1/file/
842.1,"Kamerlingh Onnes laboratorium, physiologisch laboratorium",Nieuwsteeg 18,Leiden,Zuid-Holland,onderwijs & wetenschap,tekening,IB,1874,1960,72,52.156689,4.488914,straat,https://www.nationaalarchief.nl/onderzoeken/archief/4.RGD/invnr/842.1/file/
843.1,"Rijksherbarium, spiritusmagazijn / Botanisch laboratorium",Nonnensteeg 1,Leiden,Zuid-Holland,onderwijs & wetenschap,tekening,IB,1904,1925,25,52.156786,4.485075,straat,https://www.nationaalarchief.nl/onderzoeken/archief/4.RGD/invnr/843.1/file/
844.1,Botanisch laboratorium,Nonnensteeg 3,Leiden,Zuid-Holland,onderwijs & wetenschap,tekening,IB,1901,1917,17,52.156786,4.485075,straat,https://www.nationaalarchief.nl/onderzoeken/archief/4.RGD/invnr/844.1/file/
845.1,Woning met rijwielstalling,Nonnensteeg 8-12,Leiden,Zuid-Holland,woningbouw,tekening,IB,1932,1932,4,52.156786,4.485075,straat,https://www.nationaalarchief.nl/onderzoeken/archief/4.RGD/invnr/845.1/file/
846.1,Kweekschool voor de scheepvaart / Sociaal medische dienst,Noordeinde 2-2a,Leiden,Zuid-Holland,onderwijs & wetenschap,tekening,IB,1910,1920,11,52.160534,4.48155,adres,https://www.nationaalarchief.nl/onderzoeken/archief/4.RGD/invnr/846.1/file/
847.1,Pesthuis / Psychopatengesticht / Legermuseum,Pesthuislaan 1-7,Leiden,Zuid-Holland,museum & paleis,tekening,IB,1930,1940,8,52.164929,4.476202,straat,https://www.nationaalarchief.nl/onderzoeken/archief/4.RGD/invnr/847.1/file/
848.1,Pieterskerk,,Leiden,Zuid-Holland,kerk & religie,tekening,IB,1920,1930,3,52.154982,4.485116,plaats,https://www.nationaalarchief.nl/onderzoeken/archief/4.RGD/invnr/848.1/file/
849.1,Rijksmuseum van Natuurlijke Historie,Raamsteeg 2,Leiden,Zuid-Holland,museum & paleis,tekening,IB,1900,1945,123,52.154744,4.491489,straat,https://www.nationaalarchief.nl/onderzoeken/archief/4.RGD/invnr/849.1/file/
850.1,Kantongerecht,Rapenburg 19,Leiden,Zuid-Holland,rechtspraak,tekening,IB,1943,1943,15,52.157457,4.485884,straat,https://www.nationaalarchief.nl/onderzoeken/archief/4.RGD/invnr/850.1/file/
851.1,Museum van Natuurlijke Historie / Museum van Oudheden,Rapenburg 28,Leiden,Zuid-Holland,museum & paleis,tekening,IB,1870,1940,37,52.158545,4.485518,adres,https://www.nationaalarchief.nl/onderzoeken/archief/4.RGD/invnr/851.1/file/
852.1,Herbarium / Instituut voor tropische geneeskunde,Rapenburg 33,Leiden,Zuid-Holland,overig,tekening,IB,1905,1944,10,52.158828,4.484797,adres,https://www.nationaalarchief.nl/onderzoeken/archief/4.RGD/invnr/852.1/file/
853.1,Universiteitsbibliotheek,Rapenburg 70-74,Leiden,Zuid-Holland,onderwijs & wetenschap,tekening,IB,1915,1916,20,52.156635,4.48674,adres,https://www.nationaalarchief.nl/onderzoeken/archief/4.RGD/invnr/853.1/file/
854.1,Academiegebouw,Rapenburg 73,Leiden,Zuid-Holland,onderwijs & wetenschap,tekening,IB,1845,1938,130,52.156933,4.485589,adres,https://www.nationaalarchief.nl/onderzoeken/archief/4.RGD/invnr/854.1/file/
855.1,Hortus Botanicus met kassen / Botanisch laboratorium,Rapenburg 73a,Leiden,Zuid-Holland,onderwijs & wetenschap,tekening,IB,1870,1940,125,52.157457,4.485884,straat,https://www.nationaalarchief.nl/onderzoeken/archief/4.RGD/invnr/855.1/file/
856.1,Nieuw Academisch Ziekenhuis,Rijnsburgerweg 10,Leiden,Zuid-Holland,zorg,tekening,IB,,,180,52.167848,4.480053,adres,https://www.nationaalarchief.nl/onderzoeken/archief/4.RGD/invnr/856.1/file/
871.1,Rijnsburgerweg 86,,Leiden,Zuid-Holland,overig,tekening,IB,1925,1935,3,52.154982,4.485116,plaats,https://www.nationaalarchief.nl/onderzoeken/archief/4.RGD/invnr/871.1/file/
872.1,Villa van prof. Eysinga,Rijnsburgerweg 100,Leiden,Zuid-Holland,woningbouw,tekening,IB,1926,1926,4,52.170666,4.479289,straat,https://www.nationaalarchief.nl/onderzoeken/archief/4.RGD/invnr/872.1/file/
873.1,Academisch Ziekenhuis / Museum voor Volkenkunde,Steenstraat 1,Leiden,Zuid-Holland,museum & paleis,tekening,IB,1865,1935,108,52.162675,4.484609,straat,https://www.nationaalarchief.nl/onderzoeken/archief/4.RGD/invnr/873.1/file/
874.1,Boerhave laboratorium / Museum van de Geschiedenis der Natuurwetenschappen / Museum voor Volkenkunde,Steenstraat 1a,Leiden,Zuid-Holland,museum & paleis,tekening,IB,1880,1907,25,52.163413,4.4825,adres,https://www.nationaalarchief.nl/onderzoeken/archief/4.RGD/invnr/874.1/file/
875.1,Sterrewacht c.a,Sterrenwachtlaan 1-9,Leiden,Zuid-Holland,onderwijs & wetenschap,tekening,IB,1862,1960,124,52.154845,4.483262,adres,https://www.nationaalarchief.nl/onderzoeken/archief/4.RGD/invnr/875.1/file/
876.1,Verificatiebureau van rijkszeeinstrumenten / Militair geneeskundige dienst / Medisch archief,Oude Varkenmarkt 18-22,Leiden,Zuid-Holland,militair,tekening,IB,1916,1933,40,52.159723,4.483334,straat,https://www.nationaalarchief.nl/onderzoeken/archief/4.RGD/invnr/876.1/file/
877.1,Rijkszuivelstation,Vreewijkstraat 12a-b,Leiden,Zuid-Holland,overig,tekening,IB,1901,1945,9,52.15305,4.485772,adres,https://www.nationaalarchief.nl/onderzoeken/archief/4.RGD/invnr/877.1/file/
878.1,Anatomisch laboratorium,Wassenaarseweg 62,Leiden,Zuid-Holland,onderwijs & wetenschap,tekening,IB,1905,1930,28,52.169479,4.474118,adres,https://www.nationaalarchief.nl/onderzoeken/archief/4.RGD/invnr/878.1/file/
879.1,Pathologisch laboratorium,Wassenaarseweg 62,Leiden,Zuid-Holland,onderwijs & wetenschap,tekening,IB,1916,1937,206,52.169479,4.474118,adres,https://www.nationaalarchief.nl/onderzoeken/archief/4.RGD/invnr/879.1/file/
880.1,Physiologisch laboratorium,Zonnenveldstraat 18a,Leiden,Zuid-Holland,onderwijs & wetenschap,tekening,IB,1895,1905,2,52.161011,4.486822,adres,https://www.nationaalarchief.nl/onderzoeken/archief/4.RGD/invnr/880.1/file/
881.1,Post- en telegraafgebouw,Hoofdstraat 6-8,Leiderdorp,Zuid-Holland,post & telegraaf,tekening,IB,1910,1960,2,52.146032,4.52557,straat,https://www.nationaalarchief.nl/onderzoeken/archief/4.RGD/invnr/881.1/file/
882.1,Post- en telegraafgebouw,Nieuweburen 8,Lemmer,Fryslân,post & telegraaf,tekening,IB,1907,1907,3,52.83618,5.723298,adres,https://www.nationaalarchief.nl/onderzoeken/archief/4.RGD/invnr/882.1/file/
883.1,Palenloods van de P.T.T,Heereweg 48,Lisse,Zuid-Holland,douane & opslag,tekening,IB,1925,1935,2,52.252527,4.547191,straat,https://www.nationaalarchief.nl/onderzoeken/archief/4.RGD/invnr/883.1/file/
884.1,Post- en telegraafgebouw,Heereweg 156,Lisse,Zuid-Holland,post & telegraaf,tekening,IB,1910,1937,6,52.261654,4.555357,adres,https://www.nationaalarchief.nl/onderzoeken/archief/4.RGD/invnr/884.1/file/
885.1,Rijkstuinbouw-winterschool,Heereweg 345,Lisse,Zuid-Holland,onderwijs & wetenschap,tekening,IB,1911,1936,1,52.251836,4.547222,adres,https://www.nationaalarchief.nl/onderzoeken/archief/4.RGD/invnr/885.1/file/
886.1,Laboratorium voor bloembollencultuur,Heereweg 345a,Lisse,Zuid-Holland,onderwijs & wetenschap,tekening,IB,1905,1932,48,52.252527,4.547191,straat,https://www.nationaalarchief.nl/onderzoeken/archief/4.RGD/invnr/886.1/file/
887.1,Telefoongebouw,Winsum,Winsum,Fryslân,post & telegraaf,tekening,IB,1937,1939,3,53.150709,5.645504,straat,https://www.nationaalarchief.nl/onderzoeken/archief/4.RGD/invnr/887.1/file/
888.1,Telefoongebouw,"Markt 8, achter postkantoor",Lochem,Gelderland,post & telegraaf,tekening,IB,1936,1939,4,52.161829,6.415368,straat,https://www.nationaalarchief.nl/onderzoeken/archief/4.RGD/invnr/888.1/file/
889.1,Post- en telegraafgebouw,Kaatsheuvel,Loon op Zand,Noord-Brabant,post & telegraaf,tekening,IB,1930,1940,1,51.653628,5.02209,straat,https://www.nationaalarchief.nl/onderzoeken/archief/4.RGD/invnr/889.1/file/
890.1,Grenskantoren,"Bentheimerstraat 88-96, De Poppe",Losser,Overijssel,douane & opslag,tekening,IB,1915,1925,6,52.306756,7.037997,adres,https://www.nationaalarchief.nl/onderzoeken/archief/4.RGD/invnr/890.1/file/
891.1,Politiebureau,Markt 6,Maassluis,Zuid-Holland,politie,tekening,IB,1944,1944,1,51.92197,4.254251,adres,https://www.nationaalarchief.nl/onderzoeken/archief/4.RGD/invnr/891.1/file/
892.1,Post- en telegraafgebouw,Noordvliet noordzijde 37,Maassluis,Zuid-Holland,post & telegraaf,tekening,IB,1906,1938,3,51.923184,4.255852,adres,https://www.nationaalarchief.nl/onderzoeken/archief/4.RGD/invnr/892.1/file/
893.1,Belastinggebouw,Govert van Wijnkade 34a,Maassluis,Zuid-Holland,bestuur & financiën,tekening,IB,1905,1915,1,51.917734,4.247974,straat,https://www.nationaalarchief.nl/onderzoeken/archief/4.RGD/invnr/893.1/file/
894.1,Douanekantoor,Govert van Wijnkade 50-52,Maassluis,Zuid-Holland,douane & opslag,tekening,IB,1890,1935,2,51.915992,4.24605,adres,https://www.nationaalarchief.nl/onderzoeken/archief/4.RGD/invnr/894.1/file/
895.1,Historische plattegrond van Maastricht,,Maastricht,Limburg,overig,tekening,IB,1906,1906,1,50.852967,5.69953,plaats,https://www.nationaalarchief.nl/onderzoeken/archief/4.RGD/invnr/895.1/file/
896.1,Hypotheek- en kadastergebouw,,Maastricht,Limburg,bestuur & financiën,tekening,IB,1902,1902,5,50.852967,5.69953,plaats,https://www.nationaalarchief.nl/onderzoeken/archief/4.RGD/invnr/896.1/file/
897.1,Grenskantoor,Bilserbaan / Via Regia,Maastricht,Limburg,douane & opslag,tekening,IB,1939,1939,5,50.852628,5.669629,straat,https://www.nationaalarchief.nl/onderzoeken/archief/4.RGD/invnr/897.1/file/
898.1,Woonhuis van J. Schreinemacher,Prins Bisschopsingel,Maastricht,Limburg,woningbouw,tekening,IB,1895,1905,3,50.842088,5.691166,straat,https://www.nationaalarchief.nl/onderzoeken/archief/4.RGD/invnr/898.1/file/
899.1,Gouvernementsgebouw,Bouillonstraat,Maastricht,Limburg,bestuur & financiën,tekening,IB,1930,1930,3,50.846882,5.687602,straat,https://www.nationaalarchief.nl/onderzoeken/archief/4.RGD/invnr/899.1/file/
900.1,Gebouw voor registratie en domeinen / Rijksaccountantsdienst,Bredestraat 12,Maastricht,Limburg,overig,tekening,IB,1915,1922,4,50.84792,5.690821,straat,https://www.nationaalarchief.nl/onderzoeken/archief/4.RGD/invnr/900.1/file/
901.1,Grenskantoor c.a,"Brusselseweg, Caberg en Smeermaas",Maastricht,Limburg,douane & opslag,tekening,IB,1925,1939,9,50.866327,5.672288,straat,https://www.nationaalarchief.nl/onderzoeken/archief/4.RGD/invnr/901.1/file/
902.1,Grenskantoren,Caberg / Bilserbaan,Maastricht,Limburg,douane & opslag,tekening,IB,1939,1939,65,50.872712,5.73179,straat,https://www.nationaalarchief.nl/onderzoeken/archief/4.RGD/invnr/902.1/file/
903.1,Rijksleer- en kweekschool,Grote Gracht 92,Maastricht,Limburg,onderwijs & wetenschap,tekening,IB,1885,1945,46,50.849834,5.685485,adres,https://www.nationaalarchief.nl/onderzoeken/archief/4.RGD/invnr/903.1/file/
904.1,Helpoort,Helstraat,Maastricht,Limburg,overig,tekening,IB,1875,1930,60,50.872712,5.73179,straat,https://www.nationaalarchief.nl/onderzoeken/archief/4.RGD/invnr/904.1/file/
905.1,Kruisherenkerk en -klooster / Landbouwproefstation,Kruisherengang,Maastricht,Limburg,kerk & religie,tekening,IB,1890,1945,209,50.848852,5.68354,straat,https://www.nationaalarchief.nl/onderzoeken/archief/4.RGD/invnr/905.1/file/
906.1,Rechtbank / de Oude Walmuur / Perceel notaris Quix / Kadastergebouw / Zusterhuis,Minderbroedersberg 4-8,Maastricht,Limburg,rechtspraak,tekening,IB,1909,1956,19,50.846935,5.686713,straat,https://www.nationaalarchief.nl/onderzoeken/archief/4.RGD/invnr/906.1/file/
907.1,Huis van bewaring,Minderbroedersberg 4-8,Maastricht,Limburg,gevangeniswezen,tekening,IB,1867,1916,15,50.846935,5.686713,straat,https://www.nationaalarchief.nl/onderzoeken/archief/4.RGD/invnr/907.1/file/
908.1,Telefoongebouw,Achter de oude Minderbroeders,Maastricht,Limburg,post & telegraaf,tekening,IB,1933,1935,64,50.846123,5.693279,straat,https://www.nationaalarchief.nl/onderzoeken/archief/4.RGD/invnr/908.1/file/
909.1,Telefoongebouw,Achter de oude Minderbroeders,Maastricht,Limburg,post & telegraaf,tekening,IB,1935,1945,2,50.846123,5.693279,straat,https://www.nationaalarchief.nl/onderzoeken/archief/4.RGD/invnr/909.1/file/
910.1,Franciscaner- (Recolectenen-) kerk en -klooster / St.-Pieterskazerne / Commandementswoning / Rijksarchief,St.-Pietersstraat 7,Maastricht,Limburg,militair,tekening,IB,1870,1948,144,50.848796,5.690353,adres,https://www.nationaalarchief.nl/onderzoeken/archief/4.RGD/invnr/910.1/file/
911.1,IJkkantoor,St.-Servaasklooster 41,Maastricht,Limburg,kerk & religie,tekening,IB,1880,1949,3,50.847465,5.68737,adres,https://www.nationaalarchief.nl/onderzoeken/archief/4.RGD/invnr/911.1/file/
912.1,Hulp post- en telegraafgebouw / Politiebureau,"Stationsstraat 60, Wijk",Maastricht,Limburg,politie,tekening,IB,1905,1906,2,50.84967,5.700988,adres,https://www.nationaalarchief.nl/onderzoeken/archief/4.RGD/invnr/912.1/file/
913.1,Post- en telegraafgebouw,Vrijthof / Statenstraat,Maastricht,Limburg,post & telegraaf,tekening,IB,1915,1940,21,50.849123,5.689073,straat,https://www.nationaalarchief.nl/onderzoeken/archief/4.RGD/invnr/913.1/file/
914.1,Kruisweg 58-62; Marechausseekazerne,,Marum,Groningen,politie,tekening,IB,1915,1925,1,53.138267,6.240695,plaats,https://www.nationaalarchief.nl/onderzoeken/archief/4.RGD/invnr/914.1/file/
915.1,"plattegrond in vogelvlucht van de stad, gravure",'Medenblick Westfrisiæ 1599',Medemblik,Noord-Holland,overig,tekening,IB,1850,1900,1,52.766002,5.188209,straat,https://www.nationaalarchief.nl/onderzoeken/archief/4.RGD/invnr/915.1/file/
916.1,Kasteel Radboud,,Medemblik,Noord-Holland,overig,tekening,IB,,,33,52.770184,5.144039,plaats,https://www.nationaalarchief.nl/onderzoeken/archief/4.RGD/invnr/916.1/file/
924.1,Post- en telegraafgebouw,Bagijnhof 10,Medemblik,Noord-Holland,post & telegraaf,tekening,IB,1910,1932,4,52.772316,5.104657,straat,https://www.nationaalarchief.nl/onderzoeken/archief/4.RGD/invnr/924.1/file/
925.1,Rijkskrankzinnigengesticht / Provinciaal ziekenhuis,Westersingel,Medemblik,Noord-Holland,zorg,tekening,IB,1880,1934,202,52.767802,5.106492,straat,https://www.nationaalarchief.nl/onderzoeken/archief/4.RGD/invnr/925.1/file/
926.1,Post- en telegraafgebouw,Stationsstraat 12,Meerssen,Limburg,post & telegraaf,tekening,IB,1935,1935,1,50.876987,5.77185,straat,https://www.nationaalarchief.nl/onderzoeken/archief/4.RGD/invnr/926.1/file/
927.1,Woonhuis -Opmetingstekening,,Meppel,Drenthe,woningbouw,tekening,IB,1845,1855,1,52.715931,6.19384,plaats,https://www.nationaalarchief.nl/onderzoeken/archief/4.RGD/invnr/927.1/file/
928.1,Kantongerecht en gebouw voor de registratie,Catharinastraat 13,Meppel,Drenthe,rechtspraak,tekening,IB,1910,1911,13,52.694308,6.192543,adres,https://www.nationaalarchief.nl/onderzoeken/archief/4.RGD/invnr/928.1/file/
929.1,Rijkslandbouwwinterschool,Zuideinde 51-53,Meppel,Drenthe,onderwijs & wetenschap,tekening,IB,1909,1909,1,52.692916,6.190993,adres,https://www.nationaalarchief.nl/onderzoeken/archief/4.RGD/invnr/929.1/file/
930.1,Rijks-h.b.s,Zuideinde 76,Meppel,Drenthe,onderwijs & wetenschap,tekening,IB,1913,1914,45,52.692154,6.190434,adres,https://www.nationaalarchief.nl/onderzoeken/archief/4.RGD/invnr/930.1/file/
931.1,"Abdij (algemeen, alle gebouwen)",,Middelburg,Zeeland,overig,tekening,IB,1880,1960,601,51.503158,3.650836,plaats,https://www.nationaalarchief.nl/onderzoeken/archief/4.RGD/invnr/931.1/file/
932.1,Abdij (uitgesplitst),,Middelburg,Zeeland,overig,tekening,IB,,,28,51.503158,3.650836,plaats,https://www.nationaalarchief.nl/onderzoeken/archief/4.RGD/invnr/932.1/file/
936.1,Gistpoortgebouw,Abdijcomplex / Pietersstraat,Middelburg,Zeeland,overig,tekening,IB,1944,1944,4,51.519434,3.620148,straat,https://www.nationaalarchief.nl/onderzoeken/archief/4.RGD/invnr/936.1/file/
937.1,Kantongerecht,Balans 11,Middelburg,Zeeland,rechtspraak,tekening,IB,1913,1937,10,51.501061,3.614126,adres,https://www.nationaalarchief.nl/onderzoeken/archief/4.RGD/invnr/937.1/file/
938.1,Noorderkerk,Bogardstraat 9,Middelburg,Zeeland,kerk & religie,tekening,IB,1929,1929,2,51.50071,3.613129,straat,https://www.nationaalarchief.nl/onderzoeken/archief/4.RGD/invnr/938.1/file/
939.1,Rechtbank met archiefgebouw,Hofplein 8,Middelburg,Zeeland,rechtspraak,tekening,IB,1877,1944,25,51.501368,3.612273,straat,https://www.nationaalarchief.nl/onderzoeken/archief/4.RGD/invnr/939.1/file/
940.1,Commandementsgebouw van de Marine / Ministerie van Sociale Zaken en W.V.C. / Districtskantoor van de Rijksgebouwendienst,Koepoortstraat 8,Middelburg,Zeeland,militair,tekening,IB,1918,1925,24,51.503027,3.618055,straat,https://www.nationaalarchief.nl/onderzoeken/archief/4.RGD/invnr/940.1/file/
941.1,Huis van bewaring,Kousteensedijk 2,Middelburg,Zeeland,gevangeniswezen,tekening,IB,1887,1912,4,51.495889,3.615217,straat,https://www.nationaalarchief.nl/onderzoeken/archief/4.RGD/invnr/941.1/file/
942.1,Rijkskweekschool / Belastingkantoor,Lange Noordstraat 29 / St.-Sebastiaanstraat 10-12,Middelburg,Zeeland,onderwijs & wetenschap,tekening,IB,1880,1944,68,51.500067,3.610761,straat,https://www.nationaalarchief.nl/onderzoeken/archief/4.RGD/invnr/942.1/file/
943.1,Rijkskantorengebouw,Lange Noordstraat 39,Middelburg,Zeeland,overig,tekening,IB,1930,1940,1,51.500344,3.610637,adres,https://www.nationaalarchief.nl/onderzoeken/archief/4.RGD/invnr/943.1/file/
944.1,Post- en telegraafgebouw,"Lange Noordstraat 40-42, 48",Middelburg,Zeeland,post & telegraaf,tekening,IB,1895,1941,14,51.500239,3.610874,adres,https://www.nationaalarchief.nl/onderzoeken/archief/4.RGD/invnr/944.1/file/
945.1,Kantoor van de prijsbeheersing en woning van de ambtenaar van rijkswaterstaat,Noordsingel 176,Middelburg,Zeeland,bestuur & financiën,tekening,IB,1920,1943,7,51.504123,3.609026,adres,https://www.nationaalarchief.nl/onderzoeken/archief/4.RGD/invnr/945.1/file/
946.1,Rijkswaterstaat,St.-Pieterstraat 52 / Damplein 1a,Middelburg,Zeeland,overig,tekening,IB,1925,1944,2,51.500776,3.615739,straat,https://www.nationaalarchief.nl/onderzoeken/archief/4.RGD/invnr/946.1/file/
947.1,De Sprenck,Seissingel 4,Middelburg,Zeeland,overig,tekening,IB,1804,1940,6,51.504586,3.607767,adres,https://www.nationaalarchief.nl/onderzoeken/archief/4.RGD/invnr/947.1/file/
948.1,Raad van de Arbeid,Spanjaardstraat 53,Middelburg,Zeeland,overig,tekening,IB,1925,1935,5,51.502174,3.617778,adres,https://www.nationaalarchief.nl/onderzoeken/archief/4.RGD/invnr/948.1/file/
949.1,Gewestelijk Arbeidsbureau,Wagenaarstraat 4,Middelburg,Zeeland,bestuur & financiën,tekening,IB,1930,1940,3,51.501546,3.613139,adres,https://www.nationaalarchief.nl/onderzoeken/archief/4.RGD/invnr/949.1/file/
950.1,Zeeuws Genootschap der Wetenschappen,,Middelburg,Zeeland,overig,tekening,IB,1903,1903,2,51.503158,3.650836,plaats,https://www.nationaalarchief.nl/onderzoeken/archief/4.RGD/invnr/950.1/file/
951.1,Palenloods van de P.T.T,Havendijk,Middelharnis,Zuid-Holland,douane & opslag,tekening,IB,1904,1904,1,51.761936,4.165039,straat,https://www.nationaalarchief.nl/onderzoeken/archief/4.RGD/invnr/951.1/file/
952.1,Telefoongebouw,Burgemeester Mijslaan 1,Middelharnis,Zuid-Holland,post & telegraaf,tekening,IB,1938,1939,12,51.756512,4.161987,straat,https://www.nationaalarchief.nl/onderzoeken/archief/4.RGD/invnr/952.1/file/
953.1,U.L.O.-school/Rijks-h.b.s,Burgemeetser Mijslaan 3-5,Middelharnis,Zuid-Holland,onderwijs & wetenschap,tekening,IB,1916,1955,14,51.756512,4.161987,straat,https://www.nationaalarchief.nl/onderzoeken/archief/4.RGD/invnr/953.1/file/
954.1,Post- en telegraafgebouw,Kerkring 40-42,Middelharnis,Zuid-Holland,post & telegraaf,tekening,IB,1912,1930,4,51.765646,4.1569,adres,https://www.nationaalarchief.nl/onderzoeken/archief/4.RGD/invnr/954.1/file/
955.1,Kantongerecht / Huis van bewaring,"Dijkstraat 48, Sommelsdijk",Middelharnis,Zuid-Holland,gevangeniswezen,tekening,IB,1904,1904,4,51.767421,4.182237,adres,https://www.nationaalarchief.nl/onderzoeken/archief/4.RGD/invnr/955.1/file/
956.1,Dubbele dienstwoning bij het grenskantoor,Julianastraat 46,Millingen aan de Rijn,Gelderland,douane & opslag,tekening,IB,1910,1920,3,51.862185,6.028837,plaats,https://www.nationaalarchief.nl/onderzoeken/archief/4.RGD/invnr/956.1/file/
957.1,Post- en telegraafgebouw,Noordeinde,Monnickendam,Noord-Holland,post & telegraaf,tekening,IB,1905,1930,3,52.462517,5.035178,straat,https://www.nationaalarchief.nl/onderzoeken/archief/4.RGD/invnr/957.1/file/
958.1,Nederlands Hervormde Kerk,,Monster,Zuid-Holland,kerk & religie,tekening,IB,1886,1886,1,52.033975,4.179537,plaats,https://www.nationaalarchief.nl/onderzoeken/archief/4.RGD/invnr/958.1/file/
959.1,Post- en telegraafgebouw,Herenstraat 4-4a,Monster,Zuid-Holland,post & telegraaf,tekening,IB,1915,1935,1,52.021497,4.170243,straat,https://www.nationaalarchief.nl/onderzoeken/archief/4.RGD/invnr/959.1/file/
960.1,Gevangenis voor jeugdige vrouwelijke veroordeelden / Tuchtschool,,Montfoort,Utrecht,gevangeniswezen,tekening,IB,1875,1922,7,52.047708,4.944048,plaats,https://www.nationaalarchief.nl/onderzoeken/archief/4.RGD/invnr/960.1/file/
961.1,Wachthuis bij de Keetpoort,Kloosterstraat,Muiden,Noord-Holland,kerk & religie,tekening,IB,1904,1904,1,52.328331,5.068921,straat,https://www.nationaalarchief.nl/onderzoeken/archief/4.RGD/invnr/961.1/file/
962.1,Muiderslot,,Muiden,Noord-Holland,overig,tekening,IB,,,5,52.347715,5.070891,plaats,https://www.nationaalarchief.nl/onderzoeken/archief/4.RGD/invnr/962.1/file/
964.1,Quarantaine-inrichting,,Naaldwijk,Zuid-Holland,overig,tekening,IB,1901,1901,1,51.993485,4.209329,plaats,https://www.nationaalarchief.nl/onderzoeken/archief/4.RGD/invnr/964.1/file/
965.1,Post- en telegraafgebouw,Rembrandtstraat 26-28,Naaldwijk,Zuid-Holland,post & telegraaf,tekening,IB,1915,1930,2,51.994431,4.207532,adres,https://www.nationaalarchief.nl/onderzoeken/archief/4.RGD/invnr/965.1/file/
966.1,Telefoongebouw,Verburchtlaan 23,Naaldwijk,Zuid-Holland,post & telegraaf,tekening,IB,1940,1940,7,51.993526,4.219927,adres,https://www.nationaalarchief.nl/onderzoeken/archief/4.RGD/invnr/966.1/file/
968.1,Post- en telegraafgebouw,Rijsdijk 21-23,Krimpen aan de Lek,Zuid-Holland,post & telegraaf,tekening,IB,1917,1940,11,51.899937,4.618128,plaats,https://www.nationaalarchief.nl/onderzoeken/archief/4.RGD/invnr/968.1/file/
969.1,Post- en telegraafgebouw,Schoolweg 2-4,Lekkerkerk,Zuid-Holland,post & telegraaf,tekening,IB,1908,1929,4,51.895433,4.685153,adres,https://www.nationaalarchief.nl/onderzoeken/archief/4.RGD/invnr/969.1/file/
970.1,Telefoongebouw,Bleekenesweg 1,Neede,Gelderland,post & telegraaf,tekening,IB,1938,1938,4,52.135306,6.602233,adres,https://www.nationaalarchief.nl/onderzoeken/archief/4.RGD/invnr/970.1/file/
971.1,Woonhuis van B.A. Buijsing-Damsté,Waardenburg,Neerijnen,Gelderland,woningbouw,tekening,IB,1900,1900,1,51.830575,5.280384,straat,https://www.nationaalarchief.nl/onderzoeken/archief/4.RGD/invnr/971.1/file/
972.1,Telefoongebouw,"Julianalaan, Vreeswijk",Nieuwegein,Utrecht,post & telegraaf,tekening,IB,1934,1934,1,52.01351,5.123123,straat,https://www.nationaalarchief.nl/onderzoeken/archief/4.RGD/invnr/972.1/file/
973.1,Post- en telegraafgebouw,Straatweg / Winschoterdiep,Nieuwe Pekela,Groningen,post & telegraaf,tekening,IB,1905,1915,1,53.078509,6.976197,straat,https://www.nationaalarchief.nl/onderzoeken/archief/4.RGD/invnr/973.1/file/
974.1,Post- en telegraafgebouw,Begijnenstraat 2-3,Workum,Fryslân,post & telegraaf,tekening,IB,1915,1935,13,52.969734,5.428283,adres,https://www.nationaalarchief.nl/onderzoeken/archief/4.RGD/invnr/974.1/file/
975.1,Post- en telegraafgebouw,Kleterstraat / Voerstlaantje 1,Nijkerk,Gelderland,post & telegraaf,tekening,IB,1935,1945,3,52.222479,5.487613,straat,https://www.nationaalarchief.nl/onderzoeken/archief/4.RGD/invnr/975.1/file/
976.1,Marechausseekazerne,Van Reenenpark 2,Nijkerk,Gelderland,politie,tekening,IB,1920,1921,1,52.222895,5.4905,straat,https://www.nationaalarchief.nl/onderzoeken/archief/4.RGD/invnr/976.1/file/
977.1,Tuchtschool / Rijksopvoedingsgesticht voor meisjes De Hunenberg,Berg en Dalseweg 287,Nijmegen,Gelderland,gevangeniswezen,tekening,IB,1904,1916,5,51.835583,5.889067,adres,https://www.nationaalarchief.nl/onderzoeken/archief/4.RGD/invnr/977.1/file/
978.1,Bureau van de Rijkswaterstaat / Rijkspolitie,Bijleveldsingel 2,Nijmegen,Gelderland,politie,tekening,IB,1930,1940,1,51.8418,5.867317,straat,https://www.nationaalarchief.nl/onderzoeken/archief/4.RGD/invnr/978.1/file/
979.1,Hotel Du Soleil / Bbelastinggebouw,Graafseweg 29-33 / Jan de Wittstraat,Nijmegen,Gelderland,overig,tekening,IB,1929,1939,4,51.840439,5.856579,adres,https://www.nationaalarchief.nl/onderzoeken/archief/4.RGD/invnr/979.1/file/
980.1,(Gelders Archeologisch) Museum G.M. Kam,Kamstraat 4,Nijmegen,Gelderland,museum & paleis,tekening,IB,1919,1957,22,51.842004,5.878768,straat,https://www.nationaalarchief.nl/onderzoeken/archief/4.RGD/invnr/980.1/file/
981.1,Kronenburgertoren,,Nijmegen,Gelderland,overig,tekening,IB,1944,1944,2,51.838509,5.836793,plaats,https://www.nationaalarchief.nl/onderzoeken/archief/4.RGD/invnr/981.1/file/
982.1,Kantongerecht en registratiegebouw,Oranjesingel 56,Nijmegen,Gelderland,rechtspraak,tekening,IB,1907,1913,4,51.843021,5.866207,adres,https://www.nationaalarchief.nl/onderzoeken/archief/4.RGD/invnr/982.1/file/
983.1,Stationspostgebouw,Stationsplein,Nijmegen,Gelderland,overig,tekening,IB,1935,1935,4,51.843085,5.853787,straat,https://www.nationaalarchief.nl/onderzoeken/archief/4.RGD/invnr/983.1/file/
984.1,Radio-ontvangststation Nora,Noraweg,Noordwijk,Zuid-Holland,overig,tekening,IB,1928,1938,7,52.290937,4.473742,straat,https://www.nationaalarchief.nl/onderzoeken/archief/4.RGD/invnr/984.1/file/
985.1,Telefoongebouw,Offemweg 33,Noordwijk,Zuid-Holland,post & telegraaf,tekening,IB,1939,1939,7,52.23252,4.448753,straat,https://www.nationaalarchief.nl/onderzoeken/archief/4.RGD/invnr/985.1/file/
986.1,Post- en telegraafgebouw,Voorstraat 87-89,Noordwijk,Zuid-Holland,post & telegraaf,tekening,IB,1902,1940,6,52.232889,4.447055,adres,https://www.nationaalarchief.nl/onderzoeken/archief/4.RGD/invnr/986.1/file/
987.1,Dienstwoningen,'s-Gravendamseweg 46 en 52,Noordwijkerhout,Zuid-Holland,woningbouw,tekening,IB,1928,1936,1,52.249496,4.485001,straat,https://www.nationaalarchief.nl/onderzoeken/archief/4.RGD/invnr/987.1/file/
988.1,Hulppost- en telefoonkantoor,Havenstraat 54-56,Noordwijkerhout,Zuid-Holland,post & telegraaf,tekening,IB,1930,1940,1,52.261348,4.496038,adres,https://www.nationaalarchief.nl/onderzoeken/archief/4.RGD/invnr/988.1/file/
989.1,Dienstwoning,Herenweg 18,Noordwijkerhout,Zuid-Holland,woningbouw,tekening,IB,1924,1935,1,52.26404,4.496672,adres,https://www.nationaalarchief.nl/onderzoeken/archief/4.RGD/invnr/989.1/file/
990.1,Dienstwoningen,Kerkweg 39-41,Noordwijkerhout,Zuid-Holland,kerk & religie,tekening,IB,1934,1935,1,52.255659,4.51194,adres,https://www.nationaalarchief.nl/onderzoeken/archief/4.RGD/invnr/990.1/file/
1123.1,Sanatorium Erica / Internaat bijzondere jeugdzorg,Ericaweg 2,Nunspeet,Gelderland,post & telegraaf,tekening,IB,1925,1934,5,52.37052,5.789432,straat,https://www.nationaalarchief.nl/onderzoeken/archief/4.RGD/invnr/1123.1/file/
1124.1,Bestektekeningen voor de bouw en werktekeningen,Sanatorium Rhijngeest en kinderpolikliniek,Oegstgeest,Zuid-Holland,zorg,tekening,IB,1925,1938,4,52.178885,4.457038,straat,https://www.nationaalarchief.nl/onderzoeken/archief/4.RGD/invnr/1124.1/file/
1125.1,Villa,,Oegstgeest,Zuid-Holland,woningbouw,tekening,IB,1923,1923,1,52.185553,4.471211,plaats,https://www.nationaalarchief.nl/onderzoeken/archief/4.RGD/invnr/1125.1/file/
1126.1,Jelgersmakliniek,Rhijngeesterstraatweg,Oegstgeest,Zuid-Holland,zorg,tekening,IB,1901,1935,4,52.180781,4.465107,straat,https://www.nationaalarchief.nl/onderzoeken/archief/4.RGD/invnr/1126.1/file/
1127.1,Kantongerecht,,Oirschot,Noord-Brabant,rechtspraak,tekening,IB,1920,1920,1,51.492614,5.28978,plaats,https://www.nationaalarchief.nl/onderzoeken/archief/4.RGD/invnr/1127.1/file/
1128.1,Post- en telegraafgebouw,Kerkstraat 318,Oisterwijk,Noord-Brabant,post & telegraaf,tekening,IB,1909,1931,2,51.579439,5.188101,straat,https://www.nationaalarchief.nl/onderzoeken/archief/4.RGD/invnr/1128.1/file/
1129.1,Post- en telegraafgebouw,Steenstraat 51,Oldenzaal,Overijssel,post & telegraaf,tekening,IB,1931,1941,3,52.31001,6.928009,adres,https://www.nationaalarchief.nl/onderzoeken/archief/4.RGD/invnr/1129.1/file/
1130.1,Marechausseekazerne,Hammerweg 22,Ommen,Overijssel,politie,tekening,IB,1924,1925,8,52.508495,6.420447,adres,https://www.nationaalarchief.nl/onderzoeken/archief/4.RGD/invnr/1130.1/file/
1131.1,Post- en telegraafgebouw,Markt,Ommen,Overijssel,post & telegraaf,tekening,IB,1906,1936,3,52.518451,6.421039,straat,https://www.nationaalarchief.nl/onderzoeken/archief/4.RGD/invnr/1131.1/file/
1132.1,Ommerschans,,Ommen,Overijssel,landbouw & veeteelt,tekening,IB,1872,1872,1,52.51613,6.434762,plaats,https://www.nationaalarchief.nl/onderzoeken/archief/4.RGD/invnr/1132.1/file/
1133.1,Kantongerecht,Spoorstraat 41,Zuidbroek,Groningen,rechtspraak,tekening,IB,1883,1939,6,53.160571,6.863456,adres,https://www.nationaalarchief.nl/onderzoeken/archief/4.RGD/invnr/1133.1/file/
1134.1,Gevangenis / Post- en telegraafgebouw,,Oostburg,Zeeland,gevangeniswezen,tekening,IB,1903,1903,1,51.324506,3.478293,plaats,https://www.nationaalarchief.nl/onderzoeken/archief/4.RGD/invnr/1134.1/file/
1135.1,Rijks-h.b.s,Breedestraat 30,Oostburg,Zeeland,onderwijs & wetenschap,tekening,IB,1922,1940,21,51.327395,3.491856,adres,https://www.nationaalarchief.nl/onderzoeken/archief/4.RGD/invnr/1135.1/file/
1136.1,Post- en telegraafgebouw,Brouwerijstraat 12-14,Oostburg,Zeeland,post & telegraaf,tekening,IB,1905,1931,4,51.327438,3.49151,straat,https://www.nationaalarchief.nl/onderzoeken/archief/4.RGD/invnr/1136.1/file/
1137.1,Post- en telegraafgebouw,"Spuiplein 15-17, Breskens",Oostburg,Zeeland,post & telegraaf,tekening,IB,1890,1941,5,51.330243,3.491918,adres,https://www.nationaalarchief.nl/onderzoeken/archief/4.RGD/invnr/1137.1/file/
1138.1,Onderwijzerswoning,"Mariastraat 21, Cadzand",Oostburg,Zeeland,woningbouw,tekening,IB,1895,1905,1,51.330362,3.491963,adres,https://www.nationaalarchief.nl/onderzoeken/archief/4.RGD/invnr/1138.1/file/
1139.1,Post- en telegraafgebouw,"Gouverneurstraat 2-4, IJzendijke",Oostburg,Zeeland,post & telegraaf,tekening,IB,1906,1929,4,51.316092,3.430767,straat,https://www.nationaalarchief.nl/onderzoeken/archief/4.RGD/invnr/1139.1/file/
1140.1,Woning met machinegebouw voor een stoommisthoorn / Demagnetiseringsstation,Nieuwesluis,Oostburg,Zeeland,waterstaat & techniek,tekening,IB,1875,1915,3,51.323752,3.487811,straat,https://www.nationaalarchief.nl/onderzoeken/archief/4.RGD/invnr/1140.1/file/
1141.1,Kasteel Strijen / Ruïne,,Oosterhout,Noord-Brabant,overig,tekening,IB,1885,1935,4,51.637774,4.864068,plaats,https://www.nationaalarchief.nl/onderzoeken/archief/4.RGD/invnr/1141.1/file/
1142.1,Marechausseekazerne,"Grote Singel, Oosterwolde",Ooststellingwerf,Fryslân,politie,tekening,IB,1935,1945,3,52.936464,6.130216,straat,https://www.nationaalarchief.nl/onderzoeken/archief/4.RGD/invnr/1142.1/file/
1143.1,Post- en telegraafgebouw,"Stationsstraat 10-12, Oosterwolde",Ooststellingwerf,Fryslân,post & telegraaf,tekening,IB,1917,1927,51,52.990023,6.291119,straat,https://www.nationaalarchief.nl/onderzoeken/archief/4.RGD/invnr/1143.1/file/
1144.1,Telefoongebouw,"Boslaan, Beetsterzwaag",Opsterland,Fryslân,post & telegraaf,tekening,IB,1939,1939,2,53.057668,6.077624,straat,https://www.nationaalarchief.nl/onderzoeken/archief/4.RGD/invnr/1144.1/file/
1145.1,Kantongerecht,"Hoofdstraat 87, Beetsterzwaag",Opsterland,Fryslân,rechtspraak,tekening,IB,1923,1966,6,53.059539,6.081467,adres,https://www.nationaalarchief.nl/onderzoeken/archief/4.RGD/invnr/1145.1/file/
1146.1,Telefoongebouw,Klaphekkenstraat 46,Oss,Noord-Brabant,post & telegraaf,tekening,IB,1939,1940,2,51.769051,5.528292,straat,https://www.nationaalarchief.nl/onderzoeken/archief/4.RGD/invnr/1146.1/file/
1147.1,Post- en telegraafgebouw,Molenstraat 32-34,Oss,Noord-Brabant,post & telegraaf,tekening,IB,1930,1930,1,51.766547,5.526396,adres,https://www.nationaalarchief.nl/onderzoeken/archief/4.RGD/invnr/1147.1/file/
1148.1,Rijks-h.b.s,H.B.S.-laan 8-12,Oud Beijerland,Zuid-Holland,onderwijs & wetenschap,tekening,IB,1925,1935,8,51.820914,4.412988,straat,https://www.nationaalarchief.nl/onderzoeken/archief/4.RGD/invnr/1148.1/file/
1149.1,Kantongerecht,Stenenstraat 20,Oud Beijerland,Zuid-Holland,rechtspraak,tekening,IB,1880,1938,9,51.827925,4.408701,adres,https://www.nationaalarchief.nl/onderzoeken/archief/4.RGD/invnr/1149.1/file/
1150.1,Post- en telegraafgebouw,Feiko Clockstraat 139,Oude Pekela,Groningen,post & telegraaf,tekening,IB,1898,1898,1,53.101997,7.007043,adres,https://www.nationaalarchief.nl/onderzoeken/archief/4.RGD/invnr/1150.1/file/
1151.1,Post- en telegraafgebouw,De Markt / Schoolsteeg,Oudenbosch,Noord-Brabant,post & telegraaf,tekening,IB,1897,1930,2,51.588781,4.527169,straat,https://www.nationaalarchief.nl/onderzoeken/archief/4.RGD/invnr/1151.1/file/
1152.1,Post- en telegraafgebouw,Leeuweringerstraat 15-17,Oudewater,Utrecht,post & telegraaf,tekening,IB,1904,1930,2,52.023857,4.871455,adres,https://www.nationaalarchief.nl/onderzoeken/archief/4.RGD/invnr/1152.1/file/
1153.1,Woonhuis,Peperstraat,Oudewater,Utrecht,woningbouw,tekening,IB,1885,1885,2,52.022642,4.87213,straat,https://www.nationaalarchief.nl/onderzoeken/archief/4.RGD/invnr/1153.1/file/
1154.1,Marechausseekazerne / Rijkspolitiebureau,Veerdam 4-8,Papendrecht,Zuid-Holland,politie,tekening,IB,1940,1940,2,51.823357,4.682546,straat,https://www.nationaalarchief.nl/onderzoeken/archief/4.RGD/invnr/1154.1/file/
1156.1,Beukenstraat,,Purmerend,Noord-Holland,overig,tekening,IB,1939,1939,1,52.543583,4.930686,plaats,https://www.nationaalarchief.nl/onderzoeken/archief/4.RGD/invnr/1156.1/file/
1157.1,Belastinggebouw,Plantsoengracht 6,Purmerend,Noord-Holland,bestuur & financiën,tekening,IB,1930,1940,2,52.507576,4.950779,straat,https://www.nationaalarchief.nl/onderzoeken/archief/4.RGD/invnr/1157.1/file/
1158.1,Kantongerecht,Plantsoengracht,Purmerend,Noord-Holland,rechtspraak,tekening,IB,1912,1912,3,52.507576,4.950779,straat,https://www.nationaalarchief.nl/onderzoeken/archief/4.RGD/invnr/1158.1/file/
1159.1,Rijks-h.b.s,Wilhelminalaan 1,Purmerend,Noord-Holland,onderwijs & wetenschap,tekening,IB,1922,1925,110,52.504823,4.951497,straat,https://www.nationaalarchief.nl/onderzoeken/archief/4.RGD/invnr/1159.1/file/
1160.1,Grenskantoor c.a,Antwerpsestraat 13,Putte,Noord-Brabant,douane & opslag,tekening,IB,1910,1939,7,51.36169,4.392362,straat,https://www.nationaalarchief.nl/onderzoeken/archief/4.RGD/invnr/1160.1/file/
1161.1,Telefoongebouw,,Raalte,Overijssel,post & telegraaf,tekening,IB,1939,1939,2,52.387827,6.27905,plaats,https://www.nationaalarchief.nl/onderzoeken/archief/4.RGD/invnr/1161.1/file/
1162.1,Post- en telegraafgebouw,"Wilhelminalaan 101-102, Raamsdonksveer",Raamsdonk,Noord-Brabant,post & telegraaf,tekening,IB,1930,1930,1,51.711497,4.89935,straat,https://www.nationaalarchief.nl/onderzoeken/archief/4.RGD/invnr/1162.1/file/
1163.1,Woning voor de verificateur van de belastingdienst,"Hansweerterstraatweg 40, Hansweert",Reimerswaal,Zeeland,bestuur & financiën,tekening,IB,1925,1935,1,51.419663,4.13566,straat,https://www.nationaalarchief.nl/onderzoeken/archief/4.RGD/invnr/1163.1/file/
1164.1,Belastinggebouw,"Oosthavendijk 20-22-30, Hansweert",Reimerswaal,Zeeland,bestuur & financiën,tekening,IB,1922,1923,8,51.499702,4.052365,adres,https://www.nationaalarchief.nl/onderzoeken/archief/4.RGD/invnr/1164.1/file/
1165.1,Post- en telegraafgebouw,"Schoolstraat 6, Hansweert",Reimerswaal,Zeeland,post & telegraaf,tekening,IB,1893,1930,3,51.448341,4.004983,straat,https://www.nationaalarchief.nl/onderzoeken/archief/4.RGD/invnr/1165.1/file/
1166.1,Post- en telegraafgebouw,"Damstraat 19-21, Yerseke",Reimerswaal,Zeeland,post & telegraaf,tekening,IB,1909,1941,4,51.49747,4.046534,straat,https://www.nationaalarchief.nl/onderzoeken/archief/4.RGD/invnr/1166.1/file/
1167.1,Post- en telegraafgebouw,Dorpsstraat 9-11,Renkum,Gelderland,post & telegraaf,tekening,IB,1935,1939,13,51.972836,5.733195,adres,https://www.nationaalarchief.nl/onderzoeken/archief/4.RGD/invnr/1167.1/file/
1168.1,Hulp post- en telegraafgebouw,"Wolfhezerweg 81, Wolfheze",Renkum,Gelderland,post & telegraaf,tekening,IB,1920,1935,1,52.004949,5.792349,adres,https://www.nationaalarchief.nl/onderzoeken/archief/4.RGD/invnr/1168.1/file/
1169.1,Post- en telegraafgebouw,"Annastraat, Oosterbeek",Renkum,Gelderland,post & telegraaf,tekening,IB,1916,1919,8,51.986153,5.840789,straat,https://www.nationaalarchief.nl/onderzoeken/archief/4.RGD/invnr/1169.1/file/
1170.1,Stationsgebouw / Grenskantoor,Turnhoutseweg 48A,Reusel,Noord-Brabant,douane & opslag,tekening,IB,1890,1938,3,51.35477,5.14144,straat,https://www.nationaalarchief.nl/onderzoeken/archief/4.RGD/invnr/1170.1/file/
1171.1,Post- en telegraafgebouw / Magazijn van de technische dienst,"Prinsestraat 12, Dieren",Rheden,Gelderland,post & telegraaf,tekening,IB,1939,1939,1,52.002986,6.024751,adres,https://www.nationaalarchief.nl/onderzoeken/archief/4.RGD/invnr/1171.1/file/
1172.1,Post- en telegraafgebouw,"Hoofdstraat 27-29, Velp",Rheden,Gelderland,post & telegraaf,tekening,IB,1908,1932,2,51.995672,5.975013,adres,https://www.nationaalarchief.nl/onderzoeken/archief/4.RGD/invnr/1172.1/file/
1173.1,Post- en telegraafgebouw,Grutterstraat 22,Rhenen,Utrecht,post & telegraaf,tekening,IB,1931,1931,1,51.958403,5.565552,straat,https://www.nationaalarchief.nl/onderzoeken/archief/4.RGD/invnr/1173.1/file/
1174.1,Dubbele woning voor de douane,Europakade 24-26,Tolkamer,,douane & opslag,tekening,IB,1931,1932,1,51.854922,6.099042,adres,https://www.nationaalarchief.nl/onderzoeken/archief/4.RGD/invnr/1174.1/file/
1175.1,Postkantoor en kommiezenwoningen,Hoofdstraat,Tolkamer,,post & telegraaf,tekening,IB,1905,1915,1,51.852397,6.103993,straat,https://www.nationaalarchief.nl/onderzoeken/archief/4.RGD/invnr/1175.1/file/
1176.1,"Woningen van verificateurs, kommiezen en sloeproeiers",Tolstraat 17-35,Tolkamer,,woningbouw,tekening,IB,1890,1900,4,51.852207,6.102074,straat,https://www.nationaalarchief.nl/onderzoeken/archief/4.RGD/invnr/1176.1/file/
1177.1,"Kommiezenwoningen a, b, c, d, e en f",Tolstraat 39-49,Tolkamer,,overig,tekening,IB,1911,1911,1,51.852102,6.101552,adres,https://www.nationaalarchief.nl/onderzoeken/archief/4.RGD/invnr/1177.1/file/
1178.1,Belastinggebouw,Begijnenhofstraat 38,Roermond,Limburg,bestuur & financiën,tekening,IB,1900,1920,8,51.205729,6.006753,adres,https://www.nationaalarchief.nl/onderzoeken/archief/4.RGD/invnr/1178.1/file/
1179.1,Rijks-h.b.s,Jezuïtenstraat,Roermond,Limburg,onderwijs & wetenschap,tekening,IB,1895,1929,15,51.199251,6.050298,straat,https://www.nationaalarchief.nl/onderzoeken/archief/4.RGD/invnr/1179.1/file/
1180.1,Post- en telegraafgebouw c.a,Kloosterhofstraat,Roermond,Limburg,post & telegraaf,tekening,IB,1907,1942,37,51.199251,6.050298,straat,https://www.nationaalarchief.nl/onderzoeken/archief/4.RGD/invnr/1180.1/file/
1181.1,Telefoongebouw,Kloosterwandstraat 10,Roermond,Limburg,post & telegraaf,tekening,IB,1936,1945,45,51.192205,5.989446,straat,https://www.nationaalarchief.nl/onderzoeken/archief/4.RGD/invnr/1181.1/file/
1182.1,Huis van bewaring / Strafgevangenis / Archiefgebouw,Pollartstraat 7-9,Roermond,Limburg,gevangeniswezen,tekening,IB,1875,1916,14,51.194676,5.989256,straat,https://www.nationaalarchief.nl/onderzoeken/archief/4.RGD/invnr/1182.1/file/
1183.1,Grenskantoor,"Maalbroek, Maasniel",Roermond,Limburg,douane & opslag,tekening,IB,1925,1925,1,51.198871,6.047018,straat,https://www.nationaalarchief.nl/onderzoeken/archief/4.RGD/invnr/1183.1/file/
1184.1,Post- en telegraafgebouw / Telefoongebouw,Markt 31,Roosendaal,Noord-Brabant,post & telegraaf,tekening,IB,1896,1941,11,51.532957,4.455252,adres,https://www.nationaalarchief.nl/onderzoeken/archief/4.RGD/invnr/1184.1/file/
1185.1,Postlokaal,Stationsstraat 51,Roosendaal,Noord-Brabant,post & telegraaf,tekening,IB,1906,1906,2,51.539221,4.458167,adres,https://www.nationaalarchief.nl/onderzoeken/archief/4.RGD/invnr/1185.1/file/
1186.1,Grenskantoor,Ettendeweg 56,Nispen,Noord-Brabant,douane & opslag,tekening,IB,1939,1939,5,51.486357,4.45698,adres,https://www.nationaalarchief.nl/onderzoeken/archief/4.RGD/invnr/1186.1/file/
1187.1,Abattoir voor de export,,Rotterdam,Zuid-Holland,landbouw & veeteelt,tekening,IB,1902,1902,5,51.931018,4.27688,plaats,https://www.nationaalarchief.nl/onderzoeken/archief/4.RGD/invnr/1187.1/file/
1188.1,Belastinggebouw,Boompjes,Rotterdam,Zuid-Holland,bestuur & financiën,tekening,IB,1910,1922,22,51.915402,4.48871,straat,https://www.nationaalarchief.nl/onderzoeken/archief/4.RGD/invnr/1188.1/file/
1189.1,Belastinggebouw met postkantoor,Calandstraat 15b,Rotterdam,Zuid-Holland,post & telegraaf,tekening,IB,1930,1930,1,51.906722,4.475979,straat,https://www.nationaalarchief.nl/onderzoeken/archief/4.RGD/invnr/1189.1/file/
1190.1,Rijkskweekschool voor vroedvrouwen,Henegouwerlaan 70,Rotterdam,Zuid-Holland,onderwijs & wetenschap,tekening,IB,1910,1910,12,51.920838,4.463558,adres,https://www.nationaalarchief.nl/onderzoeken/archief/4.RGD/invnr/1190.1/file/
1191.1,Fabriek voor chocolade en suikerwerk / Hulpgevangenis / Politieverbindingsdienst,Insulindestraat 236,Rotterdam,Zuid-Holland,politie,tekening,IB,1910,1911,9,51.932586,4.469328,adres,https://www.nationaalarchief.nl/onderzoeken/archief/4.RGD/invnr/1191.1/file/
1192.1,Rechtbank / Huis van bewaring / Strafgevangenis,Noordsingel 113-117,Rotterdam,Zuid-Holland,gevangeniswezen,tekening,IB,1870,1940,210,51.931813,4.476559,adres,https://www.nationaalarchief.nl/onderzoeken/archief/4.RGD/invnr/1192.1/file/
1193.1,Marineterrein / Marinierskazerne,Oud Mathenesse Polder,Rotterdam,Zuid-Holland,militair,tekening,IB,1925,1935,1,51.92388,4.420006,straat,https://www.nationaalarchief.nl/onderzoeken/archief/4.RGD/invnr/1193.1/file/
1194.1,Rijksseruminrichting,Prof. Poelslaan 35,Rotterdam,Zuid-Holland,overig,tekening,IB,1930,1931,33,51.915969,4.423471,adres,https://www.nationaalarchief.nl/onderzoeken/archief/4.RGD/invnr/1194.1/file/
1195.1,Belastinggebouw,Puntegaalstraat 5,Rotterdam,Zuid-Holland,bestuur & financiën,tekening,IB,1939,1952,82,51.907227,4.463044,straat,https://www.nationaalarchief.nl/onderzoeken/archief/4.RGD/invnr/1195.1/file/
1196.1,Marinierskazerne Van Ghent,Toepad 120,Rotterdam,Zuid-Holland,militair,tekening,IB,1938,1964,38,51.908752,4.529013,adres,https://www.nationaalarchief.nl/onderzoeken/archief/4.RGD/invnr/1196.1/file/
1197.1,Politiehavendienst / Inspectie der invoerrechten en accijnzen,Vondelingenplaat (Pernis),Rotterdam,Zuid-Holland,politie,tekening,IB,1934,1935,3,51.887278,4.331206,straat,https://www.nationaalarchief.nl/onderzoeken/archief/4.RGD/invnr/1197.1/file/
1198.1,Districtsbureau van de Rijksgebouwendienst,Westkruiskade 10c,Rotterdam,Zuid-Holland,bestuur & financiën,tekening,IB,1930,1940,1,51.937912,4.434714,adres,https://www.nationaalarchief.nl/onderzoeken/archief/4.RGD/invnr/1198.1/file/
1199.1,Post- en telegraafgebouw,Hoofdstraat 197,Sassenheim,Zuid-Holland,post & telegraaf,tekening,IB,1905,1937,7,52.2263,4.521916,adres,https://www.nationaalarchief.nl/onderzoeken/archief/4.RGD/invnr/1199.1/file/
1200.1,Grenskantoor,Westkade 35,Sas van Gent,Zeeland,douane & opslag,tekening,IB,1905,1934,3,51.238249,3.808369,straat,https://www.nationaalarchief.nl/onderzoeken/archief/4.RGD/invnr/1200.1/file/
1201.1,Grenskantoor,"Posthoornstraat 10, Philippine",Sas van Gent,Zeeland,post & telegraaf,tekening,IB,1934,1934,1,51.233994,3.792765,straat,https://www.nationaalarchief.nl/onderzoeken/archief/4.RGD/invnr/1201.1/file/
1202.1,Post- en telegraafgebouw,Wilhelminaplein 1,Sas van Gent,Zeeland,post & telegraaf,tekening,IB,1890,1900,2,51.226337,3.800072,straat,https://www.nationaalarchief.nl/onderzoeken/archief/4.RGD/invnr/1202.1/file/
1203.1,Post- en telegraafgebouw,,Schagen,Noord-Holland,post & telegraaf,tekening,IB,1932,1932,1,52.787326,4.742217,plaats,https://www.nationaalarchief.nl/onderzoeken/archief/4.RGD/invnr/1203.1/file/
1204.1,Telefoongebouw,Herenbosstraat 10,Schagen,Noord-Holland,post & telegraaf,tekening,IB,1937,1937,40,52.785494,4.798793,adres,https://www.nationaalarchief.nl/onderzoeken/archief/4.RGD/invnr/1204.1/file/
1205.1,Kantongerecht / Belastingkantoor,Landbouwstraat 13,Schagen,Noord-Holland,rechtspraak,tekening,IB,1879,1940,9,52.785847,4.802723,straat,https://www.nationaalarchief.nl/onderzoeken/archief/4.RGD/invnr/1205.1/file/
1206.1,Monument Graaf Adolf,"Provincialeweg, Heiligerlee",Scheemda,Groningen,woningbouw,tekening,IB,1876,1938,6,53.186565,6.971567,straat,https://www.nationaalarchief.nl/onderzoeken/archief/4.RGD/invnr/1206.1/file/
1207.1,Versterkerstation,Rijksstraatweg,Scherpenzeel,Gelderland,overig,tekening,IB,1930,1940,1,52.081393,5.488016,straat,https://www.nationaalarchief.nl/onderzoeken/archief/4.RGD/invnr/1207.1/file/
1208.1,Kantongerecht,Lange Haven 65,Schiedam,Zuid-Holland,rechtspraak,tekening,IB,1895,1944,13,51.914513,4.397535,adres,https://www.nationaalarchief.nl/onderzoeken/archief/4.RGD/invnr/1208.1/file/
1209.1,Belastinggebouw / Districtskantoor van de Rijksgebouwendienst,Lange Haven 67,Schiedam,Zuid-Holland,bestuur & financiën,tekening,IB,1944,1961,6,51.914609,4.397316,adres,https://www.nationaalarchief.nl/onderzoeken/archief/4.RGD/invnr/1209.1/file/
1210.1,Kweekschool,Doelenplein 12,Schoonhoven,Zuid-Holland,onderwijs & wetenschap,tekening,IB,1923,1923,2,51.946952,4.853216,straat,https://www.nationaalarchief.nl/onderzoeken/archief/4.RGD/invnr/1210.1/file/
1211.1,Post- en telegraafgebouw,Lopikerstraat 11,Schoonhoven,Zuid-Holland,post & telegraaf,tekening,IB,1932,1932,1,51.946402,4.854133,straat,https://www.nationaalarchief.nl/onderzoeken/archief/4.RGD/invnr/1211.1/file/
1213.1,Post- en telegraafgebouw,Nieuwstraat 20-22,St.-Michielsgestel,Noord-Brabant,post & telegraaf,tekening,IB,1910,1928,2,51.64316,5.352725,straat,https://www.nationaalarchief.nl/onderzoeken/archief/4.RGD/invnr/1213.1/file/
1214.1,Post- en telegraafgebouw,Borchmolendijk 5-7,St.-Oedenrode,Noord-Brabant,post & telegraaf,tekening,IB,1901,1901,2,51.565551,5.463483,straat,https://www.nationaalarchief.nl/onderzoeken/archief/4.RGD/invnr/1214.1/file/
1215.1,Post- en telegraafgebouw,Stomperstraat 11,St.-Oedenrode,Noord-Brabant,post & telegraaf,tekening,IB,1931,1931,2,51.571781,5.479923,straat,https://www.nationaalarchief.nl/onderzoeken/archief/4.RGD/invnr/1215.1/file/
1216.1,Post- en Telegraafgebouw,,Sittard,Limburg,post & telegraaf,tekening,IB,1930,1940,1,51.004859,5.828204,plaats,https://www.nationaalarchief.nl/onderzoeken/archief/4.RGD/invnr/1216.1/file/
1217.1,"Post- en telegraafgebouw, telefoongebouw",Engelenkampstraat 62,Sittard,Limburg,post & telegraaf,tekening,IB,1934,1937,112,50.99646,5.866605,adres,https://www.nationaalarchief.nl/onderzoeken/archief/4.RGD/invnr/1217.1/file/
1218.1,Post- en telegraafgebouw,Midstraat,Skasterlân,,post & telegraaf,tekening,IB,1890,1935,2,52.967292,5.796026,straat,https://www.nationaalarchief.nl/onderzoeken/archief/4.RGD/invnr/1218.1/file/
1219.1,Post- en telegraafgebouw,Stationweg 11,Sliedrecht,Zuid-Holland,post & telegraaf,tekening,IB,1915,1925,1,51.823402,4.80198,straat,https://www.nationaalarchief.nl/onderzoeken/archief/4.RGD/invnr/1219.1/file/
1220.1,Raadhuis,,Sluis,Zeeland,bestuur & financiën,tekening,IB,1940,1950,1,51.333414,3.523103,plaats,https://www.nationaalarchief.nl/onderzoeken/archief/4.RGD/invnr/1220.1/file/
1221.1,Post- en telegraafgebouw,Kapellestraat 29,Sluis,Zeeland,post & telegraaf,tekening,IB,1906,1906,1,51.307924,3.387031,adres,https://www.nationaalarchief.nl/onderzoeken/archief/4.RGD/invnr/1221.1/file/
1222.1,Belastinggebouw,St.-Annaweg,Sluis,Zeeland,bestuur & financiën,tekening,IB,1903,1903,1,51.309112,3.675299,straat,https://www.nationaalarchief.nl/onderzoeken/archief/4.RGD/invnr/1222.1/file/
1223.1,Grenskantoor,"St.-Annaweg, St.-Anna ter Muiden",Sluis,Zeeland,douane & opslag,tekening,IB,1937,1938,3,51.309112,3.675299,straat,https://www.nationaalarchief.nl/onderzoeken/archief/4.RGD/invnr/1223.1/file/
1224.1,Telefoongebouw,"Noorderbuurt, Drachten",Smallingerland,Fryslân,post & telegraaf,tekening,IB,1938,1939,106,53.108309,6.097533,straat,https://www.nationaalarchief.nl/onderzoeken/archief/4.RGD/invnr/1224.1/file/
1225.1,Post- en telegraafgebouw,Noorderbuurt 30-32,Smallingerland,Fryslân,post & telegraaf,tekening,IB,1926,1926,1,53.108309,6.097533,straat,https://www.nationaalarchief.nl/onderzoeken/archief/4.RGD/invnr/1225.1/file/
1226.1,Middelbare landbouwschool,Torenstraat 12,Smallingerland,Fryslân,onderwijs & wetenschap,tekening,IB,1920,1930,21,53.11075,6.100235,straat,https://www.nationaalarchief.nl/onderzoeken/archief/4.RGD/invnr/1226.1/file/
1227.1,Rijks-h.b.s. c.a,Torenstraat 28,Smallingerland,Fryslân,onderwijs & wetenschap,tekening,IB,1915,1925,41,53.11075,6.100235,straat,https://www.nationaalarchief.nl/onderzoeken/archief/4.RGD/invnr/1227.1/file/
1228.1,Strafgevangenis,"Achter kantongerecht, Marktstraat 27",Sneek,Fryslân,gevangeniswezen,tekening,IB,1843,1905,7,53.022084,5.655072,straat,https://www.nationaalarchief.nl/onderzoeken/archief/4.RGD/invnr/1228.1/file/
1229.1,Post- en telegraafgebouw / Telefoongebouw,Leeuwenburg 8,Sneek,Fryslân,post & telegraaf,tekening,IB,1931,1945,29,53.032011,5.660459,straat,https://www.nationaalarchief.nl/onderzoeken/archief/4.RGD/invnr/1229.1/file/
1230.1,Post- en telegraafgebouw,Vredenhofstraat 6,Soest,Utrecht,post & telegraaf,tekening,IB,1932,1932,2,52.161883,5.300063,adres,https://www.nationaalarchief.nl/onderzoeken/archief/4.RGD/invnr/1230.1/file/
1231.1,Vliegtuigloods,Soesterberg,Soest,Utrecht,douane & opslag,tekening,IB,1914,1917,3,52.115875,5.305516,straat,https://www.nationaalarchief.nl/onderzoeken/archief/4.RGD/invnr/1231.1/file/
1232.1,Post- en telegraafgebouw,"Hoofdstraat 17, Bovenkarspel",Stede Broec,Noord-Holland,post & telegraaf,tekening,IB,1920,1935,35,52.698367,5.246168,straat,https://www.nationaalarchief.nl/onderzoeken/archief/4.RGD/invnr/1232.1/file/
1234.1,Post- en telegraafgebouw,Oosterstraat 80,Steenwijk,Overijssel,post & telegraaf,tekening,IB,1921,1935,16,52.787366,6.119413,adres,https://www.nationaalarchief.nl/onderzoeken/archief/4.RGD/invnr/1234.1/file/
1235.1,Telefoongebouw,Oosterwijkstraat 19,Steenwijk,Overijssel,post & telegraaf,tekening,IB,1938,1938,2,52.791127,6.122609,adres,https://www.nationaalarchief.nl/onderzoeken/archief/4.RGD/invnr/1235.1/file/
1236.1,Rijks-h.b.s,J.H. Tromp Meestersstraat 3,Steenwijk,Overijssel,onderwijs & wetenschap,tekening,IB,1919,1956,47,52.78924,6.116188,straat,https://www.nationaalarchief.nl/onderzoeken/archief/4.RGD/invnr/1236.1/file/
1237.1,Belastinggebouw / G.A.B-districtsbureau,Willem de Zwijgerstraat 9,Steenwijk,Overijssel,bestuur & financiën,tekening,IB,1939,1940,54,52.789085,6.118923,adres,https://www.nationaalarchief.nl/onderzoeken/archief/4.RGD/invnr/1237.1/file/
1238.1,Rijks lagere school,Willemsoord,Steenwijk,Overijssel,onderwijs & wetenschap,tekening,IB,1914,1933,3,52.800174,6.126117,straat,https://www.nationaalarchief.nl/onderzoeken/archief/4.RGD/invnr/1238.1/file/
1239.1,Post- en telegraafgebouw,Grotestraat 23,Tegelen,Limburg,post & telegraaf,tekening,IB,1932,1932,3,51.3442,6.139008,adres,https://www.nationaalarchief.nl/onderzoeken/archief/4.RGD/invnr/1239.1/file/
1240.1,Grenskantoor,Kaldenkerkerweg,Tegelen,Limburg,douane & opslag,tekening,IB,1889,1896,2,51.335227,6.157933,straat,https://www.nationaalarchief.nl/onderzoeken/archief/4.RGD/invnr/1240.1/file/
1241.1,Boerderij Reidhoeve,"Dallingermeesterweg 20, Fiemel",Termunten,Groningen,landbouw & veeteelt,tekening,IB,1938,1938,3,53.295525,7.038202,adres,https://www.nationaalarchief.nl/onderzoeken/archief/4.RGD/invnr/1241.1/file/
1242.1,Belastinggebouw,Axelsestraat / Rosegracht,Terneuzen,Zeeland,bestuur & financiën,tekening,IB,1940,1940,3,51.329062,3.834291,straat,https://www.nationaalarchief.nl/onderzoeken/archief/4.RGD/invnr/1242.1/file/
1243.1,Telefoongebouw,Javaplantsoen,Terneuzen,Zeeland,post & telegraaf,tekening,IB,1937,1937,2,51.328299,3.864211,straat,https://www.nationaalarchief.nl/onderzoeken/archief/4.RGD/invnr/1243.1/file/
1244.1,Kantongerecht,Markt 20,Terneuzen,Zeeland,rechtspraak,tekening,IB,1914,1915,13,51.337036,3.828292,straat,https://www.nationaalarchief.nl/onderzoeken/archief/4.RGD/invnr/1244.1/file/
1245.1,Palenloods van de P.T.T. / Magazijn,Middenkanaalarm,Terneuzen,Zeeland,douane & opslag,tekening,IB,1920,1930,4,51.328299,3.864211,straat,https://www.nationaalarchief.nl/onderzoeken/archief/4.RGD/invnr/1245.1/file/
1246.1,Post- en telegraafgebouw,Nieuwstraat 62,Terneuzen,Zeeland,post & telegraaf,tekening,IB,1900,1938,18,51.338639,3.824581,straat,https://www.nationaalarchief.nl/onderzoeken/archief/4.RGD/invnr/1246.1/file/
1247.1,Telefoongebouw,Van Steenberglaan,Terneuzen,Zeeland,post & telegraaf,tekening,IB,1938,1938,1,51.337225,3.822588,straat,https://www.nationaalarchief.nl/onderzoeken/archief/4.RGD/invnr/1247.1/file/
1248.1,Rijks-h.b.s,Zuidlandstraat 113,Terneuzen,Zeeland,onderwijs & wetenschap,tekening,IB,1905,1915,2,51.329335,3.841965,adres,https://www.nationaalarchief.nl/onderzoeken/archief/4.RGD/invnr/1248.1/file/
1249.1,Rijkspakhuis der strandvonderij,Hoorn,Terschelling,Fryslân,douane & opslag,tekening,IB,1885,1895,1,53.405511,5.343687,straat,https://www.nationaalarchief.nl/onderzoeken/archief/4.RGD/invnr/1249.1/file/
1250.1,Post- en telegraafgebouw,"Willem Barendszkade, West-Terschelling",Terschelling,Fryslân,post & telegraaf,tekening,IB,1900,1939,9,53.358845,5.216563,straat,https://www.nationaalarchief.nl/onderzoeken/archief/4.RGD/invnr/1250.1/file/
1251.1,Telegraafbergplaats,"Achter het postkantoor, West-Terschelling",Terschelling,Fryslân,post & telegraaf,tekening,IB,1916,1916,1,53.358385,5.214774,straat,https://www.nationaalarchief.nl/onderzoeken/archief/4.RGD/invnr/1251.1/file/
1252.1,Post- en telegraafgebouw c.a,"Brink, De Koog",Texel,Noord-Holland,post & telegraaf,tekening,IB,1939,1939,52,53.096817,4.761211,straat,https://www.nationaalarchief.nl/onderzoeken/archief/4.RGD/invnr/1252.1/file/
1253.1,Vliegkamp De Mok / Joost Dourlainkazerne,Mokbaai,Texel,Noord-Holland,militair,tekening,IB,,,51,53.027188,4.799329,straat,https://www.nationaalarchief.nl/onderzoeken/archief/4.RGD/invnr/1253.1/file/
1266.1,Post- en telegraafgebouw,Hoogstraat 19 / Visstraat 1-7,Tholen,Zeeland,post & telegraaf,tekening,IB,1893,1941,12,51.53149,4.222089,straat,https://www.nationaalarchief.nl/onderzoeken/archief/4.RGD/invnr/1266.1/file/
1267.1,Villa Gizelina / Belastinggebouw,Postweg,Tholen,Zeeland,post & telegraaf,tekening,IB,1908,1942,3,51.536771,4.193692,straat,https://www.nationaalarchief.nl/onderzoeken/archief/4.RGD/invnr/1267.1/file/
1268.1,Post- en telegraafgebouw,"Noordpoort, St.- Maartensdijk",Tholen,Zeeland,post & telegraaf,tekening,IB,1907,1914,10,51.550637,4.078171,straat,https://www.nationaalarchief.nl/onderzoeken/archief/4.RGD/invnr/1268.1/file/
1269.1,Post- en telegraafgebouw,"Kerkstraat 1, Stavenisse",Tholen,Zeeland,post & telegraaf,tekening,IB,1919,1935,13,51.532082,4.220796,straat,https://www.nationaalarchief.nl/onderzoeken/archief/4.RGD/invnr/1269.1/file/
1270.1,Telefoongebouw,2de Achterstraat 2a,Tiel,Gelderland,post & telegraaf,tekening,IB,1955,1955,1,51.886564,5.432829,adres,https://www.nationaalarchief.nl/onderzoeken/archief/4.RGD/invnr/1270.1/file/
1271.1,Rijks-h.b.s,Heiligerstraat 74-76,Tiel,Gelderland,onderwijs & wetenschap,tekening,IB,1920,1935,13,51.867659,5.402388,adres,https://www.nationaalarchief.nl/onderzoeken/archief/4.RGD/invnr/1271.1/file/
1272.1,Gerechtsgebouwen en huis van bewaring,Nieuwe Tielseweg 1,Tiel,Gelderland,gevangeniswezen,tekening,IB,,,18,51.883701,5.43608,adres,https://www.nationaalarchief.nl/onderzoeken/archief/4.RGD/invnr/1272.1/file/
1274.1,Post- en telegraafgebouw,Lageweg 115-116,Bergum,,post & telegraaf,tekening,IB,1916,1916,1,53.190832,5.990782,straat,https://www.nationaalarchief.nl/onderzoeken/archief/4.RGD/invnr/1274.1/file/
1275.1,Ontvanger der registratie en domeinen,"Rijksstraatweg, Hardegarijp",Hardegarijp,,overig,tekening,IB,1939,1939,2,53.218708,5.954084,straat,https://www.nationaalarchief.nl/onderzoeken/archief/4.RGD/invnr/1275.1/file/
1276.1,Marechausseekazerne Bergummerheide,Woudweg 7-11,Noordbergum,,politie,tekening,IB,1913,1929,7,53.220402,5.981871,adres,https://www.nationaalarchief.nl/onderzoeken/archief/4.RGD/invnr/1276.1/file/
1277.1,Kantongerecht,Stadhuisplein 175,Tilburg,Noord-Brabant,rechtspraak,tekening,IB,1896,1897,3,51.55458,5.088443,adres,https://www.nationaalarchief.nl/onderzoeken/archief/4.RGD/invnr/1277.1/file/
1278.1,Belastinggebouw,Stationsstraat 24,Tilburg,Noord-Brabant,bestuur & financiën,tekening,IB,1938,1941,238,51.558488,5.082819,adres,https://www.nationaalarchief.nl/onderzoeken/archief/4.RGD/invnr/1278.1/file/
1279.1,Grenskantoor,Laagseweg,Tubbergen,Overijssel,douane & opslag,tekening,IB,1910,1920,1,52.436342,6.926655,straat,https://www.nationaalarchief.nl/onderzoeken/archief/4.RGD/invnr/1279.1/file/
1280.1,Woningen,Langeveen,Tubbergen,Overijssel,woningbouw,tekening,IB,1912,1912,1,52.455279,6.703738,straat,https://www.nationaalarchief.nl/onderzoeken/archief/4.RGD/invnr/1280.1/file/
1281.1,Grenskantoor,Mander,Tubbergen,Overijssel,douane & opslag,tekening,IB,1890,1900,1,52.444486,6.836674,straat,https://www.nationaalarchief.nl/onderzoeken/archief/4.RGD/invnr/1281.1/file/
1282.1,"Woonhuis voor Th. Peters, arts",Rijksstraatweg 173-175,Ubbergen,Gelderland,woningbouw,tekening,IB,1929,1929,1,51.83668,5.901217,straat,https://www.nationaalarchief.nl/onderzoeken/archief/4.RGD/invnr/1282.1/file/
1283.1,"Beek, Post- en telegraafgebouw",Rijksstraatweg 163-165,Ubbergen,Gelderland,post & telegraaf,tekening,IB,1936,1936,1,51.83668,5.901217,straat,https://www.nationaalarchief.nl/onderzoeken/archief/4.RGD/invnr/1283.1/file/
1284.1,Grenskantoor / Dienstwoning,"Rijksstraatweg 213-215, Beek",Ubbergen,Gelderland,douane & opslag,tekening,IB,1885,1927,2,51.83668,5.901217,straat,https://www.nationaalarchief.nl/onderzoeken/archief/4.RGD/invnr/1284.1/file/
1285.1,Marechausseekazerne,Kazernestraat,Uden,Noord-Brabant,politie,tekening,IB,1921,1921,1,51.654383,5.615747,straat,https://www.nationaalarchief.nl/onderzoeken/archief/4.RGD/invnr/1285.1/file/
1286.1,Post- en telegraafgebouw,Marktstraat 7-9,Uden,Noord-Brabant,post & telegraaf,tekening,IB,1935,1935,1,51.657287,5.611873,adres,https://www.nationaalarchief.nl/onderzoeken/archief/4.RGD/invnr/1286.1/file/
1287.1,Post- en telegraafgebouw,Middelweg 77-79,Uitgeest,Noord-Holland,post & telegraaf,tekening,IB,1906,1932,6,52.525911,4.711112,adres,https://www.nationaalarchief.nl/onderzoeken/archief/4.RGD/invnr/1287.1/file/
1288.1,Amaliastichting / Tandheelkundig instituut,,Utrecht,Utrecht,overig,tekening,IB,1915,1930,10,52.091138,5.074754,plaats,https://www.nationaalarchief.nl/onderzoeken/archief/4.RGD/invnr/1288.1/file/
1289.1,Tandheelkundige kliniek,,Utrecht,Utrecht,zorg,tekening,IB,1925,1935,1,52.091138,5.074754,plaats,https://www.nationaalarchief.nl/onderzoeken/archief/4.RGD/invnr/1289.1/file/
1290.1,Physiologisch laboratorium,Van Asch van Wijckkade,Utrecht,Utrecht,onderwijs & wetenschap,tekening,IB,1865,1904,6,52.096535,5.117602,straat,https://www.nationaalarchief.nl/onderzoeken/archief/4.RGD/invnr/1290.1/file/
1291.1,Woning van de hoogleraar-directeur aan de R.U. / Laboratorium voor histologie en embryologie,Nicolaas Beetsstraat,Utrecht,Utrecht,onderwijs & wetenschap,tekening,IB,1915,1925,1,52.084942,5.116808,straat,https://www.nationaalarchief.nl/onderzoeken/archief/4.RGD/invnr/1291.1/file/
1292.1,Psychiatrische kliniek van het Academisch Ziekenhuis c.a,Nicolaas Beetsstraat 22,Utrecht,Utrecht,zorg,tekening,IB,1908,1910,29,52.084942,5.116808,straat,https://www.nationaalarchief.nl/onderzoeken/archief/4.RGD/invnr/1292.1/file/
1293.1,Instituut voor veterinaire anatomie van de Rijksveeartsenijkundige Hogeschool c.a,Bekkerstraat 141,Utrecht,Utrecht,onderwijs & wetenschap,tekening,IB,1918,1920,220,52.099976,5.134011,adres,https://www.nationaalarchief.nl/onderzoeken/archief/4.RGD/invnr/1293.1/file/
1294.1,Physisch laboratorium,Bijlhouwerstraat 6,Utrecht,Utrecht,onderwijs & wetenschap,tekening,IB,1875,1926,44,52.081555,5.122922,adres,https://www.nationaalarchief.nl/onderzoeken/archief/4.RGD/invnr/1294.1/file/
1295.1,Woonhuizen,Biltstraat 101,Utrecht,Utrecht,overig,tekening,IB,1895,1905,1,52.09522,5.131736,adres,https://www.nationaalarchief.nl/onderzoeken/archief/4.RGD/invnr/1295.1/file/
1296.1,Rijksveeartsenijschool / Rijksveeartsenijkundige Hogeschool / Faculteit der diergeneeskunde,Biltstraat 166-172,Utrecht,Utrecht,onderwijs & wetenschap,tekening,IB,,,197,52.095751,5.137954,adres,https://www.nationaalarchief.nl/onderzoeken/archief/4.RGD/invnr/1296.1/file/
1314.1,Hulp post- en telegraafgebouw,Biltstraat 172,Utrecht,Utrecht,post & telegraaf,tekening,IB,1930,1945,6,52.095751,5.137954,adres,https://www.nationaalarchief.nl/onderzoeken/archief/4.RGD/invnr/1314.1/file/
1315.1,Woningen / Bergplaats van brandstoffen van de Rijksveeartsenijschool,Bollenhofsestraat,Utrecht,Utrecht,onderwijs & wetenschap,tekening,IB,1915,1917,7,52.099323,5.134433,straat,https://www.nationaalarchief.nl/onderzoeken/archief/4.RGD/invnr/1315.1/file/
1316.1,"Laboratorium voor anorganische chemie en gezondheidsleer, Hygiënisch laboratorium het Sterrebosch",Catharijnesingel 59,Utrecht,Utrecht,onderwijs & wetenschap,tekening,IB,,,112,52.086903,5.116677,adres,https://www.nationaalarchief.nl/onderzoeken/archief/4.RGD/invnr/1316.1/file/
1318.1,Pharmaceutisch laboratorium,Catharijnesingel 60,Utrecht,Utrecht,onderwijs & wetenschap,tekening,IB,1911,1938,131,52.085748,5.117862,straat,https://www.nationaalarchief.nl/onderzoeken/archief/4.RGD/invnr/1318.1/file/
1319.1,"Laboratorium voor macromagnetisme, ijkkantoor / Laboratorium voor histologie en microscopische anatomie",Catharijnesingel 61,Utrecht,Utrecht,onderwijs & wetenschap,tekening,IB,1917,1917,43,52.086419,5.117035,adres,https://www.nationaalarchief.nl/onderzoeken/archief/4.RGD/invnr/1319.1/file/
1320.1,Academisch Ziekenhuis,Catharijnesingel 101,Utrecht,Utrecht,zorg,tekening,IB,,,35,52.081002,5.120623,adres,https://www.nationaalarchief.nl/onderzoeken/archief/4.RGD/invnr/1320.1/file/
1323.1,Post- en telegraafgebouw,J.P. Coenstraat 3-5,Utrecht,Utrecht,post & telegraaf,tekening,IB,1922,1922,6,52.11021,5.133659,straat,https://www.nationaalarchief.nl/onderzoeken/archief/4.RGD/invnr/1323.1/file/
1324.1,Organisch-chemisch laboratorium,Croesestraat 79,Utrecht,Utrecht,onderwijs & wetenschap,tekening,IB,1934,1938,385,52.076992,5.117852,straat,https://www.nationaalarchief.nl/onderzoeken/archief/4.RGD/invnr/1324.1/file/
1340.1,Hoger Militair gerechtshof / Universiteitsgebouwen,Drift / Witte Vrouwenstraat,Utrecht,Utrecht,rechtspraak,tekening,IB,1900,1930,20,52.093898,5.123327,straat,https://www.nationaalarchief.nl/onderzoeken/archief/4.RGD/invnr/1340.1/file/
1341.1,Belastinggebouw,Drift 6,Utrecht,Utrecht,bestuur & financiën,tekening,IB,1926,1927,2,52.094322,5.123249,adres,https://www.nationaalarchief.nl/onderzoeken/archief/4.RGD/invnr/1341.1/file/
1342.1,Drift 15,,Utrecht,Utrecht,overig,tekening,IB,1936,1936,6,52.091138,5.074754,plaats,https://www.nationaalarchief.nl/onderzoeken/archief/4.RGD/invnr/1342.1/file/
1343.1,Aardrijkskundig instituut,Drift 21,Utrecht,Utrecht,overig,tekening,IB,1907,1934,3,52.094192,5.123494,adres,https://www.nationaalarchief.nl/onderzoeken/archief/4.RGD/invnr/1343.1/file/
1344.1,Kunsthistorisch instituut,Drift 25,Utrecht,Utrecht,overig,tekening,IB,1925,1935,1,52.094398,5.123536,adres,https://www.nationaalarchief.nl/onderzoeken/archief/4.RGD/invnr/1344.1/file/
1345.1,Landbouwkundig kabinet / Archiefgebouw,Drift 27,Utrecht,Utrecht,overig,tekening,IB,1880,1895,6,52.094872,5.12364,adres,https://www.nationaalarchief.nl/onderzoeken/archief/4.RGD/invnr/1345.1/file/
1346.1,Laboratorium voor vergelijkende physiologie,Jan van Galenstraat 40 / Alexander Numankade,Utrecht,Utrecht,onderwijs & wetenschap,tekening,IB,1933,1935,12,52.101458,5.135858,straat,https://www.nationaalarchief.nl/onderzoeken/archief/4.RGD/invnr/1346.1/file/
1347.1,Huis van bewaring II,Gansstraat 162,Utrecht,Utrecht,gevangeniswezen,tekening,IB,1925,1938,17,52.078236,5.130819,adres,https://www.nationaalarchief.nl/onderzoeken/archief/4.RGD/invnr/1347.1/file/
1348.1,Rechtbank / Hofpoort,Hamburgerstraat 28 / Nieuwe Gracht,Utrecht,Utrecht,rechtspraak,tekening,IB,1907,1940,18,52.089056,5.12284,adres,https://www.nationaalarchief.nl/onderzoeken/archief/4.RGD/invnr/1348.1/file/
1349.1,Kantongerecht,Hamburgerstraat 30,Utrecht,Utrecht,rechtspraak,tekening,IB,1910,1920,14,52.088884,5.123256,adres,https://www.nationaalarchief.nl/onderzoeken/archief/4.RGD/invnr/1349.1/file/
1350.1,Universiteitsgebouwen,Janskerkhof / Minrebroederstraat / Hoogt,Utrecht,Utrecht,onderwijs & wetenschap,tekening,IB,,,66,52.093122,5.121919,straat,https://www.nationaalarchief.nl/onderzoeken/archief/4.RGD/invnr/1350.1/file/
1357.1,Tandheelkundig instituut,Jutphaaseweg 5,Utrecht,Utrecht,overig,tekening,IB,1928,1931,2,52.074096,5.096947,straat,https://www.nationaalarchief.nl/onderzoeken/archief/4.RGD/invnr/1357.1/file/
1358.1,Kloostergang St.-Marie,,Utrecht,Utrecht,kerk & religie,tekening,IB,1900,1940,3,52.091138,5.074754,plaats,https://www.nationaalarchief.nl/onderzoeken/archief/4.RGD/invnr/1358.1/file/
1359.1,"Huis van bewaring, dienstwoningen",Koningsweg / Kromme Rijn,Utrecht,Utrecht,gevangeniswezen,tekening,IB,1895,1897,9,52.07234,5.147971,straat,https://www.nationaalarchief.nl/onderzoeken/archief/4.RGD/invnr/1359.1/file/
1360.1,"Gouvernementsgebouw, woning van de commissaris van de Koningin / Paushuize",Kromme Nieuwe Gracht / Achter St.-Pieter,Utrecht,Utrecht,bestuur & financiën,tekening,IB,1887,1940,268,52.099872,5.113804,straat,https://www.nationaalarchief.nl/onderzoeken/archief/4.RGD/invnr/1360.1/file/
1361.1,Rijks-h.b.s,Kruisstraat 1,Utrecht,Utrecht,onderwijs & wetenschap,tekening,IB,1885,1919,38,52.094241,5.130073,straat,https://www.nationaalarchief.nl/onderzoeken/archief/4.RGD/invnr/1361.1/file/
1362.1,Hortus Botanicus,Lange Nieuwstraat 106 / Nieuwegracht 187,Utrecht,Utrecht,overig,tekening,IB,,,179,52.084827,5.125724,adres,https://www.nationaalarchief.nl/onderzoeken/archief/4.RGD/invnr/1362.1/file/
1365.1,Rijksmunt,Leidseweg 90,Utrecht,Utrecht,bestuur & financiën,tekening,IB,1916,1944,85,52.087639,5.096333,adres,https://www.nationaalarchief.nl/onderzoeken/archief/4.RGD/invnr/1365.1/file/
1366.1,Rijkswaterstaat,Maliebaan 18,Utrecht,Utrecht,post & telegraaf,tekening,IB,1910,1935,3,52.091694,5.13407,straat,https://www.nationaalarchief.nl/onderzoeken/archief/4.RGD/invnr/1366.1/file/
1367.1,Maliebaan 31,,Utrecht,Utrecht,overig,tekening,IB,1925,1935,1,52.091138,5.074754,plaats,https://www.nationaalarchief.nl/onderzoeken/archief/4.RGD/invnr/1367.1/file/
1369.1,Maliebaan 103,,Utrecht,Utrecht,overig,tekening,IB,1925,1935,1,52.091138,5.074754,plaats,https://www.nationaalarchief.nl/onderzoeken/archief/4.RGD/invnr/1369.1/file/
1370.1,Gebouw voor registratie en domeinen / Huurcommissie Huys in den Sack,Muntstraat 7,Utrecht,Utrecht,bestuur & financiën,tekening,IB,1916,1916,3,52.092862,5.125263,adres,https://www.nationaalarchief.nl/onderzoeken/archief/4.RGD/invnr/1370.1/file/
1371.1,Kliniek voor kleine huisdieren van de Rijksveeartsenijkundige Hogeschool,Alexander Numankade 91 / Jan van Galenstraat,Utrecht,Utrecht,onderwijs & wetenschap,tekening,IB,1919,1935,42,52.100279,5.134842,straat,https://www.nationaalarchief.nl/onderzoeken/archief/4.RGD/invnr/1371.1/file/
1372.1,Oorsprongpark 6,,Utrecht,Utrecht,overig,tekening,IB,1933,1933,1,52.091138,5.074754,plaats,https://www.nationaalarchief.nl/onderzoeken/archief/4.RGD/invnr/1372.1/file/
1373.1,Tandheelkundig instituut / Mineralogisch-geologisch instituut,Oude Gracht 320,Utrecht,Utrecht,overig,tekening,IB,1909,1928,197,52.068014,5.098678,adres,https://www.nationaalarchief.nl/onderzoeken/archief/4.RGD/invnr/1373.1/file/
1374.1,Aanzicht van het Oudmunsterkerkhof,,Utrecht,Utrecht,overig,tekening,IB,1905,1915,1,52.091138,5.074754,plaats,https://www.nationaalarchief.nl/onderzoeken/archief/4.RGD/invnr/1374.1/file/
1375.1,Pathologisch-anatomisch laboratorium met custoswoning,Pasteurstraat 2,Utrecht,Utrecht,onderwijs & wetenschap,tekening,IB,1903,1939,126,52.0832,5.119529,straat,https://www.nationaalarchief.nl/onderzoeken/archief/4.RGD/invnr/1375.1/file/
1376.1,Hoefsmederij van het zoötechnisch instituut van de Rijksveeartsenijschool,Poortstraat / Bekkerstraat,Utrecht,Utrecht,onderwijs & wetenschap,tekening,IB,1916,1916,41,52.097554,5.134536,straat,https://www.nationaalarchief.nl/onderzoeken/archief/4.RGD/invnr/1376.1/file/
1377.1,Wagenloods van de Rijksveeartsenijschool,Poortstraat,Utrecht,Utrecht,onderwijs & wetenschap,tekening,IB,1915,1915,1,52.097554,5.134536,straat,https://www.nationaalarchief.nl/onderzoeken/archief/4.RGD/invnr/1377.1/file/
1378.1,Woning van de opziener van de Rijksveeartsenijkundige Hogeschool,Poortstraat 99-99bis,Utrecht,Utrecht,onderwijs & wetenschap,tekening,IB,1913,1923,1,52.099004,5.13645,adres,https://www.nationaalarchief.nl/onderzoeken/archief/4.RGD/invnr/1378.1/file/
1379.1,Pesthuis / Pharmacologisch instituut / Chemisch laboratorium / Nederlandse Protestantenbond De Leeuwenberg,Servaasbolwerk / Schalkwijksteeg,Utrecht,Utrecht,onderwijs & wetenschap,tekening,IB,1877,1925,10,52.086637,5.128375,straat,https://www.nationaalarchief.nl/onderzoeken/archief/4.RGD/invnr/1379.1/file/
1380.1,Centraal laboratorium voor de volksgezondheid / Rijks-serologisch instituut / Centrale gezondheidsraad,Sterrebos 1,Utrecht,Utrecht,onderwijs & wetenschap,tekening,IB,1907,1934,224,52.093252,5.13827,adres,https://www.nationaalarchief.nl/onderzoeken/archief/4.RGD/invnr/1380.1/file/
1381.1,Chemisch laboratorium,Sterrenbos / Catharijnesinge l /Nicolaas Beetsstraat,Utrecht,Utrecht,onderwijs & wetenschap,tekening,IB,1925,1935,1,52.086386,5.116157,straat,https://www.nationaalarchief.nl/onderzoeken/archief/4.RGD/invnr/1381.1/file/
1382.1,Chemisch laboratorium / Van 't Hoff-laboratorium,Sterrebos 19,Utrecht,Utrecht,onderwijs & wetenschap,tekening,IB,1903,1920,60,52.105746,5.129212,adres,https://www.nationaalarchief.nl/onderzoeken/archief/4.RGD/invnr/1382.1/file/
1383.1,Trans 10,,Utrecht,Utrecht,overig,tekening,IB,1915,1925,1,52.091138,5.074754,plaats,https://www.nationaalarchief.nl/onderzoeken/archief/4.RGD/invnr/1383.1/file/
1384.1,Trans 12,,Utrecht,Utrecht,overig,tekening,IB,1915,1925,1,52.091138,5.074754,plaats,https://www.nationaalarchief.nl/onderzoeken/archief/4.RGD/invnr/1384.1/file/
1385.1,Bankvereniging,Trans 14,Utrecht,Utrecht,overig,tekening,IB,1917,1917,1,52.089892,5.122915,straat,https://www.nationaalarchief.nl/onderzoeken/archief/4.RGD/invnr/1385.1/file/
1386.1,Sic Semper / Centrale raad van beroep,Trans 19 / Nieuw Gracht 1,Utrecht,Utrecht,overig,tekening,IB,1918,1929,6,52.089892,5.122915,straat,https://www.nationaalarchief.nl/onderzoeken/archief/4.RGD/invnr/1386.1/file/
1387.1,Warmtecentrale,tussen Vondellaan en Jutphaaseweg,Utrecht,Utrecht,overig,tekening,IB,1936,1936,4,52.068287,5.146748,straat,https://www.nationaalarchief.nl/onderzoeken/archief/4.RGD/invnr/1387.1/file/
1388.1,Pharmacologisch laboratorium / Nieuw Leeuwenberg,Vondellaan 6,Utrecht,Utrecht,onderwijs & wetenschap,tekening,IB,1924,1929,60,52.079017,5.118128,straat,https://www.nationaalarchief.nl/onderzoeken/archief/4.RGD/invnr/1388.1/file/
1389.1,Laboratorium voor physiologische chemie,Vondellaan 22-24,Utrecht,Utrecht,onderwijs & wetenschap,tekening,IB,1913,1945,165,52.078401,5.120586,adres,https://www.nationaalarchief.nl/onderzoeken/archief/4.RGD/invnr/1389.1/file/
1390.1,Willemskazerne / Belastinggebouw voor hypotheek en kadaster,Wittevrouwensingel 27,Utrecht,Utrecht,militair,tekening,IB,1881,1927,5,52.094141,5.127847,adres,https://www.nationaalarchief.nl/onderzoeken/archief/4.RGD/invnr/1390.1/file/
1395.1,Strafgevangenis met ambtenaarswoningen,Wolvenplein,Utrecht,Utrecht,gevangeniswezen,tekening,IB,1852,1941,60,52.096613,5.125251,straat,https://www.nationaalarchief.nl/onderzoeken/archief/4.RGD/invnr/1395.1/file/
1396.1,"Rechterlijke macht, belastingdienst",Wolvenplein,Utrecht,Utrecht,bestuur & financiën,tekening,IB,1939,1939,19,52.096613,5.125251,straat,https://www.nationaalarchief.nl/onderzoeken/archief/4.RGD/invnr/1396.1/file/
1397.1,Sterrenwacht,Zonnenburg,Utrecht,Utrecht,onderwijs & wetenschap,tekening,IB,,,115,52.085099,5.12852,straat,https://www.nationaalarchief.nl/onderzoeken/archief/4.RGD/invnr/1397.1/file/
1401.1,Belastinggebouw,Maastrichterlaan,Vaals,Limburg,bestuur & financiën,tekening,IB,1895,1905,3,50.773496,6.016043,straat,https://www.nationaalarchief.nl/onderzoeken/archief/4.RGD/invnr/1401.1/file/
1402.1,Post- en telegraafgebouw,Maastrichterlaan 29,Vaals,Limburg,post & telegraaf,tekening,IB,1900,1935,7,50.771723,6.023529,adres,https://www.nationaalarchief.nl/onderzoeken/archief/4.RGD/invnr/1402.1/file/
1403.1,Post- en telegraafgebouw,"Bekkerstraat 25, Zetten-Andelst",Valburg,Gelderland,post & telegraaf,tekening,IB,1935,1935,1,51.910123,5.76807,straat,https://www.nationaalarchief.nl/onderzoeken/archief/4.RGD/invnr/1403.1/file/
1404.1,Telefoongebouw,"Woerdensestraat 4, Zetten-Andelst",Valburg,Gelderland,post & telegraaf,tekening,IB,1938,1940,25,51.910123,5.76807,straat,https://www.nationaalarchief.nl/onderzoeken/archief/4.RGD/invnr/1404.1/file/
1405.1,Post- en telegraafgebouw,Lindenlaan 17,Valkenburg aan de Geul,Limburg,post & telegraaf,tekening,IB,1939,1942,100,50.860711,5.823871,plaats,https://www.nationaalarchief.nl/onderzoeken/archief/4.RGD/invnr/1405.1/file/
1406.1,Post- en telegraafgebouw,Lindenlaan,Valkenburg aan de Geul,Limburg,post & telegraaf,tekening,IB,1938,1939,23,50.860711,5.823871,plaats,https://www.nationaalarchief.nl/onderzoeken/archief/4.RGD/invnr/1406.1/file/
1407.1,Post- en telegraafgebouw,Valkeniersstraat 43,Valkenswaard,Noord-Brabant,post & telegraaf,tekening,IB,1934,1934,1,51.352714,5.435807,adres,https://www.nationaalarchief.nl/onderzoeken/archief/4.RGD/invnr/1407.1/file/
1408.1,Post- en telegraafgebouw,Wildervank,Veendam,Groningen,post & telegraaf,tekening,IB,1934,1934,1,53.075862,6.880766,straat,https://www.nationaalarchief.nl/onderzoeken/archief/4.RGD/invnr/1408.1/file/
1409.1,Hulp post- en telegraafgebouw,,Veere,Zeeland,post & telegraaf,tekening,IB,1905,1905,1,51.5626,3.584638,plaats,https://www.nationaalarchief.nl/onderzoeken/archief/4.RGD/invnr/1409.1/file/
1414.1,Post- en telegraafgebouw,Kade 29,Veere,Zeeland,post & telegraaf,tekening,IB,1905,1941,10,51.552313,3.661923,straat,https://www.nationaalarchief.nl/onderzoeken/archief/4.RGD/invnr/1414.1/file/
1415.1,Mijnenmagazijn,Kanaalweg Oostzijde 2,Veere,Zeeland,douane & opslag,tekening,IB,1917,1937,72,51.537082,3.668246,straat,https://www.nationaalarchief.nl/onderzoeken/archief/4.RGD/invnr/1415.1/file/
1416.1,Grote Kerk,Oudestraat 26,Veere,Zeeland,kerk & religie,tekening,IB,1881,1937,26,51.547144,3.667511,adres,https://www.nationaalarchief.nl/onderzoeken/archief/4.RGD/invnr/1416.1/file/
1417.1,Post- en telegraafgebouw,Markt 17-18,Veghel,Noord-Brabant,post & telegraaf,tekening,IB,1895,1932,2,51.617074,5.54161,adres,https://www.nationaalarchief.nl/onderzoeken/archief/4.RGD/invnr/1417.1/file/
1418.1,Marechausseekazerne,Stationsstraat 51,Veghel,Noord-Brabant,politie,tekening,IB,1916,1916,1,51.621144,5.545465,adres,https://www.nationaalarchief.nl/onderzoeken/archief/4.RGD/invnr/1418.1/file/
1419.1,Tuchtschool,,Velsen,Noord-Holland,onderwijs & wetenschap,tekening,IB,1908,1908,13,52.452939,4.613522,plaats,https://www.nationaalarchief.nl/onderzoeken/archief/4.RGD/invnr/1419.1/file/
1420.1,Belastinggebouw,,Velsen,Noord-Holland,bestuur & financiën,tekening,IB,1876,1876,1,52.452939,4.613522,plaats,https://www.nationaalarchief.nl/onderzoeken/archief/4.RGD/invnr/1420.1/file/
1421.1,Rijks-h.b.s,Tiberiusplein 16,Velsen,Noord-Holland,onderwijs & wetenschap,tekening,IB,1924,1956,51,52.457096,4.632373,straat,https://www.nationaalarchief.nl/onderzoeken/archief/4.RGD/invnr/1421.1/file/
1422.1,Missiehuis en apostolische school / Sociaal medische dienst van de Marine,"Driehuizerkerkweg 123, Driehuis",Velsen,Noord-Holland,militair,tekening,IB,1922,1939,23,52.458156,4.642878,straat,https://www.nationaalarchief.nl/onderzoeken/archief/4.RGD/invnr/1422.1/file/
1423.1,Telefoongebouw,"Dollardstraat 14, IJmuiden",Velsen,Noord-Holland,post & telegraaf,tekening,IB,1933,1937,3,52.456957,4.61165,straat,https://www.nationaalarchief.nl/onderzoeken/archief/4.RGD/invnr/1423.1/file/
1424.1,Post- en telegraafgebouw,"Kanaalstraat 61, IJmuiden",Velsen,Noord-Holland,post & telegraaf,tekening,IB,1906,1929,6,52.463109,4.591993,adres,https://www.nationaalarchief.nl/onderzoeken/archief/4.RGD/invnr/1424.1/file/
1425.1,Elektrische centrale ten dienste van de verlichting,"Middenhavenstraat 10-12 / Vuurtorenstraat 7, IJmuiden",Velsen,Noord-Holland,waterstaat & techniek,tekening,IB,1895,1905,3,52.458672,4.588514,straat,https://www.nationaalarchief.nl/onderzoeken/archief/4.RGD/invnr/1425.1/file/
1426.1,Dienstwoningen voor het loodswezen,"Seinpostweg 24-30, IJmuiden",Velsen,Noord-Holland,douane & opslag,tekening,IB,1903,1904,13,52.46071,4.574747,straat,https://www.nationaalarchief.nl/onderzoeken/archief/4.RGD/invnr/1426.1/file/
1427.1,Post- en telegraafgebouw,"Vinkenbaan, Santpoort",Velsen,Noord-Holland,post & telegraaf,tekening,IB,1905,1937,15,52.419021,4.627758,straat,https://www.nationaalarchief.nl/onderzoeken/archief/4.RGD/invnr/1427.1/file/
1428.1,Post- en telegraafgebouw,Keulsepoort 1,Venlo,Limburg,post & telegraaf,tekening,IB,1939,1940,25,51.366873,6.171374,straat,https://www.nationaalarchief.nl/onderzoeken/archief/4.RGD/invnr/1428.1/file/
1429.1,Telefoongebouw,Nassaustraat,Venlo,Limburg,post & telegraaf,tekening,IB,1934,1936,5,51.368238,6.171916,straat,https://www.nationaalarchief.nl/onderzoeken/archief/4.RGD/invnr/1429.1/file/
1430.1,Kantongerecht,Mgr. Nolensplein 56,Venlo,Limburg,rechtspraak,tekening,IB,1898,1898,3,51.372367,6.172047,straat,https://www.nationaalarchief.nl/onderzoeken/archief/4.RGD/invnr/1430.1/file/
1431.1,Versterkerstation,Deken van Oppensingel,Venlo,Limburg,overig,tekening,IB,1931,1936,4,51.369744,6.175155,straat,https://www.nationaalarchief.nl/onderzoeken/archief/4.RGD/invnr/1431.1/file/
1432.1,Grenskantoor Wezelse Barrière,Wezelseweg 131-133,Venlo,Limburg,douane & opslag,tekening,IB,1939,1940,3,51.368326,6.191823,adres,https://www.nationaalarchief.nl/onderzoeken/archief/4.RGD/invnr/1432.1/file/
1433.1,Telefoongebouw,Prins Bernhardstraat,Venray,Limburg,post & telegraaf,tekening,IB,1938,1938,2,51.524601,5.980784,straat,https://www.nationaalarchief.nl/onderzoeken/archief/4.RGD/invnr/1433.1/file/
1434.1,Kantongerecht / Rijkspolitiebureau,Voorstraat 56,Vianen,Utrecht,politie,tekening,IB,1885,1911,2,51.994278,5.09258,adres,https://www.nationaalarchief.nl/onderzoeken/archief/4.RGD/invnr/1434.1/file/
1435.1,Post- en telegraafgebouw,Voorstraat 106,Vianen,Utrecht,post & telegraaf,tekening,IB,1910,1935,3,51.992749,5.093189,adres,https://www.nationaalarchief.nl/onderzoeken/archief/4.RGD/invnr/1435.1/file/
1436.1,Post- en telegraafgebouw,Westhavenkade 40,Vlaardingen,Zuid-Holland,post & telegraaf,tekening,IB,1939,1939,4,51.906676,4.344859,adres,https://www.nationaalarchief.nl/onderzoeken/archief/4.RGD/invnr/1436.1/file/
1437.1,Belastinggebouw,Westhavenkade 53-54,Vlaardingen,Zuid-Holland,bestuur & financiën,tekening,IB,1944,1944,2,51.905669,4.345317,adres,https://www.nationaalarchief.nl/onderzoeken/archief/4.RGD/invnr/1437.1/file/
1438.1,Post- en telegraafgebouw,"Hoofdstraat 104, Ter Apel",Vlagtwedde,Groningen,post & telegraaf,tekening,IB,1935,1935,1,53.029209,7.116812,adres,https://www.nationaalarchief.nl/onderzoeken/archief/4.RGD/invnr/1438.1/file/
1439.1,Rijks-h.b.s,"Oudeweg 41-43, Ter Apel",Vlagtwedde,Groningen,onderwijs & wetenschap,tekening,IB,1922,1945,255,53.028371,7.116749,adres,https://www.nationaalarchief.nl/onderzoeken/archief/4.RGD/invnr/1439.1/file/
1440.1,Ontvangstkantoor,"Rütenbrouckerweg 2, Ter Apel",Vlagtwedde,Groningen,bestuur & financiën,tekening,IB,1883,1916,2,53.029183,7.116782,adres,https://www.nationaalarchief.nl/onderzoeken/archief/4.RGD/invnr/1440.1/file/
1441.1,Grenskantoor met ontvangerswoning,"Rütenbrouckerweg 6, Ter Apel",Vlagtwedde,Groningen,douane & opslag,tekening,IB,1915,1925,1,53.029029,7.116621,adres,https://www.nationaalarchief.nl/onderzoeken/archief/4.RGD/invnr/1441.1/file/
1442.1,Grenskantoor,"Bisschopsweg 52, Bourtange",Vlagtwedde,Groningen,douane & opslag,tekening,IB,1893,1916,3,53.036819,7.118651,adres,https://www.nationaalarchief.nl/onderzoeken/archief/4.RGD/invnr/1442.1/file/
1443.1,Ontvangerswoning,"Bisschopsweg 52, Bourtange",Vlagtwedde,Groningen,woningbouw,tekening,IB,1900,1910,1,53.036819,7.118651,adres,https://www.nationaalarchief.nl/onderzoeken/archief/4.RGD/invnr/1443.1/file/
1444.1,Gevangentoren,,Vlissingen,Zeeland,overig,tekening,IB,1893,1915,5,51.465331,3.48105,plaats,https://www.nationaalarchief.nl/onderzoeken/archief/4.RGD/invnr/1444.1/file/
1445.1,Telegraafgebouw,,Vlissingen,Zeeland,post & telegraaf,tekening,IB,1897,1897,2,51.465331,3.48105,plaats,https://www.nationaalarchief.nl/onderzoeken/archief/4.RGD/invnr/1445.1/file/
1446.1,Torpedowerkplaats,,Vlissingen,Zeeland,overig,tekening,IB,1936,1936,1,51.465331,3.48105,plaats,https://www.nationaalarchief.nl/onderzoeken/archief/4.RGD/invnr/1446.1/file/
1447.1,Rijks-h.b.s,Brouwenaarstraat 2 / Paul Krugerstraat,Vlissingen,Zeeland,onderwijs & wetenschap,tekening,IB,1910,1954,109,51.4489,3.56965,straat,https://www.nationaalarchief.nl/onderzoeken/archief/4.RGD/invnr/1447.1/file/
1448.1,Telefoongebouw,Hendrikstraat 25,Vlissingen,Zeeland,post & telegraaf,tekening,IB,1938,1941,3,51.442583,3.578702,adres,https://www.nationaalarchief.nl/onderzoeken/archief/4.RGD/invnr/1448.1/file/
1449.1,Belastinggebouw,Prins Hendrikweg,Vlissingen,Zeeland,bestuur & financiën,tekening,IB,1935,1935,3,51.447954,3.592726,straat,https://www.nationaalarchief.nl/onderzoeken/archief/4.RGD/invnr/1449.1/file/
1450.1,Pakhuis / Archiefbewaarplaats,Houtkade 10,Vlissingen,Zeeland,douane & opslag,tekening,IB,1935,1945,2,51.444151,3.579918,straat,https://www.nationaalarchief.nl/onderzoeken/archief/4.RGD/invnr/1450.1/file/
1451.1,Stalgebouw van het stadhuis,Houtkade 12,Vlissingen,Zeeland,bestuur & financiën,tekening,IB,1946,1946,2,51.444151,3.579918,straat,https://www.nationaalarchief.nl/onderzoeken/archief/4.RGD/invnr/1451.1/file/
1452.1,Stationspostkantoor,Stationsplein,Vlissingen,Zeeland,bestuur & financiën,tekening,IB,1913,1932,3,51.443604,3.595139,straat,https://www.nationaalarchief.nl/onderzoeken/archief/4.RGD/invnr/1452.1/file/
1453.1,Post- en telegraafgebouw,Steenen Beer 2-6,Vlissingen,Zeeland,post & telegraaf,tekening,IB,1910,1941,9,51.442457,3.583492,adres,https://www.nationaalarchief.nl/onderzoeken/archief/4.RGD/invnr/1453.1/file/
1454.1,Belastinggebouw,Zeilmarkt 8,Vlissingen,Zeeland,bestuur & financiën,tekening,IB,1915,1925,2,51.441939,3.577673,straat,https://www.nationaalarchief.nl/onderzoeken/archief/4.RGD/invnr/1454.1/file/
1455.1,Luchtvaartterrein met opstallen,"Nieuwe Vlissingseweg 1-1a, Souburg-West",Vlissingen,Zeeland,overig,tekening,IB,1918,1937,33,51.463371,3.592309,straat,https://www.nationaalarchief.nl/onderzoeken/archief/4.RGD/invnr/1455.1/file/
1456.1,Fort Rammekens,Ritthem,Vlissingen,Zeeland,militair,tekening,IB,1930,1940,1,51.461177,3.608596,straat,https://www.nationaalarchief.nl/onderzoeken/archief/4.RGD/invnr/1456.1/file/
1457.1,Kaart voor de grondverkoop plan 't Loo,C.B.S.-terrein,Voorburg,Zuid-Holland,overig,tekening,IB,1959,1959,1,52.070754,4.437253,straat,https://www.nationaalarchief.nl/onderzoeken/archief/4.RGD/invnr/1457.1/file/
1458.1,Ruïne Teijlingen,,Voorhout,Zuid-Holland,overig,tekening,IB,1835,1940,21,52.228089,4.493827,plaats,https://www.nationaalarchief.nl/onderzoeken/archief/4.RGD/invnr/1458.1/file/
1459.1,Post- en telegraafgebouw,Voorstraat 19-21,Voorschoten,Zuid-Holland,post & telegraaf,tekening,IB,1904,1935,5,52.124288,4.446155,adres,https://www.nationaalarchief.nl/onderzoeken/archief/4.RGD/invnr/1459.1/file/
1460.1,Post- en telegraafgebouw,Spoorweg / Domineesstraatje,Voorst,Gelderland,post & telegraaf,tekening,IB,1932,1932,1,52.181549,6.131261,straat,https://www.nationaalarchief.nl/onderzoeken/archief/4.RGD/invnr/1460.1/file/
1461.1,Telefoongebouw,,Vorden,Gelderland,post & telegraaf,tekening,IB,1939,1939,1,52.101529,6.340799,plaats,https://www.nationaalarchief.nl/onderzoeken/archief/4.RGD/invnr/1461.1/file/
1462.1,Post- en telegraafgebouw,Raadhuisstraat 4,Vught,Noord-Brabant,post & telegraaf,tekening,IB,1939,1941,26,51.657149,5.299398,straat,https://www.nationaalarchief.nl/onderzoeken/archief/4.RGD/invnr/1462.1/file/
1463.1,Fort de Nieuwe Steeg,"Tiendweg, Asperen",Vuren,Gelderland,militair,tekening,IB,1877,1895,5,51.862348,5.077987,straat,https://www.nationaalarchief.nl/onderzoeken/archief/4.RGD/invnr/1463.1/file/
1464.1,Villa van B. Koster Jr. / Dependance van de R.P.I. / Rijkslandbouwconsulent,"Eindhovenseweg 67, Aalst",Waalre,Noord-Brabant,woningbouw,tekening,IB,1912,1912,2,51.397608,5.4775,adres,https://www.nationaalarchief.nl/onderzoeken/archief/4.RGD/invnr/1464.1/file/
1465.1,Rijksschool voor leerlooiers en schoenmakers,Mr. van Coothstraat,Waalwijk,Noord-Brabant,onderwijs & wetenschap,tekening,IB,1905,1915,3,51.687956,5.063188,straat,https://www.nationaalarchief.nl/onderzoeken/archief/4.RGD/invnr/1465.1/file/
1466.1,Versterkerstation,Henegouwerweg,Waddinxveen,Zuid-Holland,overig,tekening,IB,1946,1946,1,52.044874,4.661736,straat,https://www.nationaalarchief.nl/onderzoeken/archief/4.RGD/invnr/1466.1/file/
1467.1,Post- en telegraafgebouw,Kerkweg 157,Waddinxveen,Zuid-Holland,post & telegraaf,tekening,IB,1932,1938,2,52.044368,4.654916,adres,https://www.nationaalarchief.nl/onderzoeken/archief/4.RGD/invnr/1467.1/file/
1468.1,"Rijks Hogere Land-, Tuin- en Bosbouwschool, Afdeling plantkunde",Arboretumlaan 4,Wageningen,Gelderland,onderwijs & wetenschap,tekening,IB,1920,1930,1,51.968819,5.674741,straat,https://www.nationaalarchief.nl/onderzoeken/archief/4.RGD/invnr/1468.1/file/
1469.1,Rijkslandbouwproefstation / Station voor zaadonderzoek,Binnenhaven 1,Wageningen,Gelderland,onderwijs & wetenschap,tekening,IB,1910,1920,5,51.97139,5.653215,straat,https://www.nationaalarchief.nl/onderzoeken/archief/4.RGD/invnr/1469.1/file/
1470.1,Veldlaboratorium,Bornesteeg 7,Wageningen,Gelderland,onderwijs & wetenschap,tekening,IB,1923,1923,2,51.97183,5.663316,adres,https://www.nationaalarchief.nl/onderzoeken/archief/4.RGD/invnr/1470.1/file/
1471.1,Rijksproefstation voor veevoederonderzoek,Duivendaal 10,Wageningen,Gelderland,onderwijs & wetenschap,tekening,IB,1919,1919,1,51.96722,5.659012,straat,https://www.nationaalarchief.nl/onderzoeken/archief/4.RGD/invnr/1471.1/file/
1472.1,Plantenziektekundige dienst,Geertjesweg 15,Wageningen,Gelderland,overig,tekening,IB,1925,1935,6,51.976591,5.694174,straat,https://www.nationaalarchief.nl/onderzoeken/archief/4.RGD/invnr/1472.1/file/
1473.1,Bassecour / Landbouwhogeschool / Rijks-h.b.s,Herenstraat,Wageningen,Gelderland,onderwijs & wetenschap,tekening,IB,1870,1936,24,51.965693,5.664765,straat,https://www.nationaalarchief.nl/onderzoeken/archief/4.RGD/invnr/1473.1/file/
1474.1,Post- en telegraafgebouw,Raadhuisplein 2,Wageningen,Gelderland,post & telegraaf,tekening,IB,1915,1937,19,51.972497,5.663789,adres,https://www.nationaalarchief.nl/onderzoeken/archief/4.RGD/invnr/1474.1/file/
1475.1,"Rijks Hogere Land-, Tuin- en Bosbouwschool, Laboratorium voor plantenphysiologie",Hesselink van Suchtelenweg 4,Wageningen,Gelderland,onderwijs & wetenschap,tekening,IB,1915,1927,8,51.965849,5.680587,straat,https://www.nationaalarchief.nl/onderzoeken/archief/4.RGD/invnr/1475.1/file/
1476.1,Rijks-h.b.s. c.a. / Landbouw Hogeschool,Wilhelminaweg 1-5 / Generaal Foulkesweg,Wageningen,Gelderland,onderwijs & wetenschap,tekening,IB,1909,1940,50,51.966167,5.672345,adres,https://www.nationaalarchief.nl/onderzoeken/archief/4.RGD/invnr/1476.1/file/
1477.1,Post- en telegraafgebouw,Dorpstraat,Warmond,Zuid-Holland,post & telegraaf,tekening,IB,1895,1932,2,52.189125,4.491236,straat,https://www.nationaalarchief.nl/onderzoeken/archief/4.RGD/invnr/1477.1/file/
1478.1,Post- en telegraafgebouw,Kerkstraat 24,Waspik,Noord-Brabant,post & telegraaf,tekening,IB,1920,1930,4,51.68679,4.943528,adres,https://www.nationaalarchief.nl/onderzoeken/archief/4.RGD/invnr/1478.1/file/
1479.1,Fruit- en groentenveilingvereniging,,Wateringen,Zuid-Holland,overig,tekening,IB,1931,1931,1,52.019062,4.279642,plaats,https://www.nationaalarchief.nl/onderzoeken/archief/4.RGD/invnr/1479.1/file/
1480.1,Post- en telegraafgebouw,Herenstraat 30,Wateringen,Zuid-Holland,post & telegraaf,tekening,IB,1938,1938,2,52.02419,4.276203,adres,https://www.nationaalarchief.nl/onderzoeken/archief/4.RGD/invnr/1480.1/file/
1481.1,Telefoongebouw,Looimolenstraat 18,Weert,Limburg,post & telegraaf,tekening,IB,1938,1941,3,51.25301,5.702042,straat,https://www.nationaalarchief.nl/onderzoeken/archief/4.RGD/invnr/1481.1/file/
1482.1,Post- en telegraafgebouw / Belastinggebouw,Wilhelminasingel 6-10,Weert,Limburg,post & telegraaf,tekening,IB,1938,1939,7,51.253989,5.703901,adres,https://www.nationaalarchief.nl/onderzoeken/archief/4.RGD/invnr/1482.1/file/
1483.1,Telefoongebouw,Achtergracht,Weesp,Noord-Holland,post & telegraaf,tekening,IB,1925,1935,1,52.306156,5.040616,straat,https://www.nationaalarchief.nl/onderzoeken/archief/4.RGD/invnr/1483.1/file/
1484.1,Post- en telegraafgebouw,Oude Gracht,Weesp,Noord-Holland,post & telegraaf,tekening,IB,1890,1928,1,52.305935,5.043646,straat,https://www.nationaalarchief.nl/onderzoeken/archief/4.RGD/invnr/1484.1/file/
1485.1,Post- en telegraafgebouw,Hoogstraat,Werkendam,Noord-Brabant,post & telegraaf,tekening,IB,1936,1936,1,51.813974,4.893844,straat,https://www.nationaalarchief.nl/onderzoeken/archief/4.RGD/invnr/1485.1/file/
1486.1,K.N.M.I. magnetisch station met woning,"Mej. A. Talmaweg 16-18, Witteveen",Westerbork,Drenthe,woningbouw,tekening,IB,1937,1938,54,52.854619,6.60221,adres,https://www.nationaalarchief.nl/onderzoeken/archief/4.RGD/invnr/1486.1/file/
1487.1,Marechausseekazerne / Rijkspolitie,Straatweg,Westkapelle,Zeeland,politie,tekening,IB,1920,1930,1,51.515405,3.452191,straat,https://www.nationaalarchief.nl/onderzoeken/archief/4.RGD/invnr/1487.1/file/
1488.1,Marechausseekazerne,"Straatweg naar Frederiksoord, Noordwolde",Weststellingwerf,Fryslân,politie,tekening,IB,1916,1920,7,52.892321,6.018918,straat,https://www.nationaalarchief.nl/onderzoeken/archief/4.RGD/invnr/1488.1/file/
1489.1,Post- en telegraafgebouw,"Dr. Mulderstraat 4, Noordwolde",Weststellingwerf,Fryslân,post & telegraaf,tekening,IB,1925,1935,2,52.889011,6.141445,straat,https://www.nationaalarchief.nl/onderzoeken/archief/4.RGD/invnr/1489.1/file/
1490,Rijksrietvlechtschool,"Hoofdstraat, Noordwolde",Weststellingwerf,Fryslân,onderwijs & wetenschap,tekening,IB,1910,1939,39,52.892549,6.144888,straat,https://www.nationaalarchief.nl/onderzoeken/archief/4.RGD/invnr/1490/file/
1491.1,Marechausseekazerne,Wolvega,Weststellingwerf,Fryslân,politie,tekening,IB,1910,1920,2,52.88066,6.024488,straat,https://www.nationaalarchief.nl/onderzoeken/archief/4.RGD/invnr/1491.1/file/
1492.1,Telefoongebouw,"Blomslaan 22, Wolvega",Weststellingwerf,Fryslân,post & telegraaf,tekening,IB,1939,1939,4,52.877667,6.003118,straat,https://www.nationaalarchief.nl/onderzoeken/archief/4.RGD/invnr/1492.1/file/
1493.1,Post- en telegraafgebouw,"Kerkstraat 14, Wolvega",Weststellingwerf,Fryslân,post & telegraaf,tekening,IB,1909,1938,7,52.877602,5.995852,straat,https://www.nationaalarchief.nl/onderzoeken/archief/4.RGD/invnr/1493.1/file/
1495.1,Boerenleenbank / Rijkspolitiepost,Goudhoekseweg 14,Oostvoorne,Zuid-Holland,politie,tekening,IB,1932,1932,2,51.922136,4.123801,adres,https://www.nationaalarchief.nl/onderzoeken/archief/4.RGD/invnr/1495.1/file/
1496.1,Post- en telegraafgebouw,Koningstraat 18,Hippolytushoef,Noord-Holland,post & telegraaf,tekening,IB,1915,1929,6,52.905865,4.962661,straat,https://www.nationaalarchief.nl/onderzoeken/archief/4.RGD/invnr/1496.1/file/
1497.1,Post- en telegraafgebouw,Burchtstraat 17-19,Wijchen,Gelderland,post & telegraaf,tekening,IB,1925,1955,3,51.808008,5.724144,straat,https://www.nationaalarchief.nl/onderzoeken/archief/4.RGD/invnr/1497.1/file/
1498.1,Bakkerij met bergplaatsen aan het bestaand pand van de R.K. Coöperatie Ons Belang,Schoolstraat,Wijchen,Gelderland,onderwijs & wetenschap,tekening,IB,1939,1939,1,51.805246,5.728405,straat,https://www.nationaalarchief.nl/onderzoeken/archief/4.RGD/invnr/1498.1/file/
1499.1,Fröbelschool / Post- en telegraafgebouw,,Wijhe,Overijssel,post & telegraaf,tekening,IB,1905,1933,2,52.366782,6.153346,plaats,https://www.nationaalarchief.nl/onderzoeken/archief/4.RGD/invnr/1499.1/file/
1500.1,Post- en telegraafgebouw,Kerkring,Willemstad,Noord-Brabant,post & telegraaf,tekening,IB,1875,1885,1,51.691563,4.437463,straat,https://www.nationaalarchief.nl/onderzoeken/archief/4.RGD/invnr/1500.1/file/
1501.1,Gerechtsgebouw,Blijhamsterstraat 19,Winschoten,Groningen,rechtspraak,tekening,IB,1896,1896,2,53.140954,7.039528,adres,https://www.nationaalarchief.nl/onderzoeken/archief/4.RGD/invnr/1501.1/file/
1502.1,Gevangenis Noorderschans,Blijhamsterstraat 26,Winschoten,Groningen,gevangeniswezen,tekening,IB,1920,1935,7,53.14102,7.040151,adres,https://www.nationaalarchief.nl/onderzoeken/archief/4.RGD/invnr/1502.1/file/
1503.1,Raad van Arbeid / Belastingdienst,Bosplein 2,Winschoten,Groningen,bestuur & financiën,tekening,IB,1921,1921,11,53.14147,7.040031,adres,https://www.nationaalarchief.nl/onderzoeken/archief/4.RGD/invnr/1503.1/file/
1504.1,Post- en telegraafgebouw,B. Venemastraat / Poststraat,Winschoten,Groningen,post & telegraaf,tekening,IB,1916,1916,1,53.141022,7.035483,adres,https://www.nationaalarchief.nl/onderzoeken/archief/4.RGD/invnr/1504.1/file/
1505.1,Grenskantoor,Straatweg Winterswijk naar Vreden,Winterswijk,Gelderland,douane & opslag,tekening,IB,1900,1910,1,51.973013,6.738943,straat,https://www.nationaalarchief.nl/onderzoeken/archief/4.RGD/invnr/1505.1/file/
1506.1,Grenskantoor,"Vredenseweg, Huppel",Winterswijk,Gelderland,douane & opslag,tekening,IB,1905,1935,2,51.975245,6.736943,straat,https://www.nationaalarchief.nl/onderzoeken/archief/4.RGD/invnr/1506.1/file/
1507.1,Post- en telegraafgebouw,"St.-Jorishof 1, Terborg",Terborg,Gelderland,post & telegraaf,tekening,IB,1939,1939,5,51.919712,6.361739,adres,https://www.nationaalarchief.nl/onderzoeken/archief/4.RGD/invnr/1507.1/file/
1508.1,Kantongerecht,Silvoldseweg 8-10,Terborg,Gelderland,rechtspraak,tekening,IB,1896,1896,4,51.919393,6.365498,adres,https://www.nationaalarchief.nl/onderzoeken/archief/4.RGD/invnr/1508.1/file/
1509.1,Rijks-h.b.s,Bouwmanlaan 3,Woerden,Utrecht,onderwijs & wetenschap,tekening,IB,1924,1924,6,52.071344,4.904823,straat,https://www.nationaalarchief.nl/onderzoeken/archief/4.RGD/invnr/1509.1/file/
1510.1,Post- en telegraafgebouw,Kerkplein 6,Woerden,Utrecht,post & telegraaf,tekening,IB,1925,1943,6,52.08576,4.883654,straat,https://www.nationaalarchief.nl/onderzoeken/archief/4.RGD/invnr/1510.1/file/
1511.1,Post- en telegraafgebouw,Utrechtsestraatweg,Woerden,Utrecht,post & telegraaf,tekening,IB,1903,1939,14,52.092484,4.898466,straat,https://www.nationaalarchief.nl/onderzoeken/archief/4.RGD/invnr/1511.1/file/
1512.1,Post- en telegraafgebouw,"Stationsstraat 83, Koog aan de Zaan",Zaanstad,Noord-Holland,post & telegraaf,tekening,IB,1939,1939,105,52.490046,4.793467,straat,https://www.nationaalarchief.nl/onderzoeken/archief/4.RGD/invnr/1512.1/file/
1513.1,Post- en telegraafgebouw,"Noorderhoofdstraat, Krommenie",Zaanstad,Noord-Holland,post & telegraaf,tekening,IB,1910,1926,2,52.501692,4.771147,straat,https://www.nationaalarchief.nl/onderzoeken/archief/4.RGD/invnr/1513.1/file/
1514.1,Post- en telegraafgebouw,"Kerkbuurt, Westzaan",Zaanstad,Noord-Holland,post & telegraaf,tekening,IB,1905,1936,4,52.463957,4.771889,straat,https://www.nationaalarchief.nl/onderzoeken/archief/4.RGD/invnr/1514.1/file/
1515.1,Post- en telegraafgebouw,"Esdoornlaan 7-8, Wormerveer",Zaanstad,Noord-Holland,post & telegraaf,tekening,IB,1931,1931,2,52.491267,4.785575,straat,https://www.nationaalarchief.nl/onderzoeken/archief/4.RGD/invnr/1515.1/file/
1516.1,Wachthuis voor ambtenaren,Zaandam,Zaanstad,Noord-Holland,overig,tekening,IB,1895,1905,1,52.456136,4.842229,straat,https://www.nationaalarchief.nl/onderzoeken/archief/4.RGD/invnr/1516.1/file/
1517.1,Magazijn van de telegrafie,"Cornelis Calffstraat, Zaandam",Zaanstad,Noord-Holland,douane & opslag,tekening,IB,1936,1936,1,52.438244,4.822748,straat,https://www.nationaalarchief.nl/onderzoeken/archief/4.RGD/invnr/1517.1/file/
1518.1,Kantongerecht,"Czaar Peterstraat 16, Zaandam",Zaanstad,Noord-Holland,rechtspraak,tekening,IB,1897,1898,14,52.438211,4.821344,straat,https://www.nationaalarchief.nl/onderzoeken/archief/4.RGD/invnr/1518.1/file/
1519.1,Belastingkantoor,"Vincent van Goghstraat, Zaandam",Zaanstad,Noord-Holland,bestuur & financiën,tekening,IB,1926,1926,3,52.450254,4.814488,straat,https://www.nationaalarchief.nl/onderzoeken/archief/4.RGD/invnr/1519.1/file/
1520.1,Post- en telegraafgebouw,"Wilhelminakade / Wilhelminastraat / Lage Dam, Zaandam",Zaanstad,Noord-Holland,post & telegraaf,tekening,IB,1915,1939,5,52.439132,4.825119,straat,https://www.nationaalarchief.nl/onderzoeken/archief/4.RGD/invnr/1520.1/file/
1521.1,Post- en telegraafgebouw,"Stationsstraat 83, Zaandijk",Zaanstad,Noord-Holland,post & telegraaf,tekening,IB,1939,1939,2,52.490046,4.793467,straat,https://www.nationaalarchief.nl/onderzoeken/archief/4.RGD/invnr/1521.1/file/
1522.1,Post- en telegraafgebouw,Gamersestraat 32,Zaltbommel,Gelderland,post & telegraaf,tekening,IB,1915,1927,1,51.8007,5.272313,adres,https://www.nationaalarchief.nl/onderzoeken/archief/4.RGD/invnr/1522.1/file/
1523.1,Maarten van Rossumhuis,Gasthuisstraat 23,Zaltbommel,Gelderland,zorg,tekening,IB,1895,1944,11,51.8139,5.248782,adres,https://www.nationaalarchief.nl/onderzoeken/archief/4.RGD/invnr/1523.1/file/
1524.1,Rijks-h.b.s,Heemstraweg West 5,Zaltbommel,Gelderland,onderwijs & wetenschap,tekening,IB,1932,1945,58,51.799632,5.242935,straat,https://www.nationaalarchief.nl/onderzoeken/archief/4.RGD/invnr/1524.1/file/
1525.1,Conciërgewoning bij het Maarten van Rossumhuis,Nonnenstraat 5-7,Zaltbommel,Gelderland,woningbouw,tekening,IB,1900,1944,13,51.81127,5.247647,straat,https://www.nationaalarchief.nl/onderzoeken/archief/4.RGD/invnr/1525.1/file/
1526.1,Post- en telegraafgebouw en materieelbergplaats,Haltestraat voorheen Tramplein,Zandvoort,Noord-Holland,post & telegraaf,tekening,IB,1905,1932,5,52.374401,4.531995,straat,https://www.nationaalarchief.nl/onderzoeken/archief/4.RGD/invnr/1526.1/file/
1527.1,Post- en telegraafgebouw,Herenstraat 7,Zandvoort,Noord-Holland,post & telegraaf,tekening,IB,1929,1929,6,52.380913,4.531456,adres,https://www.nationaalarchief.nl/onderzoeken/archief/4.RGD/invnr/1527.1/file/
1528.1,Telefoongebouw,Herenstraat / Slegerstraat 7,Zandvoort,Noord-Holland,post & telegraaf,tekening,IB,1937,1937,4,52.372888,4.528945,straat,https://www.nationaalarchief.nl/onderzoeken/archief/4.RGD/invnr/1528.1/file/
1529.1,Belastingkantoor,Donkerelaan,Zeist,Utrecht,bestuur & financiën,tekening,IB,1918,1918,1,52.110876,5.289807,straat,https://www.nationaalarchief.nl/onderzoeken/archief/4.RGD/invnr/1529.1/file/
1530.1,Ziekenhuis / G.A.B. districtsbureau / Belastinggebouw,Prins Hendriklaan 3,Zeist,Utrecht,zorg,tekening,IB,1925,1935,1,52.087152,5.250435,straat,https://www.nationaalarchief.nl/onderzoeken/archief/4.RGD/invnr/1530.1/file/
1531.1,Post- en telegraafgebouw,Het Rond,Zeist,Utrecht,post & telegraaf,tekening,IB,1931,1935,5,52.081843,5.238859,straat,https://www.nationaalarchief.nl/onderzoeken/archief/4.RGD/invnr/1531.1/file/
1532.1,Villa Rusthof / Gebouw Bethanie,Stationslaan,Zeist,Utrecht,woningbouw,tekening,IB,1890,1900,7,52.088245,5.250253,straat,https://www.nationaalarchief.nl/onderzoeken/archief/4.RGD/invnr/1532.1/file/
1533.1,Rijksopvoedingsgesticht voor meisjes / Rijksinrichting voor jongens Eikenstein c.a,Utrechtseweg 37,Zeist,Utrecht,gevangeniswezen,tekening,IB,1905,1945,45,52.094964,5.219467,adres,https://www.nationaalarchief.nl/onderzoeken/archief/4.RGD/invnr/1533.1/file/
1534.1,Opvoedingsgesticht,,Zeist,Utrecht,overig,tekening,IB,1905,1915,1,52.101965,5.255186,plaats,https://www.nationaalarchief.nl/onderzoeken/archief/4.RGD/invnr/1534.1/file/
1535.1,Post- en telegraafgebouw,Huis ter Heide,Zeist,Utrecht,post & telegraaf,tekening,IB,1935,1935,1,52.106935,5.254659,straat,https://www.nationaalarchief.nl/onderzoeken/archief/4.RGD/invnr/1535.1/file/
1536.1,Post- en telegraafgebouw,Doelenstraat 10-12,Zevenaar,Gelderland,post & telegraaf,tekening,IB,1905,1935,3,51.926933,6.073318,straat,https://www.nationaalarchief.nl/onderzoeken/archief/4.RGD/invnr/1536.1/file/
1537.1,Pakketpostgebouw,Stationsplein 8,Zevenaar,Gelderland,overig,tekening,IB,1914,1935,4,51.923025,6.074396,adres,https://www.nationaalarchief.nl/onderzoeken/archief/4.RGD/invnr/1537.1/file/
1538.1,"Babberich, Grenskantoor",Emmeriksestraat 1-3,Zevenaar,Gelderland,douane & opslag,tekening,IB,1915,1925,1,51.920466,6.124554,adres,https://www.nationaalarchief.nl/onderzoeken/archief/4.RGD/invnr/1538.1/file/
1539.1,Marechausseekazerne,,Zevenbergen,Noord-Brabant,politie,tekening,IB,1914,1914,1,51.64842,4.605256,plaats,https://www.nationaalarchief.nl/onderzoeken/archief/4.RGD/invnr/1539.1/file/
1540.1,Post- en telegraafgebouw,Stationsstraat 5-7,Zevenbergen,Noord-Brabant,post & telegraaf,tekening,IB,1904,1945,13,51.643875,4.608592,straat,https://www.nationaalarchief.nl/onderzoeken/archief/4.RGD/invnr/1540.1/file/
1541.1,Kantongerecht,Koningin Wilhelminastraat 15-17,Zevenbergen,Noord-Brabant,rechtspraak,tekening,IB,1913,1935,7,51.645261,4.609097,straat,https://www.nationaalarchief.nl/onderzoeken/archief/4.RGD/invnr/1541.1/file/
1553.1,Post- en telegraafgebouw,Dorpsstraat 48-50,Seghwaart,Zuid-Holland,post & telegraaf,tekening,IB,1927,1935,2,52.056702,4.496353,adres,https://www.nationaalarchief.nl/onderzoeken/archief/4.RGD/invnr/1553.1/file/
1554.1,Kantongerecht,Heereweg,Zuidhorn,Groningen,rechtspraak,tekening,IB,1907,1907,1,53.244796,6.391531,straat,https://www.nationaalarchief.nl/onderzoeken/archief/4.RGD/invnr/1554.1/file/
1555.1,Post- en telegraafgebouw,Hoofdstraat 30,Zuidhorn,Groningen,post & telegraaf,tekening,IB,1900,1910,1,53.244562,6.407151,adres,https://www.nationaalarchief.nl/onderzoeken/archief/4.RGD/invnr/1555.1/file/
1556.1,Post- en telegraafgebouw,Stationsstraat 2-4,Zuidlaren,Drenthe,post & telegraaf,tekening,IB,1915,1925,1,53.08463,6.667543,adres,https://www.nationaalarchief.nl/onderzoeken/archief/4.RGD/invnr/1556.1/file/
1557.1,Telefoongebouw,Achtmaal,Zundert,Noord-Brabant,post & telegraaf,tekening,IB,1951,1951,1,51.445252,4.581309,straat,https://www.nationaalarchief.nl/onderzoeken/archief/4.RGD/invnr/1557.1/file/
1558.1,Grenskantoor c.a,"Wernhoutseweg 204, Wernhout",Zundert,Noord-Brabant,douane & opslag,tekening,IB,1927,1939,8,51.465123,4.654049,straat,https://www.nationaalarchief.nl/onderzoeken/archief/4.RGD/invnr/1558.1/file/
1559.1,Vestingmuur bij het huis Dat Bolwerck,,Zutphen,Gelderland,overig,tekening,IB,1939,1939,1,52.136347,6.23395,plaats,https://www.nationaalarchief.nl/onderzoeken/archief/4.RGD/invnr/1559.1/file/
1560.1,Kruittoren,,Zutphen,Gelderland,overig,tekening,IB,1900,1944,2,52.136347,6.23395,plaats,https://www.nationaalarchief.nl/onderzoeken/archief/4.RGD/invnr/1560.1/file/
1561.1,Wachthuis voor de kommiezen,,Zutphen,Gelderland,overig,tekening,IB,1885,1895,1,52.136347,6.23395,plaats,https://www.nationaalarchief.nl/onderzoeken/archief/4.RGD/invnr/1561.1/file/
1562.1,Huis Waliën / Kantoorgebouw,,Zutphen,Gelderland,bestuur & financiën,tekening,IB,1925,1935,1,52.136347,6.23395,plaats,https://www.nationaalarchief.nl/onderzoeken/archief/4.RGD/invnr/1562.1/file/
1563.1,Telegraaf- en telefoongebouw,'s-Gravenhof / Kuiperstraat,Zutphen,Gelderland,post & telegraaf,tekening,IB,1890,1942,13,52.139483,6.194826,straat,https://www.nationaalarchief.nl/onderzoeken/archief/4.RGD/invnr/1563.1/file/
1564.1,Strafgevangenis / Jeugdgevangenis,Lunettestraat 3-13,Zutphen,Gelderland,gevangeniswezen,tekening,IB,1903,1940,21,52.13454,6.205014,straat,https://www.nationaalarchief.nl/onderzoeken/archief/4.RGD/invnr/1564.1/file/
1565.1,Rechtbank,Martinetsingel 2,Zutphen,Gelderland,rechtspraak,tekening,IB,1887,1940,8,52.138527,6.195673,straat,https://www.nationaalarchief.nl/onderzoeken/archief/4.RGD/invnr/1565.1/file/
1566.1,Huis van Bewaring,Martinetsingel 2,Zutphen,Gelderland,gevangeniswezen,tekening,IB,1887,1940,7,52.138527,6.195673,straat,https://www.nationaalarchief.nl/onderzoeken/archief/4.RGD/invnr/1566.1/file/
1567.1,Rijkswaterstaat,Nieuwstad 79,Zutphen,Gelderland,overig,tekening,IB,1930,1937,2,52.145915,6.197636,adres,https://www.nationaalarchief.nl/onderzoeken/archief/4.RGD/invnr/1567.1/file/
1568.1,Telefoongebouw,Oudewand / Lombardsteeg,Zutphen,Gelderland,post & telegraaf,tekening,IB,1939,1946,18,52.142037,6.198036,straat,https://www.nationaalarchief.nl/onderzoeken/archief/4.RGD/invnr/1568.1/file/
1569.1,Hotel du Soleil / Raad voor de kinderbescherming,Zaadmarkt 91,Zutphen,Gelderland,overig,tekening,IB,1920,1940,12,52.140536,6.197237,adres,https://www.nationaalarchief.nl/onderzoeken/archief/4.RGD/invnr/1569.1/file/
1570.1,Marechausseekazerne,Hoofdstraat 16,Zweeloo,Drenthe,politie,tekening,IB,1921,1922,6,52.794975,6.722623,adres,https://www.nationaalarchief.nl/onderzoeken/archief/4.RGD/invnr/1570.1/file/
1571.1,Gouvernementsgebouw,,Zwolle,Overijssel,bestuur & financiën,tekening,IB,1932,1932,3,52.518686,6.118364,plaats,https://www.nationaalarchief.nl/onderzoeken/archief/4.RGD/invnr/1571.1/file/
1572.1,Rijks-h.b.s,Bagijnenweide,Zwolle,Overijssel,onderwijs & wetenschap,tekening,IB,1904,1909,37,52.512035,6.075753,straat,https://www.nationaalarchief.nl/onderzoeken/archief/4.RGD/invnr/1572.1/file/
1573.1,Rechtbank / Rijksplanologische Dienst,Blijmarkt 16,Zwolle,Overijssel,rechtspraak,tekening,IB,1911,1924,12,52.510658,6.091248,straat,https://www.nationaalarchief.nl/onderzoeken/archief/4.RGD/invnr/1573.1/file/
1574.1,Strafgevangenis / Huis van bewaring,Menno van Coehoornsingel 19,Zwolle,Overijssel,gevangeniswezen,tekening,IB,1891,1943,12,52.514994,6.098742,straat,https://www.nationaalarchief.nl/onderzoeken/archief/4.RGD/invnr/1574.1/file/
1575.1,Herenhuis van G. Ridder Thzn,Emmastraat 1 / Veerallee 2,Zwolle,Overijssel,woningbouw,tekening,IB,1905,1905,2,52.509252,6.084409,adres,https://www.nationaalarchief.nl/onderzoeken/archief/4.RGD/invnr/1575.1/file/
1576.1,Woning van de Rijkszuivelconsulent,Emmawijk / Willemsvaart,Zwolle,Overijssel,woningbouw,tekening,IB,1900,1910,2,52.509377,6.086232,straat,https://www.nationaalarchief.nl/onderzoeken/archief/4.RGD/invnr/1576.1/file/
1577.1,Melkmarkt 41 Huis Helmich / Provinciaal Museum,,Zwolle,Overijssel,museum & paleis,tekening,IB,,,7,52.518686,6.118364,plaats,https://www.nationaalarchief.nl/onderzoeken/archief/4.RGD/invnr/1577.1/file/
1579.1,Telefoongebouw,Parkstraat 1,Zwolle,Overijssel,post & telegraaf,tekening,IB,1933,1934,5,52.507598,6.088291,straat,https://www.nationaalarchief.nl/onderzoeken/archief/4.RGD/invnr/1579.1/file/
1580.1,Ambtswoning van de Commissaris der Koningin,Roopoort 1,Zwolle,Overijssel,woningbouw,tekening,IB,1933,1934,5,52.508773,6.089346,straat,https://www.nationaalarchief.nl/onderzoeken/archief/4.RGD/invnr/1580.1/file/
1581.1,Rijksarchief,Sassenpoort,Zwolle,Overijssel,overig,tekening,IB,,,49,52.512035,6.075753,straat,https://www.nationaalarchief.nl/onderzoeken/archief/4.RGD/invnr/1581.1/file/
1584.1,Stationspostgebouw,Station,Zwolle,Overijssel,overig,tekening,IB,1937,1937,3,52.512035,6.075753,straat,https://www.nationaalarchief.nl/onderzoeken/archief/4.RGD/invnr/1584.1/file/
1585.1,Rijkswaterstaat,Stationsweg,Zwolle,Overijssel,overig,tekening,IB,1925,1935,2,52.508107,6.091338,straat,https://www.nationaalarchief.nl/onderzoeken/archief/4.RGD/invnr/1585.1/file/
1586.1,Herenhuis / Hypotheek- en kadastergebouw,Stationsweg 2,Zwolle,Overijssel,bestuur & financiën,tekening,IB,1890,1921,6,52.508107,6.091338,straat,https://www.nationaalarchief.nl/onderzoeken/archief/4.RGD/invnr/1586.1/file/
1587.1,Ambtswoning voor de woning van de commissaris van de Koningin / Belastingkantoor,Ter Pelkwijkstraat 22,Zwolle,Overijssel,bestuur & financiën,tekening,IB,1887,1940,6,52.51212,6.098138,straat,https://www.nationaalarchief.nl/onderzoeken/archief/4.RGD/invnr/1587.1/file/
1588.1,Inspectie der posterijen en telegrafie,Voorstraat,Zwolle,Overijssel,post & telegraaf,tekening,IB,1916,1916,1,52.51254,6.090765,straat,https://www.nationaalarchief.nl/onderzoeken/archief/4.RGD/invnr/1588.1/file/
1851.1,Rijksopvoedingsgesticht/Post- en telegraafgebouw,Gasthuisstraat / Waaigat,Alkmaar,Noord-Holland,gevangeniswezen,tekening,IIB,1932,1932,1,52.633255,4.742765,straat,https://www.nationaalarchief.nl/onderzoeken/archief/4.RGD/invnr/1851.1/file/
1852.1,Post- en telegraafgebouw/telefoongebouw,Koorstraat / Heul,Alkmaar,Noord-Holland,post & telegraaf,tekening,IIB,1932,1951,17,52.631817,4.743941,straat,https://www.nationaalarchief.nl/onderzoeken/archief/4.RGD/invnr/1852.1/file/
1853.1,Huis van bewaring,Markt 7 / Wierdensestraat 37,Almelo,Overijssel,gevangeniswezen,tekening,IIB,1925,1928,40,52.362663,6.64432,adres,https://www.nationaalarchief.nl/onderzoeken/archief/4.RGD/invnr/1853.1/file/
1854.1,Rijks-h.b.s,Sluiskade NZ 68,Almelo,Overijssel,onderwijs & wetenschap,tekening,IIB,1924,1925,29,52.362587,6.663582,adres,https://www.nationaalarchief.nl/onderzoeken/archief/4.RGD/invnr/1854.1/file/
1855.1,Centraal belastinggebouw,Prins Hendriklaan 15,Amersfoort,Utrecht,bestuur & financiën,tekening,IIB,1933,1933,8,52.151743,5.373458,straat,https://www.nationaalarchief.nl/onderzoeken/archief/4.RGD/invnr/1855.1/file/
1856.1,Rijks-h.b.s,Thorbeckeplein 1,Amersfoort,Utrecht,onderwijs & wetenschap,tekening,IIB,1938,1938,8,52.151327,5.368386,straat,https://www.nationaalarchief.nl/onderzoeken/archief/4.RGD/invnr/1856.1/file/
1857.1,Telefoongebouw,Utrechtseweg 33,Amersfoort,Utrecht,post & telegraaf,tekening,IIB,1936,1938,17,52.151371,5.381024,adres,https://www.nationaalarchief.nl/onderzoeken/archief/4.RGD/invnr/1857.1/file/
1858.1,Rijksopvoedingsgesticht voor jongens,Utrechtseweg 247,Amersfoort,Utrecht,gevangeniswezen,tekening,IIB,1931,1932,8,52.140586,5.357941,straat,https://www.nationaalarchief.nl/onderzoeken/archief/4.RGD/invnr/1858.1/file/
1859.1,Telefoongebouw,Wolfert van Borsselenweg,Amstelveen,Noord-Holland,post & telegraaf,tekening,IIB,1934,1939,11,52.311411,4.852355,straat,https://www.nationaalarchief.nl/onderzoeken/archief/4.RGD/invnr/1859.1/file/
1860.1,Huis van bewaring,,Amsterdam,Noord-Holland,gevangeniswezen,tekening,IIB,1924,1925,16,52.366487,4.919787,plaats,https://www.nationaalarchief.nl/onderzoeken/archief/4.RGD/invnr/1860.1/file/
1861.1,Rijksadministratiegebouw,Droogbak 1-a,Amsterdam,Noord-Holland,overig,tekening,IIB,1922,1922,3,52.38026,4.894139,adres,https://www.nationaalarchief.nl/onderzoeken/archief/4.RGD/invnr/1861.1/file/
1862.1,Agentschap van Financiën,Herengracht 344-346,Amsterdam,Noord-Holland,bestuur & financiën,tekening,IIB,1921,1921,7,52.369082,4.886379,adres,https://www.nationaalarchief.nl/onderzoeken/archief/4.RGD/invnr/1862.1/file/
1863.1,Marine radiodienst,Kattenburgerstraat 7,Amsterdam,Noord-Holland,militair,tekening,IIB,1937,1937,8,52.373157,4.919039,straat,https://www.nationaalarchief.nl/onderzoeken/archief/4.RGD/invnr/1863.1/file/
1864.1,Staatsveeartsenij onderzoekingsinstituut met stalgebouw,Grote Kattenburgerstraat 7,Amsterdam,Noord-Holland,onderwijs & wetenschap,tekening,IIB,1939,1946,28,52.373157,4.919039,straat,https://www.nationaalarchief.nl/onderzoeken/archief/4.RGD/invnr/1864.1/file/
1865.1,Rijkskantoor voor geld- en telefoonbedrijf,Nieuwezijds Voorburgwal / Paleisstraat / Spuistraat. Raadhuisstraat,Amsterdam,Noord-Holland,post & telegraaf,tekening,IIB,1921,1938,171,52.373984,4.891051,straat,https://www.nationaalarchief.nl/onderzoeken/archief/4.RGD/invnr/1865.1/file/
1866.1,Post- en telegraafgebouw,Nieuwezijds Voorburgwal 182,Amsterdam,Noord-Holland,post & telegraaf,tekening,IIB,1934,1934,12,52.373612,4.890469,adres,https://www.nationaalarchief.nl/onderzoeken/archief/4.RGD/invnr/1866.1/file/
1867.1,Paleis van Justitie,Prinsengracht 432,Amsterdam,Noord-Holland,rechtspraak,tekening,IIB,1923,1931,3,52.368774,4.882864,straat,https://www.nationaalarchief.nl/onderzoeken/archief/4.RGD/invnr/1867.1/file/
1868.1,Rijksmuseum,Stadhouderskade 42,Amsterdam,Noord-Holland,museum & paleis,tekening,IIB,1928,1931,12,52.360827,4.884463,adres,https://www.nationaalarchief.nl/onderzoeken/archief/4.RGD/invnr/1868.1/file/
1869.1,Vliegtuigloods,Schellingwoude,Amsterdam,Noord-Holland,douane & opslag,tekening,IIB,1924,1924,1,52.390388,4.967751,straat,https://www.nationaalarchief.nl/onderzoeken/archief/4.RGD/invnr/1869.1/file/
1870.1,Post- en telegraafgebouw,,Apeldoorn,Gelderland,post & telegraaf,tekening,IIB,1935,1936,11,52.189858,5.921909,plaats,https://www.nationaalarchief.nl/onderzoeken/archief/4.RGD/invnr/1870.1/file/
1871.1,Jachtslot St. Hubertus,Hoenderloo,Apeldoorn,Gelderland,overig,tekening,IIB,,,16,52.18195,5.916082,straat,https://www.nationaalarchief.nl/onderzoeken/archief/4.RGD/invnr/1871.1/file/
1874.1,bergplaats voor kunstschatten,Hoge Veluwe,Apeldoorn,Gelderland,overig,tekening,IIB,1939,1940,8,52.241245,5.963741,straat,https://www.nationaalarchief.nl/onderzoeken/archief/4.RGD/invnr/1874.1/file/
1875.1,Radio Kootwijk,,Apeldoorn,Gelderland,overig,tekening,IIB,,,140,52.189858,5.921909,plaats,https://www.nationaalarchief.nl/onderzoeken/archief/4.RGD/invnr/1875.1/file/
1881.1,Telefoongebouw,Uddel,Apeldoorn,Gelderland,post & telegraaf,tekening,IIB,1939,1939,5,52.247572,5.820149,straat,https://www.nationaalarchief.nl/onderzoeken/archief/4.RGD/invnr/1881.1/file/
1882.1,Belastinggebouw,,Arnhem,Gelderland,bestuur & financiën,tekening,IIB,1924,1924,2,52.001137,5.892592,plaats,https://www.nationaalarchief.nl/onderzoeken/archief/4.RGD/invnr/1882.1/file/
1883.1,Paleis van Justitie,Grote Markt 4,Arnhem,Gelderland,rechtspraak,tekening,IIB,1938,1938,5,51.97803,5.90981,straat,https://www.nationaalarchief.nl/onderzoeken/archief/4.RGD/invnr/1883.1/file/
1884.1,Ambtswoning van de Commissaris van de Koningin met garage,Velperweg 140,Arnhem,Gelderland,woningbouw,tekening,IIB,1926,1928,14,51.989871,5.939498,adres,https://www.nationaalarchief.nl/onderzoeken/archief/4.RGD/invnr/1884.1/file/
1885.1,Telefoongebouw,,Assen,Drenthe,post & telegraaf,tekening,IIB,1937,1937,5,53.001273,6.552466,plaats,https://www.nationaalarchief.nl/onderzoeken/archief/4.RGD/invnr/1885.1/file/
1886.1,Rijks-h.b.s,Beilerstraat 28/30,Assen,Drenthe,onderwijs & wetenschap,tekening,IIB,1937,1937,1,52.990424,6.5583,adres,https://www.nationaalarchief.nl/onderzoeken/archief/4.RGD/invnr/1886.1/file/
1887.1,Rijksopvoedingsgesticht Veldzicht,Ommerweg 67,Balkbrug,Overijssel,gevangeniswezen,tekening,IIB,1908,1910,18,52.595377,6.390637,adres,https://www.nationaalarchief.nl/onderzoeken/archief/4.RGD/invnr/1887.1/file/
1888.1,Post- en telegraafgebouw,,Baarn,Utrecht,post & telegraaf,tekening,IIB,1935,1936,5,52.203834,5.264142,plaats,https://www.nationaalarchief.nl/onderzoeken/archief/4.RGD/invnr/1888.1/file/
1889.1,Telefoongebouw,Theding van Berkhoutsstraat,Baarn,Utrecht,post & telegraaf,tekening,IIB,1933,1933,4,52.21403,5.303496,straat,https://www.nationaalarchief.nl/onderzoeken/archief/4.RGD/invnr/1889.1/file/
1890.1,Post- en telegraafgebouw,Wilhelminastraat / Kruisstraat,Beilen,Drenthe,post & telegraaf,tekening,IIB,1907,1930,14,52.874253,6.524948,straat,https://www.nationaalarchief.nl/onderzoeken/archief/4.RGD/invnr/1890.1/file/
1891.1,Post- en telegraafgebouw,Duinlaan 22,Bennebroek,Noord-Holland,post & telegraaf,tekening,IIB,1932,1933,5,52.322672,4.595521,adres,https://www.nationaalarchief.nl/onderzoeken/archief/4.RGD/invnr/1891.1/file/
1892.1,Telefoongebouw,Berkenlaan 2,Bergen,Limburg,post & telegraaf,tekening,IIB,1936,1936,2,52.669678,4.698035,straat,https://www.nationaalarchief.nl/onderzoeken/archief/4.RGD/invnr/1892.1/file/
1893.1,Telefoongebouw,,Beverwijk,Noord-Holland,post & telegraaf,tekening,IIB,1935,1935,13,52.484808,4.649106,plaats,https://www.nationaalarchief.nl/onderzoeken/archief/4.RGD/invnr/1893.1/file/
1894.1,Post- en telegraafgebouw,,Beverwijk,Noord-Holland,post & telegraaf,tekening,IIB,1937,1937,1,52.484808,4.649106,plaats,https://www.nationaalarchief.nl/onderzoeken/archief/4.RGD/invnr/1894.1/file/
1895.1,Telefoongebouw,Zuidervaart,Sint Annaparochie,Fryslân,post & telegraaf,tekening,IIB,1937,1938,7,53.278319,5.665337,straat,https://www.nationaalarchief.nl/onderzoeken/archief/4.RGD/invnr/1895.1/file/
1896.1,K.N.M.I. observatietoren,Utrechtseweg 297 / Wilhelminalaan 10,De Bilt,Utrecht,overig,tekening,IIB,1885,1932,14,52.101964,5.178006,adres,https://www.nationaalarchief.nl/onderzoeken/archief/4.RGD/invnr/1896.1/file/
1897.1,Post- en telegraafgebouw,Bilthoven,De Bilt,Utrecht,post & telegraaf,tekening,IIB,1934,1934,1,52.135417,5.21467,straat,https://www.nationaalarchief.nl/onderzoeken/archief/4.RGD/invnr/1897.1/file/
1898.1,Post- en telegraafgebouw,,Blaricum,Noord-Holland,post & telegraaf,tekening,IIB,1920,1930,4,52.282959,5.274231,plaats,https://www.nationaalarchief.nl/onderzoeken/archief/4.RGD/invnr/1898.1/file/
1899.1,Post- en telegraafgebouw,,Bloemendaal,Noord-Holland,post & telegraaf,tekening,IIB,1923,1924,3,52.385927,4.581535,plaats,https://www.nationaalarchief.nl/onderzoeken/archief/4.RGD/invnr/1899.1/file/
1900.1,Post- en telegraafgebouw,,Boskoop,Zuid-Holland,post & telegraaf,tekening,IIB,1920,1930,1,52.081437,4.670712,plaats,https://www.nationaalarchief.nl/onderzoeken/archief/4.RGD/invnr/1900.1/file/
1901.1,Pompgebouwtje voor de drinkwatervoorziening,Sambeek,Boxmeer,Noord-Brabant,overig,tekening,IIB,1925,1935,1,51.638189,5.921659,straat,https://www.nationaalarchief.nl/onderzoeken/archief/4.RGD/invnr/1901.1/file/
1902.1,Post- en telegraafgebouw,,Breda,Noord-Brabant,post & telegraaf,tekening,IIB,1923,1923,8,51.585121,4.761441,plaats,https://www.nationaalarchief.nl/onderzoeken/archief/4.RGD/invnr/1902.1/file/
1903.1,Rijkskantorengebouw,Delpratsingel 23,Breda,Noord-Brabant,overig,tekening,IIB,1926,1926,7,51.594043,4.78369,adres,https://www.nationaalarchief.nl/onderzoeken/archief/4.RGD/invnr/1903.1/file/
1904.1,"Telefoongebouw, magazijn",,Breda,Noord-Brabant,post & telegraaf,tekening,IIB,1938,1939,11,51.585121,4.761441,plaats,https://www.nationaalarchief.nl/onderzoeken/archief/4.RGD/invnr/1904.1/file/
1905.1,Gevangenis,Nassausingel,Breda,Noord-Brabant,gevangeniswezen,tekening,IIB,1925,1925,1,51.590137,4.788399,straat,https://www.nationaalarchief.nl/onderzoeken/archief/4.RGD/invnr/1905.1/file/
1906.1,Stationspostgebouw,Stationsplein,Breda,Noord-Brabant,overig,tekening,IIB,1937,1938,42,51.594676,4.779551,straat,https://www.nationaalarchief.nl/onderzoeken/archief/4.RGD/invnr/1906.1/file/
1907.1,Post- en telegraafgebouw,"Wilhelminastraat, Ginneken",Breda,Noord-Brabant,post & telegraaf,tekening,IIB,1938,1938,14,51.579721,4.777925,straat,https://www.nationaalarchief.nl/onderzoeken/archief/4.RGD/invnr/1907.1/file/
1908.1,Post- en telegraafgebouw,Schiffelerstraat,Brunssum,Limburg,post & telegraaf,tekening,IIB,1938,1939,15,50.946009,5.970649,straat,https://www.nationaalarchief.nl/onderzoeken/archief/4.RGD/invnr/1908.1/file/
1909.1,Post- en telegraafgebouw,,Bussum,Noord-Holland,post & telegraaf,tekening,IIB,1931,1932,43,52.271089,5.164541,plaats,https://www.nationaalarchief.nl/onderzoeken/archief/4.RGD/invnr/1909.1/file/
1910.1,Belastinggebouw,Brinklaan 134,Bussum,Noord-Holland,bestuur & financiën,tekening,IIB,1938,1939,6,52.271341,5.162374,adres,https://www.nationaalarchief.nl/onderzoeken/archief/4.RGD/invnr/1910.1/file/
1911.1,Telefoongebouw,,Capelle aan de IJssel,Zuid-Holland,post & telegraaf,tekening,IIB,1939,1939,8,51.934929,4.580138,plaats,https://www.nationaalarchief.nl/onderzoeken/archief/4.RGD/invnr/1911.1/file/
1912.1,Telefoongebouw,,Culemborg,Gelderland,post & telegraaf,tekening,IIB,1938,1939,8,51.945778,5.21038,plaats,https://www.nationaalarchief.nl/onderzoeken/archief/4.RGD/invnr/1912.1/file/
1913.1,Telefoongebouw,Schoolweg,Veenwouden,,post & telegraaf,tekening,IIB,1939,1939,7,53.23817,5.984483,straat,https://www.nationaalarchief.nl/onderzoeken/archief/4.RGD/invnr/1913.1/file/
1914.1,"Technische Universiteit, bibliotheek",,Delft,Zuid-Holland,onderwijs & wetenschap,tekening,IIB,1910,1910,11,51.998457,4.363106,plaats,https://www.nationaalarchief.nl/onderzoeken/archief/4.RGD/invnr/1914.1/file/
1915.1,Post- en telegraafgebouw,,Delft,Zuid-Holland,post & telegraaf,tekening,IIB,1924,1926,14,51.998457,4.363106,plaats,https://www.nationaalarchief.nl/onderzoeken/archief/4.RGD/invnr/1915.1/file/
1916.1,Laboratorium voor technische botanie,,Delft,Zuid-Holland,onderwijs & wetenschap,tekening,IIB,1930,1930,2,51.998457,4.363106,plaats,https://www.nationaalarchief.nl/onderzoeken/archief/4.RGD/invnr/1916.1/file/
1917.1,Waterbouwkundig laboratorium,,Delft,Zuid-Holland,onderwijs & wetenschap,tekening,IIB,1920,1935,250,51.998457,4.363106,plaats,https://www.nationaalarchief.nl/onderzoeken/archief/4.RGD/invnr/1917.1/file/
1918.1,Stavenperserij van de artillerie-inrichting/gebouw voor scheikunde,Julianalaan 91,Delft,Zuid-Holland,overig,tekening,IIB,1919,1936,16,52.004696,4.368024,adres,https://www.nationaalarchief.nl/onderzoeken/archief/4.RGD/invnr/1918.1/file/
1919.1,Gele scheikunde laboratorium,Julianalaan 136,Delft,Zuid-Holland,onderwijs & wetenschap,tekening,IIB,1938,1940,306,52.00434,4.368331,adres,https://www.nationaalarchief.nl/onderzoeken/archief/4.RGD/invnr/1919.1/file/
1920.1,Laboratorium voor elektrotechniek,Kanaalweg,Delft,Zuid-Holland,onderwijs & wetenschap,tekening,IIB,1931,1937,11,52.007973,4.367082,straat,https://www.nationaalarchief.nl/onderzoeken/archief/4.RGD/invnr/1920.1/file/
1921.1,Hoogspanningslaboratorium,Kanaalweg,Delft,Zuid-Holland,onderwijs & wetenschap,tekening,IIB,1937,1938,68,52.007973,4.367082,straat,https://www.nationaalarchief.nl/onderzoeken/archief/4.RGD/invnr/1921.1/file/
1922.1,Laboratorium voor micro-chemie / metallografie / laboratorium voor natuurkunde,Mijnbouwstraat / Kanaalstraat,Delft,Zuid-Holland,onderwijs & wetenschap,tekening,IIB,1919,1930,48,52.006294,4.36766,straat,https://www.nationaalarchief.nl/onderzoeken/archief/4.RGD/invnr/1922.1/file/
1923.1,Werktuig- en scheepsbouwkunde,Nieuwelaan 70/76,Delft,Zuid-Holland,overig,tekening,IIB,1906,1935,8,52.009042,4.36761,straat,https://www.nationaalarchief.nl/onderzoeken/archief/4.RGD/invnr/1923.1/file/
1924.1,"Kapel, aula van de Technische Hogeschool",Oude Delft 18,Delft,Zuid-Holland,kerk & religie,tekening,IIB,1924,1924,1,52.010777,4.356532,straat,https://www.nationaalarchief.nl/onderzoeken/archief/4.RGD/invnr/1924.1/file/
1925.1,Telefoongebouw,,Deurne,Noord-Brabant,post & telegraaf,tekening,IIB,1939,1940,6,51.436221,5.826976,plaats,https://www.nationaalarchief.nl/onderzoeken/archief/4.RGD/invnr/1925.1/file/
1926.1,Rijks-h.b.s,Burgersdijkstraat 1,Deventer,Overijssel,onderwijs & wetenschap,tekening,IIB,1937,1937,9,52.264676,6.149361,straat,https://www.nationaalarchief.nl/onderzoeken/archief/4.RGD/invnr/1926.1/file/
1927.1,Rijkskweekschool,Singel 20,Deventer,Overijssel,onderwijs & wetenschap,tekening,IIB,1939,1939,2,52.25641,6.158211,adres,https://www.nationaalarchief.nl/onderzoeken/archief/4.RGD/invnr/1927.1/file/
1928.1,Post- en telegraafgebouw,Smedenstraat zuidzijde / Leusensteeg / Bagijnenstraat,Deventer,Overijssel,post & telegraaf,tekening,IIB,1907,1941,17,52.255609,6.156248,straat,https://www.nationaalarchief.nl/onderzoeken/archief/4.RGD/invnr/1928.1/file/
1929.1,Post- en telegraafgebouw,Steenbergseweg,Dinteloord,Noord-Brabant,post & telegraaf,tekening,IIB,1920,1920,3,51.619769,4.35727,straat,https://www.nationaalarchief.nl/onderzoeken/archief/4.RGD/invnr/1929.1/file/
1930.1,Post- en telegraafgebouw,,Doetinchem,Gelderland,post & telegraaf,tekening,IIB,1919,1938,22,51.960787,6.286702,plaats,https://www.nationaalarchief.nl/onderzoeken/archief/4.RGD/invnr/1930.1/file/
1931.1,Rijksopvoedingsgesticht,,Doetinchem,Gelderland,gevangeniswezen,tekening,IIB,1937,1938,7,51.960787,6.286702,plaats,https://www.nationaalarchief.nl/onderzoeken/archief/4.RGD/invnr/1931.1/file/
1932.1,Versterkerstation,,Domburg,Zeeland,overig,tekening,IIB,1925,1939,14,51.560564,3.49315,plaats,https://www.nationaalarchief.nl/onderzoeken/archief/4.RGD/invnr/1932.1/file/
1933.1,Post- en telegraafgebouw,,Dongen,Noord-Brabant,post & telegraaf,tekening,IIB,1920,1920,2,51.635884,4.955449,plaats,https://www.nationaalarchief.nl/onderzoeken/archief/4.RGD/invnr/1933.1/file/
1934.1,Telefoongebouw,Dokkum,Dongeradeel,,post & telegraaf,tekening,IIB,1938,1940,13,53.329042,6.01858,straat,https://www.nationaalarchief.nl/onderzoeken/archief/4.RGD/invnr/1934.1/file/
1935.1,"Post- en telegraafgebouw, telefoongebouw",,Doorn,Utrecht,post & telegraaf,tekening,IIB,1936,1936,11,52.037309,5.34232,plaats,https://www.nationaalarchief.nl/onderzoeken/archief/4.RGD/invnr/1935.1/file/
1936.1,Post- en telegraafgebouw,,Dordrecht,Zuid-Holland,post & telegraaf,tekening,IIB,1929,1937,3,51.781507,4.708874,plaats,https://www.nationaalarchief.nl/onderzoeken/archief/4.RGD/invnr/1936.1/file/
1937.1,Post- en telegraafgebouw,,Echt,Limburg,post & telegraaf,tekening,IIB,1928,1928,2,51.085042,5.908201,plaats,https://www.nationaalarchief.nl/onderzoeken/archief/4.RGD/invnr/1937.1/file/
1938.1,Belastingkantoor,,Eijsden,Limburg,bestuur & financiën,tekening,IIB,1920,1920,1,50.801062,5.773687,plaats,https://www.nationaalarchief.nl/onderzoeken/archief/4.RGD/invnr/1938.1/file/
1939.1,Versterkerstation,,Eindhoven,Noord-Brabant,overig,tekening,IIB,1929,1929,15,51.450162,5.458535,plaats,https://www.nationaalarchief.nl/onderzoeken/archief/4.RGD/invnr/1939.1/file/
1940.1,Postgebouw / kantoorgebouw,,Eindhoven,Noord-Brabant,post & telegraaf,tekening,IIB,1930,1930,6,51.450162,5.458535,plaats,https://www.nationaalarchief.nl/onderzoeken/archief/4.RGD/invnr/1940.1/file/
1941.1,"Belastinggebouw, schaftgebouw",,Eindhoven,Noord-Brabant,bestuur & financiën,tekening,IIB,1935,1935,4,51.450162,5.458535,plaats,https://www.nationaalarchief.nl/onderzoeken/archief/4.RGD/invnr/1941.1/file/
1942.1,"Keizersgracht, Post- en telegraafgebouw/telefoongebouw",,Eindhoven,Noord-Brabant,post & telegraaf,tekening,IIB,1910,1940,22,51.450162,5.458535,plaats,https://www.nationaalarchief.nl/onderzoeken/archief/4.RGD/invnr/1942.1/file/
1943.1,"Stationsweg, Stationspostgebouw",,Eindhoven,Noord-Brabant,overig,tekening,IIB,1937,1938,25,51.450162,5.458535,plaats,https://www.nationaalarchief.nl/onderzoeken/archief/4.RGD/invnr/1943.1/file/
1944.1,Rijkskrankzinnigengesticht c.a,Bosdijk 771 Woensel,Eindhoven,Noord-Brabant,overig,tekening,IIB,1926,1937,6,51.46915,5.475462,straat,https://www.nationaalarchief.nl/onderzoeken/archief/4.RGD/invnr/1944.1/file/
1945.1,Telefoongebouw,Honingveldwegje,Elburg,Gelderland,post & telegraaf,tekening,IIB,1937,1937,2,52.449403,5.861721,straat,https://www.nationaalarchief.nl/onderzoeken/archief/4.RGD/invnr/1945.1/file/
1946.1,Telefoongebouw,,Emmen,Drenthe,post & telegraaf,tekening,IIB,1939,1940,10,52.749653,6.96196,plaats,https://www.nationaalarchief.nl/onderzoeken/archief/4.RGD/invnr/1946.1/file/
1947.1,Rijks-h.b.s,Westerstraat 129,Enkhuizen,Noord-Holland,onderwijs & wetenschap,tekening,IIB,1927,1928,19,52.702906,5.286463,adres,https://www.nationaalarchief.nl/onderzoeken/archief/4.RGD/invnr/1947.1/file/
1948.1,Post- en telegraafgebouw,,Enschede,Overijssel,post & telegraaf,tekening,IIB,1931,1932,38,52.220807,6.877788,plaats,https://www.nationaalarchief.nl/onderzoeken/archief/4.RGD/invnr/1948.1/file/
1949.1,Belastinggebouw,Hengelosestraat 75,Enschede,Overijssel,bestuur & financiën,tekening,IIB,1938,1940,46,52.223336,6.888685,adres,https://www.nationaalarchief.nl/onderzoeken/archief/4.RGD/invnr/1949.1/file/
1950.1,Douaneloods,Glanerbrug,Enschede,Overijssel,douane & opslag,tekening,IIB,1933,1933,2,52.200601,6.887505,straat,https://www.nationaalarchief.nl/onderzoeken/archief/4.RGD/invnr/1950.1/file/
1951.1,Telefoongebouw,,Epe,Gelderland,post & telegraaf,tekening,IIB,1935,1935,4,52.32551,5.954968,plaats,https://www.nationaalarchief.nl/onderzoeken/archief/4.RGD/invnr/1951.1/file/
1952.1,Telefoongebouw,Franeker,Franeker,Fryslân,post & telegraaf,tekening,IIB,1936,1936,7,53.185414,5.539552,straat,https://www.nationaalarchief.nl/onderzoeken/archief/4.RGD/invnr/1952.1/file/
1953.1,Post- en telegraafgebouw,Lutterade,Geleen,Limburg,post & telegraaf,tekening,IIB,1930,1930,9,50.955449,5.812735,straat,https://www.nationaalarchief.nl/onderzoeken/archief/4.RGD/invnr/1953.1/file/
1954.1,Telefoongebouw,L.P. v/d Spiegelstraat,Goes,Zeeland,post & telegraaf,tekening,IIB,1936,1937,47,51.50329,3.890941,straat,https://www.nationaalarchief.nl/onderzoeken/archief/4.RGD/invnr/1954.1/file/
1955.1,Grenskantoor c.a,Poppelseweg 21,Goirle,Noord-Brabant,douane & opslag,tekening,IIB,1939,1939,8,51.505908,5.054613,straat,https://www.nationaalarchief.nl/onderzoeken/archief/4.RGD/invnr/1955.1/file/
1956.1,Telefoongebouw,,Goor,Overijssel,post & telegraaf,tekening,IIB,1939,1939,6,52.237806,6.589649,plaats,https://www.nationaalarchief.nl/onderzoeken/archief/4.RGD/invnr/1956.1/file/
1957.1,Telefoongebouw,,Gorinchem,Zuid-Holland,post & telegraaf,tekening,IIB,1933,1933,16,51.83846,4.977083,plaats,https://www.nationaalarchief.nl/onderzoeken/archief/4.RGD/invnr/1957.1/file/
1958.1,Post- en telegraafgebouw,Korte Noodgodsteeg / Westhaven Karnemelksloot,Gouda,Zuid-Holland,post & telegraaf,tekening,IIB,1928,1930,25,52.012902,4.706113,straat,https://www.nationaalarchief.nl/onderzoeken/archief/4.RGD/invnr/1958.1/file/
1959.1,Rijkskrankzinnigengesticht,Kastanjelaan 1,Grave,Noord-Brabant,overig,tekening,IIB,1937,1937,1,51.761837,5.729823,straat,https://www.nationaalarchief.nl/onderzoeken/archief/4.RGD/invnr/1959.1/file/
1960.1,Schoolgebouw / Districtspostkantoor-Zuid,,'s-Gravenhage,Zuid-Holland,onderwijs & wetenschap,tekening,IIB,1914,1936,3,52.072073,4.293001,plaats,https://www.nationaalarchief.nl/onderzoeken/archief/4.RGD/invnr/1960.1/file/
1961.1,Gouvernementsgebouw,,'s-Gravenhage,Zuid-Holland,bestuur & financiën,tekening,IIB,1928,1929,31,52.072073,4.293001,plaats,https://www.nationaalarchief.nl/onderzoeken/archief/4.RGD/invnr/1961.1/file/
1962.1,Ministerie van Landbouw,,'s-Gravenhage,Zuid-Holland,bestuur & financiën,tekening,IIB,1933,1933,3,52.072073,4.293001,plaats,https://www.nationaalarchief.nl/onderzoeken/archief/4.RGD/invnr/1962.1/file/
1963.1,Telefoongebouw,,'s-Gravenhage,Zuid-Holland,post & telegraaf,tekening,IIB,1939,1940,11,52.072073,4.293001,plaats,https://www.nationaalarchief.nl/onderzoeken/archief/4.RGD/invnr/1963.1/file/
1964.1,Centraal magazijn voor telegraaf- en telefoonmateriaal,Binckhorstlaan 36,'s-Gravenhage,Zuid-Holland,post & telegraaf,tekening,IIB,1916,1940,280,52.073449,4.332565,adres,https://www.nationaalarchief.nl/onderzoeken/archief/4.RGD/invnr/1964.1/file/
1965.1,Departement van Binnenlandse Zaken,Binnenhof 19,'s-Gravenhage,Zuid-Holland,overig,tekening,IIB,1938,1938,1,52.07969,4.312935,straat,https://www.nationaalarchief.nl/onderzoeken/archief/4.RGD/invnr/1965.1/file/
1966.1,Belastinggebouw,P. Bothstraat,'s-Gravenhage,Zuid-Holland,bestuur & financiën,tekening,IIB,1921,1921,2,52.079696,4.329687,straat,https://www.nationaalarchief.nl/onderzoeken/archief/4.RGD/invnr/1966.1/file/
1967.1,Huis van bewaring,Casuariestraat 38,'s-Gravenhage,Zuid-Holland,gevangeniswezen,tekening,IIB,1935,1935,2,52.081515,4.317379,straat,https://www.nationaalarchief.nl/onderzoeken/archief/4.RGD/invnr/1967.1/file/
1968.1,Hulppostkantoor,Van den Eyndestraat,'s-Gravenhage,Zuid-Holland,bestuur & financiën,tekening,IIB,1923,1924,4,52.089889,4.275719,straat,https://www.nationaalarchief.nl/onderzoeken/archief/4.RGD/invnr/1968.1/file/
1969.1,Bijpostkantoor-West,Fahrenheitstraat 335,'s-Gravenhage,Zuid-Holland,bestuur & financiën,tekening,IIB,1936,1936,4,52.073816,4.274408,adres,https://www.nationaalarchief.nl/onderzoeken/archief/4.RGD/invnr/1969.1/file/
1970.1,Landsdrukkerij,Fluwelen Burgwal 10-14,'s-Gravenhage,Zuid-Holland,overig,tekening,IIB,1919,1939,10,52.07964,4.318499,straat,https://www.nationaalarchief.nl/onderzoeken/archief/4.RGD/invnr/1970.1/file/
1971.1,Radiostation,Houtrustweg,'s-Gravenhage,Zuid-Holland,overig,tekening,IIB,1920,1940,3,52.089782,4.266522,straat,https://www.nationaalarchief.nl/onderzoeken/archief/4.RGD/invnr/1971.1/file/
1972.1,Hoofdbestuur van de P.T.T,Kortenaerkade,'s-Gravenhage,Zuid-Holland,overig,tekening,IIB,1916,1940,123,52.083438,4.302544,straat,https://www.nationaalarchief.nl/onderzoeken/archief/4.RGD/invnr/1972.1/file/
1973.1,Paleis van Justitie,Korte Voorhout,'s-Gravenhage,Zuid-Holland,rechtspraak,tekening,IIB,1937,1937,5,52.082811,4.316547,straat,https://www.nationaalarchief.nl/onderzoeken/archief/4.RGD/invnr/1973.1/file/
1974.1,Ambtswoning van de Commissaris van de Koningin,Korte Voorhout 7,'s-Gravenhage,Zuid-Holland,woningbouw,tekening,IIB,1928,1928,1,52.082811,4.316547,straat,https://www.nationaalarchief.nl/onderzoeken/archief/4.RGD/invnr/1974.1/file/
1975.1,Rijksautomobielcentrale,1ste Van der Kunstraat,'s-Gravenhage,Zuid-Holland,overig,tekening,IIB,1929,1938,96,52.061724,4.312797,straat,https://www.nationaalarchief.nl/onderzoeken/archief/4.RGD/invnr/1975.1/file/
1976.1,Koninklijke Bibliotheek,Lange Voorhout,'s-Gravenhage,Zuid-Holland,museum & paleis,tekening,IIB,1924,1924,3,52.082545,4.312474,straat,https://www.nationaalarchief.nl/onderzoeken/archief/4.RGD/invnr/1976.1/file/
1977.1,Lange Voorhout 7,,'s-Gravenhage,Zuid-Holland,overig,tekening,IIB,1939,1939,2,52.072073,4.293001,plaats,https://www.nationaalarchief.nl/onderzoeken/archief/4.RGD/invnr/1977.1/file/
1978.1,Telefoongebouw,Marnixstraat,'s-Gravenhage,Zuid-Holland,post & telegraaf,tekening,IIB,1913,1914,8,52.077952,4.290447,straat,https://www.nationaalarchief.nl/onderzoeken/archief/4.RGD/invnr/1978.1/file/
1979.1,Mauritskade 55,,'s-Gravenhage,Zuid-Holland,overig,tekening,IIB,1936,1936,1,52.072073,4.293001,plaats,https://www.nationaalarchief.nl/onderzoeken/archief/4.RGD/invnr/1979.1/file/
1980.1,Crisisgebouw Bronovo,Laan van Meerdervoort 84,'s-Gravenhage,Zuid-Holland,overig,tekening,IIB,1934,1934,1,52.084507,4.293839,adres,https://www.nationaalarchief.nl/onderzoeken/archief/4.RGD/invnr/1980.1/file/
1981.1,Bijkantoor P.T.T,Nassauplein 11,'s-Gravenhage,Zuid-Holland,bestuur & financiën,tekening,IIB,1934,1934,2,52.08956,4.305722,straat,https://www.nationaalarchief.nl/onderzoeken/archief/4.RGD/invnr/1981.1/file/
1982.1,Hoge Raad,Plein 2,'s-Gravenhage,Zuid-Holland,overig,tekening,IIB,1936,1938,62,52.079728,4.315212,straat,https://www.nationaalarchief.nl/onderzoeken/archief/4.RGD/invnr/1982.1/file/
1983.1,Mauritshuis,Plein 29,'s-Gravenhage,Zuid-Holland,overig,tekening,IIB,1933,1939,5,52.079728,4.315212,straat,https://www.nationaalarchief.nl/onderzoeken/archief/4.RGD/invnr/1983.1/file/
1984.1,Raad van Arbeid,Raamweg 8-11,'s-Gravenhage,Zuid-Holland,overig,tekening,IIB,1932,1932,6,52.09366,4.309401,straat,https://www.nationaalarchief.nl/onderzoeken/archief/4.RGD/invnr/1984.1/file/
1985.1,Hoofdbestuur P.T.T,De Ruyterstraat,'s-Gravenhage,Zuid-Holland,overig,tekening,IIB,1938,1940,102,52.084829,4.300789,straat,https://www.nationaalarchief.nl/onderzoeken/archief/4.RGD/invnr/1985.1/file/
1986.1,Industrieëlen Eigendom / Postbankgebouw,Spaarneplein,'s-Gravenhage,Zuid-Holland,post & telegraaf,tekening,IIB,1918,1939,144,52.073591,4.326391,straat,https://www.nationaalarchief.nl/onderzoeken/archief/4.RGD/invnr/1986.1/file/
1987.1,Bijpostkantoor,Stationsweg 23/25,'s-Gravenhage,Zuid-Holland,bestuur & financiën,tekening,IIB,1936,1936,2,52.073536,4.317636,adres,https://www.nationaalarchief.nl/onderzoeken/archief/4.RGD/invnr/1987.1/file/
1988.1,Post- en telegraafgebouw,Torenstraat / Prinsestraat,'s-Gravenhage,Zuid-Holland,post & telegraaf,tekening,IIB,1912,1940,47,52.078403,4.304517,straat,https://www.nationaalarchief.nl/onderzoeken/archief/4.RGD/invnr/1988.1/file/
1989.1,"Telefoongebouw, c.a",Torenstraat,'s-Gravenhage,Zuid-Holland,post & telegraaf,tekening,IIB,1938,1940,54,52.078403,4.304517,straat,https://www.nationaalarchief.nl/onderzoeken/archief/4.RGD/invnr/1989.1/file/
1990.1,Rijksspeurhondenschool c.a,Waaldorperweg,'s-Gravenhage,Zuid-Holland,onderwijs & wetenschap,tekening,IIB,1935,1940,4,52.071132,4.296693,straat,https://www.nationaalarchief.nl/onderzoeken/archief/4.RGD/invnr/1990.1/file/
1991.1,Pakketpostgebouw,Zaanstraat / Dommelstraat / Diezestraat,'s-Gravenhage,Zuid-Holland,overig,tekening,IIB,1923,1923,24,52.074808,4.326573,straat,https://www.nationaalarchief.nl/onderzoeken/archief/4.RGD/invnr/1991.1/file/
1992.1,Zeestraat 80-82,,'s-Gravenhage,Zuid-Holland,overig,tekening,IIB,1937,1938,5,52.072073,4.293001,plaats,https://www.nationaalarchief.nl/onderzoeken/archief/4.RGD/invnr/1992.1/file/
1993.1,Post- en telegraafgebouw,Loosduinen,'s-Gravenhage,Zuid-Holland,post & telegraaf,tekening,IIB,1910,1938,5,52.071132,4.296693,straat,https://www.nationaalarchief.nl/onderzoeken/archief/4.RGD/invnr/1993.1/file/
1994.1,Telefoongebouw,,Groenlo,Gelderland,post & telegraaf,tekening,IIB,1938,1938,3,52.038065,6.638797,plaats,https://www.nationaalarchief.nl/onderzoeken/archief/4.RGD/invnr/1994.1/file/
1995.1,Bodemkundig instituut,,Groningen,Groningen,overig,tekening,IIB,1897,1930,10,53.218592,6.620635,plaats,https://www.nationaalarchief.nl/onderzoeken/archief/4.RGD/invnr/1995.1/file/
1996.1,Kadaster- en hypotheekgebouw / Gebouw van de Rijkswaterstaat,,Groningen,Groningen,bestuur & financiën,tekening,IIB,1939,1940,5,53.218592,6.620635,plaats,https://www.nationaalarchief.nl/onderzoeken/archief/4.RGD/invnr/1996.1/file/
1997.1,Chemisch Laboratorium,Bloemsingel 10,Groningen,Groningen,onderwijs & wetenschap,tekening,IIB,1927,1927,12,53.22498,6.56709,straat,https://www.nationaalarchief.nl/onderzoeken/archief/4.RGD/invnr/1997.1/file/
1998.1,Physiologisch laboratorium,Bloemsingel 10,Groningen,Groningen,onderwijs & wetenschap,tekening,IIB,1933,1933,7,53.22498,6.56709,straat,https://www.nationaalarchief.nl/onderzoeken/archief/4.RGD/invnr/1998.1/file/
1999.1,Academiegebouw,Broerstraat,Groningen,Groningen,onderwijs & wetenschap,tekening,IIB,1915,1938,6,53.219122,6.5634,straat,https://www.nationaalarchief.nl/onderzoeken/archief/4.RGD/invnr/1999.1/file/
2000.1,Rijkskantorengebouw,Dr. Hofstede de Grootkade 13,Groningen,Groningen,overig,tekening,IIB,1938,1938,42,53.219221,6.552339,straat,https://www.nationaalarchief.nl/onderzoeken/archief/4.RGD/invnr/2000.1/file/
2001.1,Anatomisch-embryologisch laboratorium,Oostersingel 63,Groningen,Groningen,onderwijs & wetenschap,tekening,IIB,1931,1931,4,53.221706,6.574109,adres,https://www.nationaalarchief.nl/onderzoeken/archief/4.RGD/invnr/2001.1/file/
2002.1,Telefoongebouw,Schuitenmakerstraat / Munnekeholm,Groningen,Groningen,post & telegraaf,tekening,IIB,1937,1940,46,53.207825,6.54904,straat,https://www.nationaalarchief.nl/onderzoeken/archief/4.RGD/invnr/2002.1/file/
2003.1,Physisch laboratorium,Westersingel 34 / Nieuwe Visserstraat,Groningen,Groningen,onderwijs & wetenschap,tekening,IIB,1885,1927,22,53.217668,6.556636,straat,https://www.nationaalarchief.nl/onderzoeken/archief/4.RGD/invnr/2003.1/file/
2004.1,Telefoongebouw,Nieuwstraat,Gulpen,Limburg,post & telegraaf,tekening,IIB,1937,1938,8,50.817037,5.893734,straat,https://www.nationaalarchief.nl/onderzoeken/archief/4.RGD/invnr/2004.1/file/
2005.1,Karrenbergplaats P.T.T. c.a,,Haarlem,Noord-Holland,overig,tekening,IIB,1928,1929,7,52.383417,4.64753,plaats,https://www.nationaalarchief.nl/onderzoeken/archief/4.RGD/invnr/2005.1/file/
2006.1,Bestelgoederenloods H.IJ.S.M. / Stationspostgebouw,Baljuwstraat 2-4,Haarlem,Noord-Holland,douane & opslag,tekening,IIB,1905,1938,13,52.386438,4.624405,adres,https://www.nationaalarchief.nl/onderzoeken/archief/4.RGD/invnr/2006.1/file/
2007.1,Post- en telegraafgebouw,Gedempte Oude Gracht 45,Haarlem,Noord-Holland,post & telegraaf,tekening,IIB,1919,1939,80,52.379419,4.633614,straat,https://www.nationaalarchief.nl/onderzoeken/archief/4.RGD/invnr/2007.1/file/
2008.1,Gouvernementsgebouw,Jansstraat 46,Haarlem,Noord-Holland,bestuur & financiën,tekening,IIB,1933,1933,6,52.382773,4.63789,adres,https://www.nationaalarchief.nl/onderzoeken/archief/4.RGD/invnr/2008.1/file/
2009.1,Postautogarage en versterkerstation,Oranjestraat / Boterstraat,Haarlem,Noord-Holland,post & telegraaf,tekening,IIB,1932,1932,5,52.380767,4.622607,straat,https://www.nationaalarchief.nl/onderzoeken/archief/4.RGD/invnr/2009.1/file/
2010.1,Gouvernementsgebouw,Paviljoenslaan 5 / Dreef 2,Haarlem,Noord-Holland,bestuur & financiën,tekening,IIB,1928,1928,14,52.371501,4.632,adres,https://www.nationaalarchief.nl/onderzoeken/archief/4.RGD/invnr/2010.1/file/
2011.1,Radiozendstation c.a,Spaarnwouderdwarsweg,Haarlemmermeer,Noord-Holland,overig,tekening,IIB,1930,1931,11,52.385459,4.715728,straat,https://www.nationaalarchief.nl/onderzoeken/archief/4.RGD/invnr/2011.1/file/
2012.1,Telefoongebouw,Hoofddorp,Haarlemmermeer,Noord-Holland,post & telegraaf,tekening,IIB,1935,1936,7,52.285782,4.722483,straat,https://www.nationaalarchief.nl/onderzoeken/archief/4.RGD/invnr/2012.1/file/
2013.1,Post- en telegraafgebouw,,Den Ham,Overijssel,post & telegraaf,tekening,IIB,1919,1920,5,52.462704,6.503167,plaats,https://www.nationaalarchief.nl/onderzoeken/archief/4.RGD/invnr/2013.1/file/
2014.1,Telefoongebouw,,Harderwijk,Gelderland,post & telegraaf,tekening,IIB,1939,1939,7,52.341323,5.644152,plaats,https://www.nationaalarchief.nl/onderzoeken/archief/4.RGD/invnr/2014.1/file/
2015.1,Telefoongebouw,,Haren (Gr.),Noord-Brabant,post & telegraaf,tekening,IIB,1938,1939,10,51.801637,5.581563,plaats,https://www.nationaalarchief.nl/onderzoeken/archief/4.RGD/invnr/2015.1/file/
2016.1,Telefoongebouw,,Harlingen,Fryslân,post & telegraaf,tekening,IIB,1936,1937,3,53.143095,5.267596,plaats,https://www.nationaalarchief.nl/onderzoeken/archief/4.RGD/invnr/2016.1/file/
2017.1,Rijks-h.b.s,Stationsweg 5,Harlingen,Fryslân,onderwijs & wetenschap,tekening,IIB,1926,1927,22,53.170749,5.425168,straat,https://www.nationaalarchief.nl/onderzoeken/archief/4.RGD/invnr/2017.1/file/
2018.1,Kasteel Assumburg,Tolweg 9,Heemskerk,Noord-Holland,overig,tekening,IIB,1935,1937,15,52.505426,4.68171,straat,https://www.nationaalarchief.nl/onderzoeken/archief/4.RGD/invnr/2018.1/file/
2019.1,Telefoongebouw,,Heerenveen,Fryslân,post & telegraaf,tekening,IIB,1938,1938,8,52.995991,5.978002,plaats,https://www.nationaalarchief.nl/onderzoeken/archief/4.RGD/invnr/2019.1/file/
2020.1,Perceel Wijnands,,Heerlen,Limburg,overig,tekening,IIB,1925,1935,1,50.893323,5.969434,plaats,https://www.nationaalarchief.nl/onderzoeken/archief/4.RGD/invnr/2020.1/file/
2021.1,Zoölogisch station,,Den Helder,Noord-Holland,overig,tekening,IIB,1932,1932,1,52.939976,4.785225,plaats,https://www.nationaalarchief.nl/onderzoeken/archief/4.RGD/invnr/2021.1/file/
2022.1,Telefoongebouw,Boerhavestraat,Den Helder,Noord-Holland,post & telegraaf,tekening,IIB,1938,1938,34,52.936614,4.770536,straat,https://www.nationaalarchief.nl/onderzoeken/archief/4.RGD/invnr/2022.1/file/
2023.1,Gymnastieklokaal en sportschool,Hoofdgracht,Den Helder,Noord-Holland,onderwijs & wetenschap,tekening,IIB,1930,1930,2,52.96442,4.772358,straat,https://www.nationaalarchief.nl/onderzoeken/archief/4.RGD/invnr/2023.1/file/
2024.1,Fort Kijkduin,,Den Helder,Noord-Holland,militair,tekening,IIB,1924,1924,4,52.939976,4.785225,plaats,https://www.nationaalarchief.nl/onderzoeken/archief/4.RGD/invnr/2024.1/file/
2025.1,Munitiebergplaatsen,Nieuwe Haven,Den Helder,Noord-Holland,waterstaat & techniek,tekening,IIB,1937,1937,2,52.956099,4.772782,straat,https://www.nationaalarchief.nl/onderzoeken/archief/4.RGD/invnr/2025.1/file/
2026.1,Fort Oostoever,Het Nieuwe Diep,Den Helder,Noord-Holland,militair,tekening,IIB,1936,1937,31,52.95464,4.77859,straat,https://www.nationaalarchief.nl/onderzoeken/archief/4.RGD/invnr/2026.1/file/
2027.1,Koninklijk Instituut voor de Marine / Marine hospitaal,Het Nieuwe Diep 8-10-11,Den Helder,Noord-Holland,militair,tekening,IIB,,,19,52.96133,4.77302,adres,https://www.nationaalarchief.nl/onderzoeken/archief/4.RGD/invnr/2027.1/file/
2031.1,Kazernement voor de onderzeedienst,Het Nieuwe Diep 12,Den Helder,Noord-Holland,militair,tekening,IIB,1929,1930,4,52.95464,4.77859,straat,https://www.nationaalarchief.nl/onderzoeken/archief/4.RGD/invnr/2031.1/file/
2032.1,Mijnenmagazijn,Vestinggracht,Hellevoetsluis,Zuid-Holland,douane & opslag,tekening,IIB,1933,1937,4,51.846654,4.159198,straat,https://www.nationaalarchief.nl/onderzoeken/archief/4.RGD/invnr/2032.1/file/
2033.1,Belastinggebouw,Kanaaldijk,Helmond,Noord-Brabant,bestuur & financiën,tekening,IIB,1928,1928,2,51.491447,5.652377,straat,https://www.nationaalarchief.nl/onderzoeken/archief/4.RGD/invnr/2033.1/file/
2034.1,Post- en telegraafgebouw,Watermolenwal,Helmond,Noord-Brabant,post & telegraaf,tekening,IIB,1939,1940,36,51.481424,5.655434,straat,https://www.nationaalarchief.nl/onderzoeken/archief/4.RGD/invnr/2034.1/file/
2035.1,Telefoongebouw,Watermolenwal,Helmond,Noord-Brabant,post & telegraaf,tekening,IIB,1938,1939,13,51.481424,5.655434,straat,https://www.nationaalarchief.nl/onderzoeken/archief/4.RGD/invnr/2035.1/file/
2036.1,Post- en telegraafgebouw,,Hengelo,Overijssel,post & telegraaf,tekening,IIB,1931,1936,71,52.254906,6.778194,plaats,https://www.nationaalarchief.nl/onderzoeken/archief/4.RGD/invnr/2036.1/file/
2037.1,Belastinggebouw,,Hengelo,Overijssel,bestuur & financiën,tekening,IIB,1938,1939,28,52.254906,6.778194,plaats,https://www.nationaalarchief.nl/onderzoeken/archief/4.RGD/invnr/2037.1/file/
2038.1,Versterkerstation,,'s-Hertogenbosch,Noord-Brabant,overig,tekening,IIB,1930,1930,3,51.716809,5.351926,plaats,https://www.nationaalarchief.nl/onderzoeken/archief/4.RGD/invnr/2038.1/file/
2039.1,Gouvernementsgebouw,,'s-Hertogenbosch,Noord-Brabant,bestuur & financiën,tekening,IIB,1932,1932,4,51.716809,5.351926,plaats,https://www.nationaalarchief.nl/onderzoeken/archief/4.RGD/invnr/2039.1/file/
2040.1,Telefoongebouw,,'s-Hertogenbosch,Noord-Brabant,post & telegraaf,tekening,IIB,1935,1936,35,51.716809,5.351926,plaats,https://www.nationaalarchief.nl/onderzoeken/archief/4.RGD/invnr/2040.1/file/
2041.1,Waarborgkantoor,Berenbyt 7,'s-Hertogenbosch,Noord-Brabant,bestuur & financiën,tekening,IIB,1927,1927,2,51.71873,5.296007,straat,https://www.nationaalarchief.nl/onderzoeken/archief/4.RGD/invnr/2041.1/file/
2042.1,Post- en telegraafgebouw,Kerkstraat 67,'s-Hertogenbosch,Noord-Brabant,post & telegraaf,tekening,IIB,1924,1930,12,51.687907,5.306418,adres,https://www.nationaalarchief.nl/onderzoeken/archief/4.RGD/invnr/2042.1/file/
2043.1,Stationspostgebouw,Parallelweg,'s-Hertogenbosch,Noord-Brabant,overig,tekening,IIB,1937,1937,62,51.695293,5.293952,straat,https://www.nationaalarchief.nl/onderzoeken/archief/4.RGD/invnr/2043.1/file/
2044.1,"Hoofdstraat 36/38, Post- en telegraafgebouw",,Hillegom,Zuid-Holland,post & telegraaf,tekening,IIB,1932,1932,7,52.296772,4.576953,plaats,https://www.nationaalarchief.nl/onderzoeken/archief/4.RGD/invnr/2044.1/file/
2045.1,Post- en telegraafgebouw,Kerkbrink,Hilversum,Noord-Holland,post & telegraaf,tekening,IIB,1939,1941,95,52.223945,5.171458,straat,https://www.nationaalarchief.nl/onderzoeken/archief/4.RGD/invnr/2045.1/file/
2046.1,Telefoongebouw,Koornstraat 33,Hilversum,Noord-Holland,post & telegraaf,tekening,IIB,1932,1934,38,52.224397,5.17408,straat,https://www.nationaalarchief.nl/onderzoeken/archief/4.RGD/invnr/2046.1/file/
2047.1,Belastinggebouw,Vondellaan 9,Hilversum,Noord-Holland,bestuur & financiën,tekening,IIB,1925,1925,2,52.223816,5.167307,straat,https://www.nationaalarchief.nl/onderzoeken/archief/4.RGD/invnr/2047.1/file/
2048.1,Telefoongebouw,De Streek,Hoogeveen,Drenthe,post & telegraaf,tekening,IIB,1938,1938,8,52.717073,6.452536,straat,https://www.nationaalarchief.nl/onderzoeken/archief/4.RGD/invnr/2048.1/file/
2049.1,Telefoongebouw,Knijplaan,Hoogezand,Groningen,post & telegraaf,tekening,IIB,1939,1939,11,53.15294,6.746665,straat,https://www.nationaalarchief.nl/onderzoeken/archief/4.RGD/invnr/2049.1/file/
2050.1,West-Friesmuseum,,Hoorn,Noord-Holland,museum & paleis,tekening,IIB,1930,1930,1,52.629932,5.071925,plaats,https://www.nationaalarchief.nl/onderzoeken/archief/4.RGD/invnr/2050.1/file/
2051.1,Telefoongebouw,Noorderstraat,Hoorn,Noord-Holland,post & telegraaf,tekening,IIB,1939,1940,11,52.644,5.056417,straat,https://www.nationaalarchief.nl/onderzoeken/archief/4.RGD/invnr/2051.1/file/
2052.1,Telefoongebouw|,Pr. Julianalaan,Katwijk,Zuid-Holland,post & telegraaf,tekening,IIB,1939,1940,11,52.19931,4.41446,straat,https://www.nationaalarchief.nl/onderzoeken/archief/4.RGD/invnr/2052.1/file/
2053.1,Post- en telegraafgebouw,Eygelshoven,Kerkrade,Limburg,post & telegraaf,tekening,IIB,1910,1920,3,50.896908,6.048939,straat,https://www.nationaalarchief.nl/onderzoeken/archief/4.RGD/invnr/2053.1/file/
2054.1,Technische dienst der telegrafie,Broek op Langedijk,Langedijk,Noord-Holland,overig,tekening,IIB,1929,1929,1,52.673697,4.799907,straat,https://www.nationaalarchief.nl/onderzoeken/archief/4.RGD/invnr/2054.1/file/
2055.1,Telefoongebouw,"Waarddijk-west 4, Noord-Scharwoude",Langedijk,Noord-Holland,post & telegraaf,tekening,IIB,1938,1939,12,52.676564,4.80214,straat,https://www.nationaalarchief.nl/onderzoeken/archief/4.RGD/invnr/2055.1/file/
2056.1,Post- en telegraafgebouw,Schoutenboschje,Laren,Noord-Holland,post & telegraaf,tekening,IIB,1936,1937,21,52.250671,5.221323,straat,https://www.nationaalarchief.nl/onderzoeken/archief/4.RGD/invnr/2056.1/file/
2057.1,Snelgoederenloods/stationspostgebouw,Stationsplein,Leeuwarden,Fryslân,douane & opslag,tekening,IIB,1937,1940,12,53.196772,5.789133,straat,https://www.nationaalarchief.nl/onderzoeken/archief/4.RGD/invnr/2057.1/file/
2058.1,Post- en telegraafgebouw,Tweebaksmarkt,Leeuwarden,Fryslân,post & telegraaf,tekening,IIB,1929,1929,2,53.201643,5.800422,straat,https://www.nationaalarchief.nl/onderzoeken/archief/4.RGD/invnr/2058.1/file/
2059.1,Belastinggebouw,,Leiden,Zuid-Holland,bestuur & financiën,tekening,IIB,1920,1920,2,52.154982,4.485116,plaats,https://www.nationaalarchief.nl/onderzoeken/archief/4.RGD/invnr/2059.1/file/
2060.3,Telefoongebouw,Boommarkt 14/15,Leiden,Zuid-Holland,post & telegraaf,tekening,IIB,1936,1937,27,52.160447,4.486929,straat,https://www.nationaalarchief.nl/onderzoeken/archief/4.RGD/invnr/2060.3/file/
2061.1,Post- en telegraafgebouw,Breestraat 40-46,Leiden,Zuid-Holland,post & telegraaf,tekening,IIB,1895,1918,8,52.160004,4.487339,adres,https://www.nationaalarchief.nl/onderzoeken/archief/4.RGD/invnr/2061.1/file/
2062.1,Geologisch en mineralogisch instituut,Garenmarkt 1-1b,Leiden,Zuid-Holland,overig,tekening,IIB,1930,1932,38,52.154827,4.49254,straat,https://www.nationaalarchief.nl/onderzoeken/archief/4.RGD/invnr/2062.1/file/
2063.1,Laboratorium voor anorganische chemie,Hugo de Grootstraat 27-27a,Leiden,Zuid-Holland,onderwijs & wetenschap,tekening,IIB,1935,1935,2,52.15311,4.485084,straat,https://www.nationaalarchief.nl/onderzoeken/archief/4.RGD/invnr/2063.1/file/
2064.1,Pesthuis / Psychopatengesticht,Pesthuislaan 1-7,Leiden,Zuid-Holland,overig,tekening,IIB,1927,1928,2,52.164929,4.476202,straat,https://www.nationaalarchief.nl/onderzoeken/archief/4.RGD/invnr/2064.1/file/
2065.1,Rapenburg 28,,Leiden,Zuid-Holland,overig,tekening,IIB,1915,1940,5,52.154982,4.485116,plaats,https://www.nationaalarchief.nl/onderzoeken/archief/4.RGD/invnr/2065.1/file/
2066.1,Universiteitsgebouw,Rapenburg 67-75,Leiden,Zuid-Holland,onderwijs & wetenschap,tekening,IIB,1936,1938,28,52.156818,4.485626,adres,https://www.nationaalarchief.nl/onderzoeken/archief/4.RGD/invnr/2066.1/file/
2067.1,Hortus Botanicus,Rapenburg 73a,Leiden,Zuid-Holland,overig,tekening,IIB,1937,1940,58,52.157457,4.485884,straat,https://www.nationaalarchief.nl/onderzoeken/archief/4.RGD/invnr/2067.1/file/
2068.1,Nieuw Academisch Ziekenhuis,Rijnsburgerweg 8-10,Leiden,Zuid-Holland,zorg,tekening,IIB,,,296,52.170666,4.479289,straat,https://www.nationaalarchief.nl/onderzoeken/archief/4.RGD/invnr/2068.1/file/
2083.1,Sterrewacht,Sterrewachtlaan 1-9,Leiden,Zuid-Holland,overig,tekening,IIB,1924,1931,7,52.170357,4.489496,adres,https://www.nationaalarchief.nl/onderzoeken/archief/4.RGD/invnr/2083.1/file/
2084.1,Pathologisch-anatomisch laboratorium,Wassenaarseweg 62,Leiden,Zuid-Holland,onderwijs & wetenschap,tekening,IIB,1919,1936,75,52.169479,4.474118,adres,https://www.nationaalarchief.nl/onderzoeken/archief/4.RGD/invnr/2084.1/file/
2085.1,Post- en telegraafgebouw,Damlaan 40/42,Leidschendam,Zuid-Holland,post & telegraaf,tekening,IIB,1915,1925,1,52.082477,4.395764,adres,https://www.nationaalarchief.nl/onderzoeken/archief/4.RGD/invnr/2085.1/file/
2086.1,"Vereniging Groenten Centrale, P.T.T.-(kabel)magazijn",Westvlietlaan 7/8,Leidschendam,Zuid-Holland,douane & opslag,tekening,IIB,1918,1918,17,52.077786,4.405176,straat,https://www.nationaalarchief.nl/onderzoeken/archief/4.RGD/invnr/2086.1/file/
2087.1,Laboratorium van bloembollencultuur,Herenweg 345a,Lisse,Zuid-Holland,onderwijs & wetenschap,tekening,IIB,1921,1932,3,52.258555,4.550992,straat,https://www.nationaalarchief.nl/onderzoeken/archief/4.RGD/invnr/2087.1/file/
2088.1,Gerechtsgebouw,,Maastricht,Limburg,rechtspraak,tekening,IIB,1926,1927,19,50.852967,5.69953,plaats,https://www.nationaalarchief.nl/onderzoeken/archief/4.RGD/invnr/2088.1/file/
2089.1,Telefoongebouw,St.-Bernardusstraat / Oude Minderbroedersstraat,Maastricht,Limburg,post & telegraaf,tekening,IIB,1933,1934,46,50.846365,5.694169,straat,https://www.nationaalarchief.nl/onderzoeken/archief/4.RGD/invnr/2089.1/file/
2090.1,Grenskantoor c.a,Bilserbaan,Maastricht,Limburg,douane & opslag,tekening,IIB,1939,1939,6,50.852628,5.669629,straat,https://www.nationaalarchief.nl/onderzoeken/archief/4.RGD/invnr/2090.1/file/
2091.1,Gouvernementsgebouw,Bouillonstraat 1,Maastricht,Limburg,bestuur & financiën,tekening,IIB,1930,1934,125,50.846882,5.687602,straat,https://www.nationaalarchief.nl/onderzoeken/archief/4.RGD/invnr/2091.1/file/
2092.1,Grenskantoor c.a,Cannerweg 801/807,Maastricht,Limburg,douane & opslag,tekening,IIB,1939,1939,8,50.830482,5.670465,straat,https://www.nationaalarchief.nl/onderzoeken/archief/4.RGD/invnr/2092.1/file/
2093.1,Post- en telegraafgebouw,Vrijthof,Maastricht,Limburg,post & telegraaf,tekening,IIB,1915,1915,6,50.849123,5.689073,straat,https://www.nationaalarchief.nl/onderzoeken/archief/4.RGD/invnr/2093.1/file/
2094.1,Opvoedingsgesticht St. Joseph,Heer,Maastricht,Limburg,overig,tekening,IIB,1912,1912,2,50.842359,5.75035,straat,https://www.nationaalarchief.nl/onderzoeken/archief/4.RGD/invnr/2094.1/file/
2095.1,Post- en telegraafgebouw,Zuideinde 38,Meppel,Drenthe,post & telegraaf,tekening,IIB,1939,1940,11,52.694164,6.190554,adres,https://www.nationaalarchief.nl/onderzoeken/archief/4.RGD/invnr/2095.1/file/
2096.1,Post- en telegraafgebouw,Lange Noordstraat,Middelburg,Zeeland,post & telegraaf,tekening,IIB,1920,1920,1,51.500067,3.610761,straat,https://www.nationaalarchief.nl/onderzoeken/archief/4.RGD/invnr/2096.1/file/
2097.1,Telefoongebouw,Lange Noordstraat / Blindenhoek,Middelburg,Zeeland,post & telegraaf,tekening,IIB,1938,1938,10,51.500067,3.610761,straat,https://www.nationaalarchief.nl/onderzoeken/archief/4.RGD/invnr/2097.1/file/
2098.1,Rijks-h.b.s,St.-Sebastiaanstraat 10-12,Middelburg,Zeeland,onderwijs & wetenschap,tekening,IIB,1939,1940,7,51.499712,3.609842,straat,https://www.nationaalarchief.nl/onderzoeken/archief/4.RGD/invnr/2098.1/file/
2099.1,Telefoongebouw,Burgemeester Mijslaan 1,Middelharnis,Zuid-Holland,post & telegraaf,tekening,IIB,1938,1939,12,51.756512,4.161987,straat,https://www.nationaalarchief.nl/onderzoeken/archief/4.RGD/invnr/2099.1/file/
2100.1,Doelenhotel / Burgemeesterswoning,,Monnickendam,Noord-Holland,woningbouw,tekening,IIB,1937,1937,5,52.456178,5.029201,plaats,https://www.nationaalarchief.nl/onderzoeken/archief/4.RGD/invnr/2100.1/file/
2101.1,Post- en telegraafgebouw,Rijsdijk 21-23,Krimpen aan de Lek,Zuid-Holland,post & telegraaf,tekening,IIB,1925,1925,3,51.899937,4.618128,plaats,https://www.nationaalarchief.nl/onderzoeken/archief/4.RGD/invnr/2101.1/file/
2102.1,Telefoongebouw,Weg van Neede naar Eibergen,Neede,Gelderland,post & telegraaf,tekening,IIB,1938,1939,11,52.127589,6.627351,straat,https://www.nationaalarchief.nl/onderzoeken/archief/4.RGD/invnr/2102.1/file/
2103.1,Telefoongebouw,"Koninginneweg, Vreeswijk",Nieuwegein,Utrecht,post & telegraaf,tekening,IIB,1934,1934,3,52.01351,5.123123,straat,https://www.nationaalarchief.nl/onderzoeken/archief/4.RGD/invnr/2103.1/file/
2104.1,Post- en telegraafgebouw,Schevichhavenstraat 3/7,Nijmegen,Gelderland,post & telegraaf,tekening,IIB,1935,1935,2,51.846106,5.861191,adres,https://www.nationaalarchief.nl/onderzoeken/archief/4.RGD/invnr/2104.1/file/
2105.1,"Radio Nora, ontvangststation met laboratorium en conciërgewoning",Noraweg,Noordwijk,Zuid-Holland,onderwijs & wetenschap,tekening,IIB,1928,1932,4,52.290937,4.473742,straat,https://www.nationaalarchief.nl/onderzoeken/archief/4.RGD/invnr/2105.1/file/
2106.1,Telefoongebouw,Offemweg,Noordwijk,Zuid-Holland,post & telegraaf,tekening,IIB,1938,1939,10,52.23252,4.448753,straat,https://www.nationaalarchief.nl/onderzoeken/archief/4.RGD/invnr/2106.1/file/
2107.1,Rijkswerkinrichting,Veenhuizen,Norg,Drenthe,gevangeniswezen,tekening,IIB,1928,1939,20,53.084005,6.482601,straat,https://www.nationaalarchief.nl/onderzoeken/archief/4.RGD/invnr/2107.1/file/
2108.1,Post- en telegraafgebouw,Steenstraat 51,Oldenzaal,Overijssel,post & telegraaf,tekening,IIB,1898,1932,21,52.31001,6.928009,adres,https://www.nationaalarchief.nl/onderzoeken/archief/4.RGD/invnr/2108.1/file/
2109.1,Post- en telegraafgebouw,,Oosterhout,Noord-Brabant,post & telegraaf,tekening,IIB,1920,1920,2,51.637774,4.864068,plaats,https://www.nationaalarchief.nl/onderzoeken/archief/4.RGD/invnr/2109.1/file/
2110.1,Rijks-h.b.s,Wilhelminalaan 1,Purmerend,Noord-Holland,onderwijs & wetenschap,tekening,IIB,1922,1923,6,52.504823,4.951497,straat,https://www.nationaalarchief.nl/onderzoeken/archief/4.RGD/invnr/2110.1/file/
2111.1,Grenskantoor,Dorpstraat 13,Putte,Noord-Brabant,douane & opslag,tekening,IIB,1939,1939,2,51.360732,4.391619,adres,https://www.nationaalarchief.nl/onderzoeken/archief/4.RGD/invnr/2111.1/file/
2112.1,Telefoongebouw,,Raalte,Overijssel,post & telegraaf,tekening,IIB,1938,1939,7,52.387827,6.27905,plaats,https://www.nationaalarchief.nl/onderzoeken/archief/4.RGD/invnr/2112.1/file/
2113.1,Woning,Lobith-Tolkamer,Tolkamer,Gelderland,woningbouw,tekening,IIB,1931,1931,4,51.854715,6.093025,straat,https://www.nationaalarchief.nl/onderzoeken/archief/4.RGD/invnr/2113.1/file/
2114.1,Post- en telegraafgebouw,,Roermond,Limburg,post & telegraaf,tekening,IIB,1915,1937,2,51.20119,6.011477,plaats,https://www.nationaalarchief.nl/onderzoeken/archief/4.RGD/invnr/2114.1/file/
2115.1,Post- en telegraafgebouw,Markt 31,Roosendaal,Noord-Brabant,post & telegraaf,tekening,IIB,1936,1936,2,51.532957,4.455252,adres,https://www.nationaalarchief.nl/onderzoeken/archief/4.RGD/invnr/2115.1/file/
2116.1,Noodcentrale,,Rotterdam,Zuid-Holland,overig,tekening,IIB,1939,1940,7,51.931018,4.27688,plaats,https://www.nationaalarchief.nl/onderzoeken/archief/4.RGD/invnr/2116.1/file/
2117.1,Bijpostkantoor,Bergweg,Rotterdam,Zuid-Holland,bestuur & financiën,tekening,IIB,1930,1930,2,51.936974,4.477913,straat,https://www.nationaalarchief.nl/onderzoeken/archief/4.RGD/invnr/2117.1/file/
2118.1,Belastinggebouw,Boompjes,Rotterdam,Zuid-Holland,bestuur & financiën,tekening,IIB,1922,1924,74,51.915402,4.48871,straat,https://www.nationaalarchief.nl/onderzoeken/archief/4.RGD/invnr/2118.1/file/
2119.1,Oost-Indisch huis,Boompjes,Rotterdam,Zuid-Holland,overig,tekening,IIB,1924,1924,3,51.915402,4.48871,straat,https://www.nationaalarchief.nl/onderzoeken/archief/4.RGD/invnr/2119.1/file/
2120.1,Post- en telegraafgebouw,Coolsingel 42,Rotterdam,Zuid-Holland,post & telegraaf,tekening,IIB,1912,1939,202,51.921886,4.479715,adres,https://www.nationaalarchief.nl/onderzoeken/archief/4.RGD/invnr/2120.1/file/
2121.1,Rijkskweekschool voor vroedvrouwen,Henegouwerlaan 40,Rotterdam,Zuid-Holland,onderwijs & wetenschap,tekening,IIB,1924,1924,2,51.921762,4.463355,adres,https://www.nationaalarchief.nl/onderzoeken/archief/4.RGD/invnr/2121.1/file/
2122.1,Strafgevangenis,Noordsingel,Rotterdam,Zuid-Holland,gevangeniswezen,tekening,IIB,1870,1870,4,51.930811,4.477366,straat,https://www.nationaalarchief.nl/onderzoeken/archief/4.RGD/invnr/2122.1/file/
2123.1,Centraal belastinggebouw,Puntegaalstraat,Rotterdam,Zuid-Holland,bestuur & financiën,tekening,IIB,1938,1942,115,51.907227,4.463044,straat,https://www.nationaalarchief.nl/onderzoeken/archief/4.RGD/invnr/2123.1/file/
2124.1,Post- en telegraafgebouw Delftse-Poort,Stationsterrein,Rotterdam,Zuid-Holland,post & telegraaf,tekening,IIB,1929,1930,9,51.909074,4.515915,straat,https://www.nationaalarchief.nl/onderzoeken/archief/4.RGD/invnr/2124.1/file/
2125.1,Marinierskazerne,Toepad,Rotterdam,Zuid-Holland,militair,tekening,IIB,1938,1941,140,51.908272,4.535065,straat,https://www.nationaalarchief.nl/onderzoeken/archief/4.RGD/invnr/2125.1/file/
2126.1,"Mijnenmagazijn, steigerwerken",Pootershaven,Rotterdam,Zuid-Holland,douane & opslag,tekening,IIB,1939,1940,54,51.909074,4.515915,straat,https://www.nationaalarchief.nl/onderzoeken/archief/4.RGD/invnr/2126.1/file/
2127.1,Telefoongebouw,Herenbosstraat,Schagen,Noord-Holland,post & telegraaf,tekening,IIB,1937,1937,5,52.785682,4.798755,straat,https://www.nationaalarchief.nl/onderzoeken/archief/4.RGD/invnr/2127.1/file/
2128.1,Post- en telegraafgebouw,Plein Eendracht,Schiedam,Zuid-Holland,post & telegraaf,tekening,IIB,1934,1935,56,51.912791,4.402883,straat,https://www.nationaalarchief.nl/onderzoeken/archief/4.RGD/invnr/2128.1/file/
2129.1,Rijks-h.b.s,Overschieschestraat,Schiedam,Zuid-Holland,onderwijs & wetenschap,tekening,IIB,1926,1927,34,51.926491,4.401452,straat,https://www.nationaalarchief.nl/onderzoeken/archief/4.RGD/invnr/2129.1/file/
2130.1,Kunstnijverheidsschool,Jan Kortlandstraat 1,Schoonhoven,Zuid-Holland,onderwijs & wetenschap,tekening,IIB,1924,1934,3,51.947735,4.852625,straat,https://www.nationaalarchief.nl/onderzoeken/archief/4.RGD/invnr/2130.1/file/
2131.1,Post- en telegraafgebouw,Engelkampstraat,Sittard,Limburg,post & telegraaf,tekening,IIB,1934,1934,28,51.011042,5.868449,straat,https://www.nationaalarchief.nl/onderzoeken/archief/4.RGD/invnr/2131.1/file/
2132.1,Telefoongebouw,"Noorderbuurt, Drachten",Smallingerland,Fryslân,post & telegraaf,tekening,IIB,1938,1939,8,53.108309,6.097533,straat,https://www.nationaalarchief.nl/onderzoeken/archief/4.RGD/invnr/2132.1/file/
2133.1,"Post- en telegraafgebouw, telefoongebouw",Leeuwenburg 8/10,Sneek,Fryslân,post & telegraaf,tekening,IIB,1931,1931,5,53.032011,5.660459,straat,https://www.nationaalarchief.nl/onderzoeken/archief/4.RGD/invnr/2133.1/file/
2134.1,Post- en telegraafgebouw,Vredenhofstraat 6,Soest,Utrecht,post & telegraaf,tekening,IIB,1932,1932,6,52.161883,5.300063,adres,https://www.nationaalarchief.nl/onderzoeken/archief/4.RGD/invnr/2134.1/file/
2135.1,Post- en telegraafgebouw,Poststraat 2,Stadskanaal,Groningen,post & telegraaf,tekening,IIB,1938,1938,3,52.993305,6.943077,straat,https://www.nationaalarchief.nl/onderzoeken/archief/4.RGD/invnr/2135.1/file/
2136.1,Post- en telegraafgebouw,Oosterstraat 80,Steenwijk,Overijssel,post & telegraaf,tekening,IIB,1921,1935,4,52.787366,6.119413,adres,https://www.nationaalarchief.nl/onderzoeken/archief/4.RGD/invnr/2136.1/file/
2137.1,Telefoongebouw,Oostwijkstraat,Steenwijk,Overijssel,post & telegraaf,tekening,IIB,1938,1938,4,52.785425,6.121688,straat,https://www.nationaalarchief.nl/onderzoeken/archief/4.RGD/invnr/2137.1/file/
2138.1,Belastinggebouw,Willem de Zwijgerstraat,Steenwijk,Overijssel,bestuur & financiën,tekening,IIB,1938,1940,9,52.789257,6.118617,straat,https://www.nationaalarchief.nl/onderzoeken/archief/4.RGD/invnr/2138.1/file/
2139.1,Telefoongebouw,Nieuwstraat 62,Terneuzen,Zeeland,post & telegraaf,tekening,IIB,1937,1938,11,51.338639,3.824581,straat,https://www.nationaalarchief.nl/onderzoeken/archief/4.RGD/invnr/2139.1/file/
2140.1,Vliegkamp de Mok,Mokbaai,Texel,Noord-Holland,overig,tekening,IIB,,,108,53.027188,4.799329,straat,https://www.nationaalarchief.nl/onderzoeken/archief/4.RGD/invnr/2140.1/file/
2147.1,Post- en telegraafgebouw,"Brink, De Koog",Texel,Noord-Holland,post & telegraaf,tekening,IIB,1939,1939,5,53.096817,4.761211,straat,https://www.nationaalarchief.nl/onderzoeken/archief/4.RGD/invnr/2147.1/file/
2148.1,Rijks-h.b.s,Heiligerstraat 74/76,Tiel,Gelderland,onderwijs & wetenschap,tekening,IIB,1928,1929,36,51.867706,5.402387,adres,https://www.nationaalarchief.nl/onderzoeken/archief/4.RGD/invnr/2148.1/file/
2149.1,Telefoongebouw,Tweede Achterstraat,Tiel,Gelderland,post & telegraaf,tekening,IIB,1936,1937,6,51.886569,5.432281,straat,https://www.nationaalarchief.nl/onderzoeken/archief/4.RGD/invnr/2149.1/file/
2151.1,Telefoongebouw,Spoorlaan,Tilburg,Noord-Brabant,post & telegraaf,tekening,IIB,1936,1937,16,51.559723,5.090296,straat,https://www.nationaalarchief.nl/onderzoeken/archief/4.RGD/invnr/2151.1/file/
2150.1,Belastinggebouw,Stationstraat / Poststraat,Tilburg,Noord-Brabant,post & telegraaf,tekening,IIB,1938,1940,55,51.608011,5.156138,straat,https://www.nationaalarchief.nl/onderzoeken/archief/4.RGD/invnr/2150.1/file/
2152.1,Warmtecentrale,,Utrecht,Utrecht,overig,tekening,IIB,1929,1937,8,52.091138,5.074754,plaats,https://www.nationaalarchief.nl/onderzoeken/archief/4.RGD/invnr/2152.1/file/
2153.1,Anatomisch Instituut van de Veeartsenijkundige Hogeschool,Bekkerstraat 14,Utrecht,Utrecht,onderwijs & wetenschap,tekening,IIB,1918,1919,23,52.097734,5.132566,straat,https://www.nationaalarchief.nl/onderzoeken/archief/4.RGD/invnr/2153.1/file/
2154.1,Physisch laboratorium,Bijlhouwerstraat 6,Utrecht,Utrecht,onderwijs & wetenschap,tekening,IIB,1890,1938,8,52.081555,5.122922,adres,https://www.nationaalarchief.nl/onderzoeken/archief/4.RGD/invnr/2154.1/file/
2155.1,Laboratorium van macro-magnetisme,Catharijnesingel 61,Utrecht,Utrecht,onderwijs & wetenschap,tekening,IIB,1917,1917,2,52.086419,5.117035,adres,https://www.nationaalarchief.nl/onderzoeken/archief/4.RGD/invnr/2155.1/file/
2156.1,Organisch-chemisch laboratorium,Croesestraat 79,Utrecht,Utrecht,onderwijs & wetenschap,tekening,IIB,1934,1937,116,52.076992,5.117852,straat,https://www.nationaalarchief.nl/onderzoeken/archief/4.RGD/invnr/2156.1/file/
2157.1,Aula Rijksuniversiteit,Domplein 28,Utrecht,Utrecht,onderwijs & wetenschap,tekening,IIB,1935,1935,1,52.090071,5.122048,adres,https://www.nationaalarchief.nl/onderzoeken/archief/4.RGD/invnr/2157.1/file/
2158.1,Laboratorium voor vergelijkende fysiologie,Jan van Galenstraat 40 / Alexander Numankade,Utrecht,Utrecht,onderwijs & wetenschap,tekening,IIB,1933,1935,32,52.101458,5.135858,straat,https://www.nationaalarchief.nl/onderzoeken/archief/4.RGD/invnr/2158.1/file/
2159.1,Anatomisch laboratorium,Janskerkhof,Utrecht,Utrecht,onderwijs & wetenschap,tekening,IIB,1918,1932,7,52.093122,5.121919,straat,https://www.nationaalarchief.nl/onderzoeken/archief/4.RGD/invnr/2159.1/file/
2160.1,Woning van de Commissaris van de Koningin,Kromme Nieuwe Gracht,Utrecht,Utrecht,woningbouw,tekening,IIB,1934,1934,3,52.099872,5.113804,straat,https://www.nationaalarchief.nl/onderzoeken/archief/4.RGD/invnr/2160.1/file/
2161.1,Gebouw van de storingsdienst,Lage Weidse Dijk,Utrecht,Utrecht,overig,tekening,IIB,1930,1933,34,52.109414,5.023536,straat,https://www.nationaalarchief.nl/onderzoeken/archief/4.RGD/invnr/2161.1/file/
2162.1,De Munt,Leidseweg 90,Utrecht,Utrecht,bestuur & financiën,tekening,IIB,1928,1938,58,52.087639,5.096333,adres,https://www.nationaalarchief.nl/onderzoeken/archief/4.RGD/invnr/2162.1/file/
2163.1,Post- en telegraafgebouw,Neude,Utrecht,Utrecht,post & telegraaf,tekening,IIB,1919,1926,150,52.093086,5.118343,straat,https://www.nationaalarchief.nl/onderzoeken/archief/4.RGD/invnr/2163.1/file/
2164.1,Kliniek voor kleine huisdieren van de Veeartsenijkundige Hogeschool,Alexander Numankade 91 / Jan van Galenstraat,Utrecht,Utrecht,onderwijs & wetenschap,tekening,IIB,1919,1920,54,52.100279,5.134842,straat,https://www.nationaalarchief.nl/onderzoeken/archief/4.RGD/invnr/2164.1/file/
2165.1,Tandheelkundige kliniek,Oude Gracht 320,Utrecht,Utrecht,zorg,tekening,IIB,1909,1928,6,52.068014,5.098678,adres,https://www.nationaalarchief.nl/onderzoeken/archief/4.RGD/invnr/2165.1/file/
2166.1,Postpakketloods Centraal Station,Stationsterrein,Utrecht,Utrecht,post & telegraaf,tekening,IIB,1922,1923,4,52.059658,5.104643,straat,https://www.nationaalarchief.nl/onderzoeken/archief/4.RGD/invnr/2166.1/file/
2167.1,Stationspostgebouw,Stationsterrein,Utrecht,Utrecht,overig,tekening,IIB,1935,1937,58,52.059658,5.104643,straat,https://www.nationaalarchief.nl/onderzoeken/archief/4.RGD/invnr/2167.1/file/
2168.1,"Centraal laboratorium voor de volksgezondheid, serologisch instituut",Sterrebos 1,Utrecht,Utrecht,onderwijs & wetenschap,tekening,IIB,1907,1934,45,52.093252,5.13827,adres,https://www.nationaalarchief.nl/onderzoeken/archief/4.RGD/invnr/2168.1/file/
2169.1,Huis van bewaring,Wolvenplein 27,Utrecht,Utrecht,gevangeniswezen,tekening,IIB,1935,1935,1,52.097002,5.125426,adres,https://www.nationaalarchief.nl/onderzoeken/archief/4.RGD/invnr/2169.1/file/
2170.1,Sterrenwacht,Zonnenburg 2 / Servaasbolwerk,Utrecht,Utrecht,onderwijs & wetenschap,tekening,IIB,1939,1939,3,52.085099,5.12852,straat,https://www.nationaalarchief.nl/onderzoeken/archief/4.RGD/invnr/2170.1/file/
2171.1,Telefoongebouw,"Woerdsestraat, Zetten-Andelst",Valburg,Gelderland,post & telegraaf,tekening,IIB,1938,1938,6,51.910123,5.76807,straat,https://www.nationaalarchief.nl/onderzoeken/archief/4.RGD/invnr/2171.1/file/
2172.1,Telefoongebouw,,Valkenburg aan de Geul,Limburg,post & telegraaf,tekening,IIB,1938,1938,3,50.860711,5.823871,plaats,https://www.nationaalarchief.nl/onderzoeken/archief/4.RGD/invnr/2172.1/file/
2173.1,Post- en telegraafgebouw,Lindenlaan,Valkenburg aan de Geul,Limburg,post & telegraaf,tekening,IIB,1939,1941,21,50.860711,5.823871,plaats,https://www.nationaalarchief.nl/onderzoeken/archief/4.RGD/invnr/2173.1/file/
2174.1,Post- en telegraafgebouw,Sandbrinkweg 6,Veenendaal,Utrecht,post & telegraaf,tekening,IIB,1934,1934,6,52.008602,5.558348,adres,https://www.nationaalarchief.nl/onderzoeken/archief/4.RGD/invnr/2174.1/file/
2175.1,Geschutsemplacement,,Veere,Zeeland,militair,tekening,IIB,1924,1924,2,51.5626,3.584638,plaats,https://www.nationaalarchief.nl/onderzoeken/archief/4.RGD/invnr/2175.1/file/
2176.1,Mijnenmagazijn,,Veere,Zeeland,douane & opslag,tekening,IIB,1913,1943,8,51.5626,3.584638,plaats,https://www.nationaalarchief.nl/onderzoeken/archief/4.RGD/invnr/2176.1/file/
2177.1,Rijks-h.b.s,Tiberiusplein 16,Velsen,Noord-Holland,onderwijs & wetenschap,tekening,IIB,1924,1937,17,52.457096,4.632373,straat,https://www.nationaalarchief.nl/onderzoeken/archief/4.RGD/invnr/2177.1/file/
2178.1,Post- en telegraafgebouw,"Vinkenbaan 10, Santpoort",Velsen,Noord-Holland,post & telegraaf,tekening,IIB,1934,1934,1,52.419021,4.627758,straat,https://www.nationaalarchief.nl/onderzoeken/archief/4.RGD/invnr/2178.1/file/
2179.1,Post- en telegraafgebouw,Keulse Poort,Venlo,Limburg,post & telegraaf,tekening,IIB,1939,1940,52,51.344094,6.192571,straat,https://www.nationaalarchief.nl/onderzoeken/archief/4.RGD/invnr/2179.1/file/
2180.1,Telefoongebouw,Nassaustraat,Venlo,Limburg,post & telegraaf,tekening,IIB,1934,1935,20,51.368238,6.171916,straat,https://www.nationaalarchief.nl/onderzoeken/archief/4.RGD/invnr/2180.1/file/
2181.1,Versterkerstation,Deken van Oppensingel 13,Venlo,Limburg,overig,tekening,IIB,1931,1931,13,51.369744,6.175155,straat,https://www.nationaalarchief.nl/onderzoeken/archief/4.RGD/invnr/2181.1/file/
2182.1,Rijks-h.b.s,Burgemeester v. Rijnsingel,Venlo,Limburg,onderwijs & wetenschap,tekening,IIB,1938,1938,2,51.367928,6.175391,straat,https://www.nationaalarchief.nl/onderzoeken/archief/4.RGD/invnr/2182.1/file/
2183.1,Grenskantoor,"Rijksweg Venlo-Straelen, Wezelsche Barrière",Venlo,Limburg,douane & opslag,tekening,IIB,1929,1940,9,51.361796,6.131055,straat,https://www.nationaalarchief.nl/onderzoeken/archief/4.RGD/invnr/2183.1/file/
2184.1,Telefoongebouw,Kolkweg,Venray,Limburg,post & telegraaf,tekening,IIB,1937,1938,7,51.525637,5.981336,straat,https://www.nationaalarchief.nl/onderzoeken/archief/4.RGD/invnr/2184.1/file/
2185.1,Post- en telegraafgebouw,Westhavenkade / hoek Vossenstraat,Vlaardingen,Zuid-Holland,post & telegraaf,tekening,IIB,1938,1938,32,51.904454,4.346048,straat,https://www.nationaalarchief.nl/onderzoeken/archief/4.RGD/invnr/2185.1/file/
2186.1,Torpedowerkplaats,,Vlissingen,Zeeland,overig,tekening,IIB,1935,1936,7,51.465331,3.48105,plaats,https://www.nationaalarchief.nl/onderzoeken/archief/4.RGD/invnr/2186.1/file/
2187.1,Telefoongebouw,Hendrikstraat,Vlissingen,Zeeland,post & telegraaf,tekening,IIB,1939,1939,14,51.442803,3.578809,straat,https://www.nationaalarchief.nl/onderzoeken/archief/4.RGD/invnr/2187.1/file/
2188.1,Rijks-h.b.s,Nieuwe Markt,Vlissingen,Zeeland,onderwijs & wetenschap,tekening,IIB,1922,1923,23,51.442069,3.571236,straat,https://www.nationaalarchief.nl/onderzoeken/archief/4.RGD/invnr/2188.1/file/
2189.1,Telefoongebouw,Dorpsstraat,Vorden,Gelderland,post & telegraaf,tekening,IIB,1939,1940,7,52.10358,6.31466,straat,https://www.nationaalarchief.nl/onderzoeken/archief/4.RGD/invnr/2189.1/file/
2190.1,Landbouw Hogeschool,,Wageningen,Gelderland,onderwijs & wetenschap,tekening,IIB,,,214,51.973476,5.66351,plaats,https://www.nationaalarchief.nl/onderzoeken/archief/4.RGD/invnr/2190.1/file/
2203.1,Post- en telegraafgebouw,Lange Kerkdam 1/4,Wassenaar,Zuid-Holland,post & telegraaf,tekening,IIB,1920,1940,18,52.139624,4.40277,straat,https://www.nationaalarchief.nl/onderzoeken/archief/4.RGD/invnr/2203.1/file/
2204.1,Telefoongebouw,Park de Kievit,Wassenaar,Zuid-Holland,post & telegraaf,tekening,IIB,1927,1927,12,52.120445,4.371004,straat,https://www.nationaalarchief.nl/onderzoeken/archief/4.RGD/invnr/2204.1/file/
2205.1,Telefoongebouw,Johan de Wittstraat,Wassenaar,Zuid-Holland,post & telegraaf,tekening,IIB,1934,1939,16,52.144557,4.39797,straat,https://www.nationaalarchief.nl/onderzoeken/archief/4.RGD/invnr/2205.1/file/
2206.1,Telefoongebouw,Rijksweg,Weert,Limburg,post & telegraaf,tekening,IIB,1938,1938,8,51.271656,5.739104,straat,https://www.nationaalarchief.nl/onderzoeken/archief/4.RGD/invnr/2206.1/file/
2207.1,Belastinggebouw / Postkantoor,Wilhelminasingel,Weert,Limburg,post & telegraaf,tekening,IIB,1938,1938,28,51.253024,5.703797,straat,https://www.nationaalarchief.nl/onderzoeken/archief/4.RGD/invnr/2207.1/file/
2208.1,Telefoongebouw,Nieuwstraat,Weesp,Noord-Holland,post & telegraaf,tekening,IIB,1936,1936,11,52.306558,5.042954,straat,https://www.nationaalarchief.nl/onderzoeken/archief/4.RGD/invnr/2208.1/file/
2209.1,zuiveringsinstallatie voor rioolwater,Vluchtelingenkamp,Westerbork,Drenthe,waterstaat & techniek,tekening,IIB,1939,1939,8,52.854825,6.604462,straat,https://www.nationaalarchief.nl/onderzoeken/archief/4.RGD/invnr/2209.1/file/
2210.1,"K.N.M.I., magnetisch station c.a","Mej. A. Talmaweg 16-18, Witteveen",Westerbork,Drenthe,overig,tekening,IIB,1937,1938,5,52.854619,6.60221,adres,https://www.nationaalarchief.nl/onderzoeken/archief/4.RGD/invnr/2210.1/file/
2211.1,Telefoongebouw,Wolvega,Weststellingwerf,Fryslân,post & telegraaf,tekening,IIB,1939,1939,5,52.88066,6.024488,straat,https://www.nationaalarchief.nl/onderzoeken/archief/4.RGD/invnr/2211.1/file/
2212.1,Kegelschuur,Stroe,Stroe,Gelderland,overig,tekening,IIB,1926,1926,1,52.211894,5.705538,straat,https://www.nationaalarchief.nl/onderzoeken/archief/4.RGD/invnr/2212.1/file/
2213.1,Huis van bewaring,Blijhamsterstraat 26,Winschoten,Groningen,gevangeniswezen,tekening,IIB,1929,1929,5,53.14102,7.040151,adres,https://www.nationaalarchief.nl/onderzoeken/archief/4.RGD/invnr/2213.1/file/
2214.1,Post- en telegraafgebouw,Balinkesstraat,Winterswijk,Gelderland,post & telegraaf,tekening,IIB,1936,1937,28,51.972461,6.716836,straat,https://www.nationaalarchief.nl/onderzoeken/archief/4.RGD/invnr/2214.1/file/
2215.1,Telefoongebouw,Terborg,Terborg,Gelderland,post & telegraaf,tekening,IIB,1935,1935,1,51.921089,6.346968,straat,https://www.nationaalarchief.nl/onderzoeken/archief/4.RGD/invnr/2215.1/file/
2216.1,Post- en telegraafgebouw,Sint Jorisplein 1,Terborg,Gelderland,post & telegraaf,tekening,IIB,1939,1941,38,51.92,6.361686,straat,https://www.nationaalarchief.nl/onderzoeken/archief/4.RGD/invnr/2216.1/file/
2217.1,Post- en telegraafgebouw,Utrechtse Straatweg,Woerden,Utrecht,post & telegraaf,tekening,IIB,1939,1939,16,52.071344,4.904823,straat,https://www.nationaalarchief.nl/onderzoeken/archief/4.RGD/invnr/2217.1/file/
2218.1,Post- en telegraafgebouw,"Stationstraat 83, Koog aan de Zaan",Zaanstad,Noord-Holland,post & telegraaf,tekening,IIB,1938,1939,26,52.489033,4.74328,adres,https://www.nationaalarchief.nl/onderzoeken/archief/4.RGD/invnr/2218.1/file/
2219.1,Post- en telegraafgebouw,"Wandelweg, Wormerveer",Zaanstad,Noord-Holland,post & telegraaf,tekening,IIB,1930,1931,37,52.486293,4.802819,straat,https://www.nationaalarchief.nl/onderzoeken/archief/4.RGD/invnr/2219.1/file/
2220.1,Post- en telegraafgebouw,"Dam / Wilhelminastraat, Zaandam",Zaanstad,Noord-Holland,post & telegraaf,tekening,IIB,1916,1931,45,52.439362,4.824299,straat,https://www.nationaalarchief.nl/onderzoeken/archief/4.RGD/invnr/2220.1/file/
2221.1,Telefoongebouw,Maarten van Rossumsingel 1a,Zaltbommel,Gelderland,post & telegraaf,tekening,IIB,1939,1940,11,51.78901,5.072285,straat,https://www.nationaalarchief.nl/onderzoeken/archief/4.RGD/invnr/2221.1/file/
2222.1,Rijks-h.b.s,Waluwsestraat,Zaltbommel,Gelderland,onderwijs & wetenschap,tekening,IIB,1932,1933,38,51.793871,5.257914,straat,https://www.nationaalarchief.nl/onderzoeken/archief/4.RGD/invnr/2222.1/file/
2223.1,Telefoongebouw,Heerenstraat,Zandvoort,Noord-Holland,post & telegraaf,tekening,IIB,1937,1937,8,52.372888,4.528945,straat,https://www.nationaalarchief.nl/onderzoeken/archief/4.RGD/invnr/2223.1/file/
2224.1,Post- en telegraafgebouw,Heerenstraat 7,Zandvoort,Noord-Holland,post & telegraaf,tekening,IIB,1929,1929,1,52.380913,4.531456,adres,https://www.nationaalarchief.nl/onderzoeken/archief/4.RGD/invnr/2224.1/file/
2225.1,Post- en telegraafgebouw,Dorpsstraat 30/30a,Zeist,Utrecht,post & telegraaf,tekening,IIB,1937,1938,23,52.081677,5.239057,adres,https://www.nationaalarchief.nl/onderzoeken/archief/4.RGD/invnr/2225.1/file/
2226.1,Stationslaan; Villa Rusthof / Telefoongebouw,,Zeist,Utrecht,post & telegraaf,tekening,IIB,1932,1932,4,52.101965,5.255186,plaats,https://www.nationaalarchief.nl/onderzoeken/archief/4.RGD/invnr/2226.1/file/
2227.1,Rijksopvoedingsgesticht,Utrechtseweg 37,Zeist,Utrecht,gevangeniswezen,tekening,IIB,1910,1935,3,52.094964,5.219467,adres,https://www.nationaalarchief.nl/onderzoeken/archief/4.RGD/invnr/2227.1/file/
2228.1,Post- en telegraafgebouw,,Zevenaar,Gelderland,post & telegraaf,tekening,IIB,1932,1932,2,51.924103,6.085235,plaats,https://www.nationaalarchief.nl/onderzoeken/archief/4.RGD/invnr/2228.1/file/
2229.1,Post- en telegraafgebouw,Stationsstraat,Zevenbergen,Noord-Brabant,post & telegraaf,tekening,IIB,1904,1904,2,51.643875,4.608592,straat,https://www.nationaalarchief.nl/onderzoeken/archief/4.RGD/invnr/2229.1/file/
2231.1,Post- en telegraafgebouw,Dorpsstraat 48,Seghwaart,Zuid-Holland,post & telegraaf,tekening,IIB,1927,1927,6,52.055624,4.498382,straat,https://www.nationaalarchief.nl/onderzoeken/archief/4.RGD/invnr/2231.1/file/
2232.1,Telefoongebouw,,Zutphen,Gelderland,post & telegraaf,tekening,IIB,1939,1940,25,52.136347,6.23395,plaats,https://www.nationaalarchief.nl/onderzoeken/archief/4.RGD/invnr/2232.1/file/
2233.1,Jeugdgevangenis,Lunettestraat,Zutphen,Gelderland,gevangeniswezen,tekening,IIB,1931,1931,3,52.13454,6.205014,straat,https://www.nationaalarchief.nl/onderzoeken/archief/4.RGD/invnr/2233.1/file/
2234.1,Rijkskantorengebouw,Zaadmarkt 91,Zutphen,Gelderland,overig,tekening,IIB,1939,1939,11,52.140536,6.197237,adres,https://www.nationaalarchief.nl/onderzoeken/archief/4.RGD/invnr/2234.1/file/
2235.1,School / Versterkerstation,Bitterstraat 59,Zwolle,Overijssel,onderwijs & wetenschap,tekening,IIB,1931,1931,7,52.513622,6.091864,straat,https://www.nationaalarchief.nl/onderzoeken/archief/4.RGD/invnr/2235.1/file/
2236.1,Telefoongebouw,Parkstraat,Zwolle,Overijssel,post & telegraaf,tekening,IIB,1933,1938,37,52.507598,6.088291,straat,https://www.nationaalarchief.nl/onderzoeken/archief/4.RGD/invnr/2236.1/file/
2237.1,Rijksarchief,Sassenpoort,Zwolle,Overijssel,overig,tekening,IIB,1929,1929,2,52.512035,6.075753,straat,https://www.nationaalarchief.nl/onderzoeken/archief/4.RGD/invnr/2237.1/file/
2238.1,Rijkswaterstaat,Stationsweg,Zwolle,Overijssel,overig,tekening,IIB,1935,1935,5,52.508107,6.091338,straat,https://www.nationaalarchief.nl/onderzoeken/archief/4.RGD/invnr/2238.1/file/
2239.1,Gouvernementsgebouw achterzijde,Ter Pelkwijkpark,Zwolle,Overijssel,bestuur & financiën,tekening,IIB,1927,1938,4,52.511442,6.098431,straat,https://www.nationaalarchief.nl/onderzoeken/archief/4.RGD/invnr/2239.1/file/
2240.1,Stationspostgebouw,Westerlaan 5,Zwolle,Overijssel,overig,tekening,IIB,1933,1934,2,52.507701,6.086101,straat,https://www.nationaalarchief.nl/onderzoeken/archief/4.RGD/invnr/2240.1/file/
1711.1,Hang- en sluitwerk,,Foto's van ongeïdentificeerde objecten,Zuid-Holland,overig,foto,IC,1885,1895,2,52.072073,4.293001,plaats,https://www.nationaalarchief.nl/onderzoeken/archief/4.RGD/invnr/1711.1/file/
1712.1,Pleisterwerk,,Foto's van ongeïdentificeerde objecten,Zuid-Holland,overig,foto,IC,1905,1915,3,52.072073,4.293001,plaats,https://www.nationaalarchief.nl/onderzoeken/archief/4.RGD/invnr/1712.1/file/
1713.1,"O.a. militair hospitaal, kerken, woonhuizen / villa's, kroonluchter, boerderijen, trap",,Foto's van ongeïdentificeerde objecten,Zuid-Holland,militair,foto,IC,1895,1965,13,52.072073,4.293001,plaats,https://www.nationaalarchief.nl/onderzoeken/archief/4.RGD/invnr/1713.1/file/
1714.1,Rijksscholengemeenschap (vermoedelijk),,Foto's van ongeïdentificeerde objecten,Zuid-Holland,overig,foto,IC,1955,1965,1,52.072073,4.293001,plaats,https://www.nationaalarchief.nl/onderzoeken/archief/4.RGD/invnr/1714.1/file/
1715.1,Laboratorium / medische opleiding en museum (vermoedelijk),,Foto's van ongeïdentificeerde objecten,Zuid-Holland,museum & paleis,foto,IC,1930,1940,5,52.072073,4.293001,plaats,https://www.nationaalarchief.nl/onderzoeken/archief/4.RGD/invnr/1715.1/file/
1716,Huis van bewaring,,Alkmaar,Noord-Holland,gevangeniswezen,bestek,ID,1894,1895,5,52.601792,4.803308,plaats,https://www.nationaalarchief.nl/onderzoeken/archief/4.RGD/invnr/1716/file/
1717,Strafgevangenis,,Alkmaar,Noord-Holland,gevangeniswezen,bestek,ID,1883,1883,5,52.601792,4.803308,plaats,https://www.nationaalarchief.nl/onderzoeken/archief/4.RGD/invnr/1717/file/
1719,Post- en telegraafgebouw,,Appingedam,Groningen,post & telegraaf,bestek,ID,1914,1914,2,53.317141,6.849545,plaats,https://www.nationaalarchief.nl/onderzoeken/archief/4.RGD/invnr/1719/file/
1723,Post- en telegraafgebouw,,Assen,Drenthe,post & telegraaf,bestek,ID,1912,1912,1,53.001273,6.552466,plaats,https://www.nationaalarchief.nl/onderzoeken/archief/4.RGD/invnr/1723/file/
1724,Provinciaal bestuur,,Assen,Drenthe,bestuur & financiën,bestek,ID,1882,1883,5,53.001273,6.552466,plaats,https://www.nationaalarchief.nl/onderzoeken/archief/4.RGD/invnr/1724/file/
1725,Rijksarchief,,Assen,Drenthe,overig,bestek,ID,1897,1897,4,53.001273,6.552466,plaats,https://www.nationaalarchief.nl/onderzoeken/archief/4.RGD/invnr/1725/file/
1726,Rijks-h.b.s,,Assen,Drenthe,onderwijs & wetenschap,bestek,ID,1906,1911,3,53.001273,6.552466,plaats,https://www.nationaalarchief.nl/onderzoeken/archief/4.RGD/invnr/1726/file/
1728,Kantongerecht,,Beetsterzwaag,Fryslân,rechtspraak,bestek,ID,1921,1921,2,53.055002,6.070854,plaats,https://www.nationaalarchief.nl/onderzoeken/archief/4.RGD/invnr/1728/file/
1729,Post- en telegraafgebouw,,Beilen,Drenthe,post & telegraaf,bestek,ID,1907,1936,5,52.861538,6.497961,plaats,https://www.nationaalarchief.nl/onderzoeken/archief/4.RGD/invnr/1729/file/
1733,Post- en telegraafkantoor,,Bolsward,Fryslân,post & telegraaf,bestek,ID,1906,1906,1,53.064094,5.524574,plaats,https://www.nationaalarchief.nl/onderzoeken/archief/4.RGD/invnr/1733/file/
1735,Gevangenis en woningen,,Breda,Noord-Brabant,gevangeniswezen,bestek,ID,1883,1904,1,51.585121,4.761441,plaats,https://www.nationaalarchief.nl/onderzoeken/archief/4.RGD/invnr/1735/file/
1736,Post- en telegraafgebouw,,Coevorden,Drenthe,post & telegraaf,bestek,ID,1890,1921,4,52.740255,6.735912,plaats,https://www.nationaalarchief.nl/onderzoeken/archief/4.RGD/invnr/1736/file/
1737,Post- en telegraafgebouw,,Delfzijl,Groningen,post & telegraaf,bestek,ID,1899,1902,1,53.360249,6.952371,plaats,https://www.nationaalarchief.nl/onderzoeken/archief/4.RGD/invnr/1737/file/
1738,Wachthuizen voor invoerrechten,,Delfzijl,Groningen,douane & opslag,bestek,ID,1896,1896,1,53.360249,6.952371,plaats,https://www.nationaalarchief.nl/onderzoeken/archief/4.RGD/invnr/1738/file/
1739,Rijksopvoedingsgesticht De Kruisberg/Penitentiaire verblijfsinrichting Nederheide c.a,,Doetinchem,Gelderland,gevangeniswezen,bestek,ID,1932,1932,2,51.960787,6.286702,plaats,https://www.nationaalarchief.nl/onderzoeken/archief/4.RGD/invnr/1739/file/
1740,Post- en telegraafgebouw,,Dokkum,Fryslân,post & telegraaf,bestek,ID,1894,1912,2,53.322643,5.99713,plaats,https://www.nationaalarchief.nl/onderzoeken/archief/4.RGD/invnr/1740/file/
1741,Telefoongebouw,,Dokkum,Fryslân,post & telegraaf,bestek,ID,1939,1939,1,53.322643,5.99713,plaats,https://www.nationaalarchief.nl/onderzoeken/archief/4.RGD/invnr/1741/file/
1742,Post- en telegraafgebouw,,Drachten,Fryslân,post & telegraaf,bestek,ID,1901,1902,1,53.106552,6.093362,plaats,https://www.nationaalarchief.nl/onderzoeken/archief/4.RGD/invnr/1742/file/
1743,Telefoongebouw,,Drachten,Fryslân,post & telegraaf,bestek,ID,1938,1938,1,53.106552,6.093362,plaats,https://www.nationaalarchief.nl/onderzoeken/archief/4.RGD/invnr/1743/file/
1744,Post- en telegraafgebouw,,Emmen,Drenthe,post & telegraaf,bestek,ID,1910,1910,1,52.749653,6.96196,plaats,https://www.nationaalarchief.nl/onderzoeken/archief/4.RGD/invnr/1744/file/
1745,Telefoongebouw,,Emmen,Drenthe,post & telegraaf,bestek,ID,1939,1939,1,52.749653,6.96196,plaats,https://www.nationaalarchief.nl/onderzoeken/archief/4.RGD/invnr/1745/file/
1746,Post- en telegraafgebouw,,Franeker,Fryslân,post & telegraaf,bestek,ID,1889,1892,1,53.183408,5.546606,plaats,https://www.nationaalarchief.nl/onderzoeken/archief/4.RGD/invnr/1746/file/
1747,Telefoongebouw,,Franeker,Fryslân,post & telegraaf,bestek,ID,1936,1936,1,53.183408,5.546606,plaats,https://www.nationaalarchief.nl/onderzoeken/archief/4.RGD/invnr/1747/file/
1748,Post- en telegraafgebouw,,Frederiksoord,Drenthe,post & telegraaf,bestek,ID,1901,1902,1,52.846475,6.184576,plaats,https://www.nationaalarchief.nl/onderzoeken/archief/4.RGD/invnr/1748/file/
1750,Bodemkundig Instituut,,Groningen,Groningen,overig,bestek,ID,1929,1930,15,53.218592,6.620635,plaats,https://www.nationaalarchief.nl/onderzoeken/archief/4.RGD/invnr/1750/file/
1751,Huis van Bewaring,,Groningen,Groningen,gevangeniswezen,bestek,ID,1901,1901,8,53.218592,6.620635,plaats,https://www.nationaalarchief.nl/onderzoeken/archief/4.RGD/invnr/1751/file/
1752,Inspectie directe belastingen,,Groningen,Groningen,bestuur & financiën,bestek,ID,1913,1913,1,53.218592,6.620635,plaats,https://www.nationaalarchief.nl/onderzoeken/archief/4.RGD/invnr/1752/file/
1753,Kantongerecht,,Groningen,Groningen,rechtspraak,bestek,ID,1910,1911,3,53.218592,6.620635,plaats,https://www.nationaalarchief.nl/onderzoeken/archief/4.RGD/invnr/1753/file/
1754,Ontleedkunde,,Groningen,Groningen,overig,bestek,ID,1893,1894,2,53.218592,6.620635,plaats,https://www.nationaalarchief.nl/onderzoeken/archief/4.RGD/invnr/1754/file/
1755,Physisch laboratorium,,Groningen,Groningen,onderwijs & wetenschap,bestek,ID,1926,1926,3,53.218592,6.620635,plaats,https://www.nationaalarchief.nl/onderzoeken/archief/4.RGD/invnr/1755/file/
1756,Post- en telegraafgebouw / telefoongebouw,,Groningen,Groningen,post & telegraaf,bestek,ID,1938,1938,22,53.218592,6.620635,plaats,https://www.nationaalarchief.nl/onderzoeken/archief/4.RGD/invnr/1756/file/
1757,Psychiatrische kliniek,,Groningen,Groningen,zorg,bestek,ID,1911,1911,8,53.218592,6.620635,plaats,https://www.nationaalarchief.nl/onderzoeken/archief/4.RGD/invnr/1757/file/
1758,Rechtbank,,Groningen,Groningen,rechtspraak,bestek,ID,1912,1913,6,53.218592,6.620635,plaats,https://www.nationaalarchief.nl/onderzoeken/archief/4.RGD/invnr/1758/file/
1759,Rijksarchief,,Groningen,Groningen,overig,bestek,ID,1890,1890,1,53.218592,6.620635,plaats,https://www.nationaalarchief.nl/onderzoeken/archief/4.RGD/invnr/1759/file/
1760,Rijks-h.b.s,,Groningen,Groningen,onderwijs & wetenschap,bestek,ID,1908,1915,3,53.218592,6.620635,plaats,https://www.nationaalarchief.nl/onderzoeken/archief/4.RGD/invnr/1760/file/
1761,Rijkskantorengebouw,,Groningen,Groningen,overig,bestek,ID,1938,1938,4,53.218592,6.620635,plaats,https://www.nationaalarchief.nl/onderzoeken/archief/4.RGD/invnr/1761/file/
1762,Scheikundig laboratorium,,Groningen,Groningen,onderwijs & wetenschap,bestek,ID,1909,1910,5,53.218592,6.620635,plaats,https://www.nationaalarchief.nl/onderzoeken/archief/4.RGD/invnr/1762/file/
1763,Strafgevangenis c.a,,Groningen,Groningen,gevangeniswezen,bestek,ID,1881,1918,34,53.218592,6.620635,plaats,https://www.nationaalarchief.nl/onderzoeken/archief/4.RGD/invnr/1763/file/
1764,Universiteitsbibliotheek,,Groningen,Groningen,onderwijs & wetenschap,bestek,ID,1895,1897,3,53.218592,6.620635,plaats,https://www.nationaalarchief.nl/onderzoeken/archief/4.RGD/invnr/1764/file/
1766,Telefoongebouw,,Haren,Noord-Brabant,post & telegraaf,bestek,ID,1938,1938,1,51.801637,5.581563,plaats,https://www.nationaalarchief.nl/onderzoeken/archief/4.RGD/invnr/1766/file/
1767,Post- en telegraafgebouw,,Harlingen,Fryslân,post & telegraaf,bestek,ID,1895,1895,1,53.143095,5.267596,plaats,https://www.nationaalarchief.nl/onderzoeken/archief/4.RGD/invnr/1767/file/
1768,Rijks-h.b.s,,Harlingen,Fryslân,onderwijs & wetenschap,bestek,ID,1926,1926,13,53.143095,5.267596,plaats,https://www.nationaalarchief.nl/onderzoeken/archief/4.RGD/invnr/1768/file/
1769,Stationspostkantoor,,Heerenveen,Fryslân,bestuur & financiën,bestek,ID,1910,1910,1,52.995991,5.978002,plaats,https://www.nationaalarchief.nl/onderzoeken/archief/4.RGD/invnr/1769/file/
1770,Post- en telegraafgebouw,,Heerenveen,Fryslân,post & telegraaf,bestek,ID,1912,1912,1,52.995991,5.978002,plaats,https://www.nationaalarchief.nl/onderzoeken/archief/4.RGD/invnr/1770/file/
1771,Telefoongebouw,,Heerenveen,Fryslân,post & telegraaf,bestek,ID,1938,1938,1,52.995991,5.978002,plaats,https://www.nationaalarchief.nl/onderzoeken/archief/4.RGD/invnr/1771/file/
1775,Kantongerecht,,Hoogeveen,Drenthe,rechtspraak,bestek,ID,1900,1900,2,52.723094,6.513593,plaats,https://www.nationaalarchief.nl/onderzoeken/archief/4.RGD/invnr/1775/file/
1776,Post- en telegraafgebouw,,Hoogeveen,Drenthe,post & telegraaf,bestek,ID,1910,1910,1,52.723094,6.513593,plaats,https://www.nationaalarchief.nl/onderzoeken/archief/4.RGD/invnr/1776/file/
1777,Telefoongebouw,,Hoogeveen,Drenthe,post & telegraaf,bestek,ID,1938,1938,1,52.723094,6.513593,plaats,https://www.nationaalarchief.nl/onderzoeken/archief/4.RGD/invnr/1777/file/
1778,Post- en telegraafgebouw,,Hoogezand,Groningen,post & telegraaf,bestek,ID,1897,1898,1,53.143684,6.766648,plaats,https://www.nationaalarchief.nl/onderzoeken/archief/4.RGD/invnr/1778/file/
1779,Telefoongebouw,,Hoogezand,Groningen,post & telegraaf,bestek,ID,1939,1939,1,53.143684,6.766648,plaats,https://www.nationaalarchief.nl/onderzoeken/archief/4.RGD/invnr/1779/file/
1780,Post- en telegraafgebouw,,Joure,Fryslân,post & telegraaf,bestek,ID,1904,1905,1,52.975514,5.803526,plaats,https://www.nationaalarchief.nl/onderzoeken/archief/4.RGD/invnr/1780/file/
1782,Gouvernementsgebouwen,,Leeuwarden,Fryslân,bestuur & financiën,bestek,ID,1907,1908,4,53.170021,5.797917,plaats,https://www.nationaalarchief.nl/onderzoeken/archief/4.RGD/invnr/1782/file/
1783,Huis van bewaring,,Leeuwarden,Fryslân,gevangeniswezen,bestek,ID,1889,1889,6,53.170021,5.797917,plaats,https://www.nationaalarchief.nl/onderzoeken/archief/4.RGD/invnr/1783/file/
1784,Inspectie der posterijen en telegrafie,,Leeuwarden,Fryslân,post & telegraaf,bestek,ID,1907,1907,1,53.170021,5.797917,plaats,https://www.nationaalarchief.nl/onderzoeken/archief/4.RGD/invnr/1784/file/
1785,Kanselarijgebouw / Rijksarchief / Provinciale bibliotheek,,Leeuwarden,Fryslân,overig,bestek,ID,1892,1892,7,53.170021,5.797917,plaats,https://www.nationaalarchief.nl/onderzoeken/archief/4.RGD/invnr/1785/file/
1786,Post- en telegraafgebouw,,Leeuwarden,Fryslân,post & telegraaf,bestek,ID,1923,1929,6,53.170021,5.797917,plaats,https://www.nationaalarchief.nl/onderzoeken/archief/4.RGD/invnr/1786/file/
1787,Rijks-h.b.s,,Leeuwarden,Fryslân,onderwijs & wetenschap,bestek,ID,1902,1902,1,53.170021,5.797917,plaats,https://www.nationaalarchief.nl/onderzoeken/archief/4.RGD/invnr/1787/file/
1788,Rijksopvoedingsgesticht,,Leeuwarden,Fryslân,gevangeniswezen,bestek,ID,1919,1919,1,53.170021,5.797917,plaats,https://www.nationaalarchief.nl/onderzoeken/archief/4.RGD/invnr/1788/file/
1789,Snelgoederenloods / stationspostgebouw,,Leeuwarden,Fryslân,douane & opslag,bestek,ID,1939,1939,5,53.170021,5.797917,plaats,https://www.nationaalarchief.nl/onderzoeken/archief/4.RGD/invnr/1789/file/
1790,Strafgevangenis c.a,,Leeuwarden,Fryslân,gevangeniswezen,bestek,ID,1874,1913,23,53.170021,5.797917,plaats,https://www.nationaalarchief.nl/onderzoeken/archief/4.RGD/invnr/1790/file/
1791,Post- en telegraafgebouw,,Lemmer,Fryslân,post & telegraaf,bestek,ID,1906,1906,1,52.838904,5.647685,plaats,https://www.nationaalarchief.nl/onderzoeken/archief/4.RGD/invnr/1791/file/
1793,Post- en telegraafgebouw,,Meppel,Drenthe,post & telegraaf,bestek,ID,1907,1907,4,52.715931,6.19384,plaats,https://www.nationaalarchief.nl/onderzoeken/archief/4.RGD/invnr/1793/file/
1795,Post- en telegraafgebouw,,Musselkanaal,Groningen,post & telegraaf,bestek,ID,1911,1911,1,52.950329,7.00409,plaats,https://www.nationaalarchief.nl/onderzoeken/archief/4.RGD/invnr/1795/file/
1796,Post- en telegraafgebouw,,Nieuw-Amsterdam,Drenthe,post & telegraaf,bestek,ID,1907,1907,1,52.71583,6.873695,plaats,https://www.nationaalarchief.nl/onderzoeken/archief/4.RGD/invnr/1796/file/
1797,Post- en telegraafgebouw,,Nieuwe Pekela,Groningen,post & telegraaf,bestek,ID,1899,1901,1,53.054643,6.955671,plaats,https://www.nationaalarchief.nl/onderzoeken/archief/4.RGD/invnr/1797/file/
1798,Post- en telegraafgebouw,,Nieuwe-Schans,Groningen,post & telegraaf,bestek,ID,1912,1912,1,53.187164,7.164799,plaats,https://www.nationaalarchief.nl/onderzoeken/archief/4.RGD/invnr/1798/file/
1799,Post- en telegraafgebouw,,Noordwolde,Fryslân,post & telegraaf,bestek,ID,1907,1907,1,52.889924,6.138858,plaats,https://www.nationaalarchief.nl/onderzoeken/archief/4.RGD/invnr/1799/file/
1800,Rijksrietvlechtschool,,Noordwolde,Fryslân,onderwijs & wetenschap,bestek,ID,1910,1911,4,52.889924,6.138858,plaats,https://www.nationaalarchief.nl/onderzoeken/archief/4.RGD/invnr/1800/file/
1801,Post- en telegraafgebouw,,Onderdendam,Groningen,post & telegraaf,bestek,ID,1902,1902,1,53.330319,6.582683,plaats,https://www.nationaalarchief.nl/onderzoeken/archief/4.RGD/invnr/1801/file/
1802,Post- en telegraafgebouw,,Oosterwolde,Fryslân,post & telegraaf,bestek,ID,1917,1917,3,53.001858,6.305482,plaats,https://www.nationaalarchief.nl/onderzoeken/archief/4.RGD/invnr/1802/file/
1803,Post- en telegraafgebouw,,Oude Pekela,Groningen,post & telegraaf,bestek,ID,1898,1899,1,53.096616,7.001178,plaats,https://www.nationaalarchief.nl/onderzoeken/archief/4.RGD/invnr/1803/file/
1806,Post- en telegraafgebouw,,Sappemeer,Groningen,post & telegraaf,bestek,ID,1912,1912,1,53.164102,6.796569,plaats,https://www.nationaalarchief.nl/onderzoeken/archief/4.RGD/invnr/1806/file/
1807,Rijks-h.b.s,,Sappemeer,Groningen,onderwijs & wetenschap,bestek,ID,1895,1927,5,53.164102,6.796569,plaats,https://www.nationaalarchief.nl/onderzoeken/archief/4.RGD/invnr/1807/file/
1808,Post- en telegraafgebouw,,Scheemda,Groningen,post & telegraaf,bestek,ID,1904,1904,1,53.176411,6.956878,plaats,https://www.nationaalarchief.nl/onderzoeken/archief/4.RGD/invnr/1808/file/
1809,Post- en telegraafgebouw,,St.-Annaparochie,Fryslân,post & telegraaf,bestek,ID,1911,1911,1,53.3034,5.654019,plaats,https://www.nationaalarchief.nl/onderzoeken/archief/4.RGD/invnr/1809/file/
1810,Telefoongebouw,,St.-Annaparochie,Fryslân,post & telegraaf,bestek,ID,1938,1938,2,53.3034,5.654019,plaats,https://www.nationaalarchief.nl/onderzoeken/archief/4.RGD/invnr/1810/file/
1812,Meisjesschool / post- en telegraafgebouw / telefoongebouw,,Sneek,Fryslân,post & telegraaf,bestek,ID,1901,1931,4,53.029224,5.665102,plaats,https://www.nationaalarchief.nl/onderzoeken/archief/4.RGD/invnr/1812/file/
1813,Post- en telegraafgebouw,,Stadskanaal,Groningen,post & telegraaf,bestek,ID,1901,1920,2,53.002153,7.010328,plaats,https://www.nationaalarchief.nl/onderzoeken/archief/4.RGD/invnr/1813/file/
1814,Post- en telegraafgebouw,,Ter Apel,Groningen,post & telegraaf,bestek,ID,1907,1907,1,52.882894,7.078466,plaats,https://www.nationaalarchief.nl/onderzoeken/archief/4.RGD/invnr/1814/file/
1815,Post- en telegraafgebouw,,Terschelling,Fryslân,post & telegraaf,bestek,ID,1908,1911,2,53.339851,5.374776,plaats,https://www.nationaalarchief.nl/onderzoeken/archief/4.RGD/invnr/1815/file/
1816,Telegraafgebouw,,Terschelling,Fryslân,post & telegraaf,bestek,ID,1879,1879,1,53.339851,5.374776,plaats,https://www.nationaalarchief.nl/onderzoeken/archief/4.RGD/invnr/1816/file/
1818,Anatomisch Instituut van de Veeartsenijkundige Hogeschool,,Utrecht,Utrecht,onderwijs & wetenschap,bestek,ID,1918,1918,22,52.091138,5.074754,plaats,https://www.nationaalarchief.nl/onderzoeken/archief/4.RGD/invnr/1818/file/
1822,Post- en telegraafgebouw,,Veendam,Groningen,post & telegraaf,bestek,ID,1901,1916,3,53.088985,6.880092,plaats,https://www.nationaalarchief.nl/onderzoeken/archief/4.RGD/invnr/1822/file/
1823,Onderwijzerswoning en schoolgebouw,,Veenhuizen,Drenthe,onderwijs & wetenschap,bestek,ID,1876,1876,2,53.02562,6.408146,plaats,https://www.nationaalarchief.nl/onderzoeken/archief/4.RGD/invnr/1823/file/
1825,Post- en telegraafgebouw,,Vlieland,Fryslân,post & telegraaf,bestek,ID,1877,1911,2,53.219694,5.03465,plaats,https://www.nationaalarchief.nl/onderzoeken/archief/4.RGD/invnr/1825/file/
1827,Rijks-h.b.s,,Warffum,Groningen,onderwijs & wetenschap,bestek,ID,1895,1925,5,53.493761,6.542878,plaats,https://www.nationaalarchief.nl/onderzoeken/archief/4.RGD/invnr/1827/file/
1828,Post- en telegraafgebouw,,Wildervank,Groningen,post & telegraaf,bestek,ID,1911,1911,1,53.066798,6.860689,plaats,https://www.nationaalarchief.nl/onderzoeken/archief/4.RGD/invnr/1828/file/
1829,Huis van bewaring,,Winschoten,Groningen,gevangeniswezen,bestek,ID,1929,1930,2,53.140638,7.03499,plaats,https://www.nationaalarchief.nl/onderzoeken/archief/4.RGD/invnr/1829/file/
1830,Post- en telegraafgebouw,,Winschoten,Groningen,post & telegraaf,bestek,ID,1906,1906,3,53.140638,7.03499,plaats,https://www.nationaalarchief.nl/onderzoeken/archief/4.RGD/invnr/1830/file/
1831,Rechtbank,,Winschoten,Groningen,rechtspraak,bestek,ID,1896,1896,2,53.140638,7.03499,plaats,https://www.nationaalarchief.nl/onderzoeken/archief/4.RGD/invnr/1831/file/
1832,Post- en telegraafgebouw,,Winsum,Fryslân,post & telegraaf,bestek,ID,1915,1915,1,53.148922,5.634531,plaats,https://www.nationaalarchief.nl/onderzoeken/archief/4.RGD/invnr/1832/file/
1833,Post- en telegraafgebouw,,Wolvega,Fryslân,post & telegraaf,bestek,ID,1909,1909,1,52.872257,6.006893,plaats,https://www.nationaalarchief.nl/onderzoeken/archief/4.RGD/invnr/1833/file/
1834,Telefoongebouw,,Wolvega,Fryslân,post & telegraaf,bestek,ID,1939,1939,1,52.872257,6.006893,plaats,https://www.nationaalarchief.nl/onderzoeken/archief/4.RGD/invnr/1834/file/
1835,Post- en telegraafgebouw,,Workum,Fryslân,post & telegraaf,bestek,ID,1914,1914,2,52.974762,5.400915,plaats,https://www.nationaalarchief.nl/onderzoeken/archief/4.RGD/invnr/1835/file/
1837,Kantongerecht,,Zuidbroek,Groningen,rechtspraak,bestek,ID,1883,1883,3,53.170272,6.862371,plaats,https://www.nationaalarchief.nl/onderzoeken/archief/4.RGD/invnr/1837/file/
1838,Post- en telegraafgebouw,,Zuidhorn,Groningen,post & telegraaf,bestek,ID,1907,1907,1,53.243588,6.405457,plaats,https://www.nationaalarchief.nl/onderzoeken/archief/4.RGD/invnr/1838/file/
1839,Post- en telegraafgebouw,,Zuidlaren,Drenthe,post & telegraaf,bestek,ID,1907,1907,1,53.087606,6.698078,plaats,https://www.nationaalarchief.nl/onderzoeken/archief/4.RGD/invnr/1839/file/
2241.1,Latijnse school,,Gouda,Zuid-Holland,onderwijs & wetenschap,tekening,III,1927,1928,1,52.015301,4.706204,plaats,https://www.nationaalarchief.nl/onderzoeken/archief/4.RGD/invnr/2241.1/file/
1589,Automatische telefooncentrales - Ontwerptekeningen,,Schinnen,Limburg,post & telegraaf,tekening,IA/IIA,,,1,50.938813,5.880573,plaats,https://www.nationaalarchief.nl/onderzoeken/archief/4.RGD/invnr/1589/file/
1589,Automatische telefooncentrales - Ontwerptekeningen,,Simpelveld,Limburg,post & telegraaf,tekening,IA/IIA,,,1,50.828804,5.986645,plaats,https://www.nationaalarchief.nl/onderzoeken/archief/4.RGD/invnr/1589/file/
1589,Automatische telefooncentrales - Ontwerptekeningen,,Reuver,Limburg,post & telegraaf,tekening,IA/IIA,,,1,51.277687,6.089212,plaats,https://www.nationaalarchief.nl/onderzoeken/archief/4.RGD/invnr/1589/file/
1589,Automatische telefooncentrales - Ontwerptekeningen,,Nuth,Limburg,post & telegraaf,tekening,IA/IIA,,,1,50.919732,5.875374,plaats,https://www.nationaalarchief.nl/onderzoeken/archief/4.RGD/invnr/1589/file/
1589,Automatische telefooncentrales - Ontwerptekeningen,,Merselo,Limburg,post & telegraaf,tekening,IA/IIA,,,1,51.531609,5.921181,plaats,https://www.nationaalarchief.nl/onderzoeken/archief/4.RGD/invnr/1589/file/
1589,Automatische telefooncentrales - Ontwerptekeningen,,Maashees,Noord-Brabant,post & telegraaf,tekening,IA/IIA,,,1,51.571461,6.028774,plaats,https://www.nationaalarchief.nl/onderzoeken/archief/4.RGD/invnr/1589/file/
1589,Automatische telefooncentrales - Ontwerptekeningen,,Grevenbicht,Limburg,post & telegraaf,tekening,IA/IIA,,,1,51.046611,5.775076,plaats,https://www.nationaalarchief.nl/onderzoeken/archief/4.RGD/invnr/1589/file/
1589,Automatische telefooncentrales - Ontwerptekeningen,,Eis,,post & telegraaf,tekening,IA/IIA,,,1,50.828391,5.941463,plaats,https://www.nationaalarchief.nl/onderzoeken/archief/4.RGD/invnr/1589/file/
1589,Automatische telefooncentrales - Ontwerptekeningen,,Cadier en Keer,Limburg,post & telegraaf,tekening,IA/IIA,,,1,50.827732,5.768653,plaats,https://www.nationaalarchief.nl/onderzoeken/archief/4.RGD/invnr/1589/file/
1589,Automatische telefooncentrales - Ontwerptekeningen,,Bunde,Limburg,post & telegraaf,tekening,IA/IIA,,,1,50.901626,5.735431,plaats,https://www.nationaalarchief.nl/onderzoeken/archief/4.RGD/invnr/1589/file/
1589,Automatische telefooncentrales - Ontwerptekeningen,,Maaren (NB),Noord-Brabant,post & telegraaf,tekening,IA/IIA,,,1,51.800452,5.010857,plaats,https://www.nationaalarchief.nl/onderzoeken/archief/4.RGD/invnr/1589/file/
1589,Automatische telefooncentrales - Ontwerptekeningen,,Melvoirt,,post & telegraaf,tekening,IA/IIA,,,1,51.644234,5.20637,plaats,https://www.nationaalarchief.nl/onderzoeken/archief/4.RGD/invnr/1589/file/
1589,Automatische telefooncentrales - Ontwerptekeningen,,Nuenen,Noord-Brabant,post & telegraaf,tekening,IA/IIA,,,1,51.478602,5.549464,plaats,https://www.nationaalarchief.nl/onderzoeken/archief/4.RGD/invnr/1589/file/
1589,Automatische telefooncentrales - Ontwerptekeningen,,Hulsberg,Limburg,post & telegraaf,tekening,IA/IIA,,,1,50.892065,5.856487,plaats,https://www.nationaalarchief.nl/onderzoeken/archief/4.RGD/invnr/1589/file/
1589,Automatische telefooncentrales - Ontwerptekeningen,,Udenhout,Noord-Brabant,post & telegraaf,tekening,IA/IIA,,,1,51.618399,5.136583,plaats,https://www.nationaalarchief.nl/onderzoeken/archief/4.RGD/invnr/1589/file/
1589,Automatische telefooncentrales - Ontwerptekeningen,,Son (bij Eindhoven),Noord-Brabant,post & telegraaf,tekening,IA/IIA,,,1,51.516376,5.482465,plaats,https://www.nationaalarchief.nl/onderzoeken/archief/4.RGD/invnr/1589/file/
1589,Automatische telefooncentrales - Ontwerptekeningen,,Nuland,Noord-Brabant,post & telegraaf,tekening,IA/IIA,,,1,51.737604,5.431371,plaats,https://www.nationaalarchief.nl/onderzoeken/archief/4.RGD/invnr/1589/file/
1589,Automatische telefooncentrales - Ontwerptekeningen,,Nistelrode,Noord-Brabant,post & telegraaf,tekening,IA/IIA,,,1,51.701224,5.561133,plaats,https://www.nationaalarchief.nl/onderzoeken/archief/4.RGD/invnr/1589/file/
1589,Automatische telefooncentrales - Ontwerptekeningen,,Middelbeers,Noord-Brabant,post & telegraaf,tekening,IA/IIA,,,1,51.467212,5.254548,plaats,https://www.nationaalarchief.nl/onderzoeken/archief/4.RGD/invnr/1589/file/
1589,Automatische telefooncentrales - Ontwerptekeningen,,Mierlo,Noord-Brabant,post & telegraaf,tekening,IA/IIA,,,1,51.431275,5.58756,plaats,https://www.nationaalarchief.nl/onderzoeken/archief/4.RGD/invnr/1589/file/
1589,Automatische telefooncentrales - Ontwerptekeningen,,Lieshout,Noord-Brabant,post & telegraaf,tekening,IA/IIA,,,1,51.517006,5.589384,plaats,https://www.nationaalarchief.nl/onderzoeken/archief/4.RGD/invnr/1589/file/
1589,Automatische telefooncentrales - Ontwerptekeningen,,Lith,Noord-Brabant,post & telegraaf,tekening,IA/IIA,,,1,51.797762,5.423327,plaats,https://www.nationaalarchief.nl/onderzoeken/archief/4.RGD/invnr/1589/file/
1589,Automatische telefooncentrales - Ontwerptekeningen,,Maren,Noord-Brabant,post & telegraaf,tekening,IA/IIA,,,1,51.777623,5.390785,plaats,https://www.nationaalarchief.nl/onderzoeken/archief/4.RGD/invnr/1589/file/
1589,Automatische telefooncentrales - Ontwerptekeningen,,Megen,Noord-Brabant,post & telegraaf,tekening,IA/IIA,,,1,51.817297,5.563707,plaats,https://www.nationaalarchief.nl/onderzoeken/archief/4.RGD/invnr/1589/file/
1589,Automatische telefooncentrales - Ontwerptekeningen,,Sint-Michielsgestel,Noord-Brabant,post & telegraaf,tekening,IA/IIA,,,1,51.657068,5.378122,plaats,https://www.nationaalarchief.nl/onderzoeken/archief/4.RGD/invnr/1589/file/
1589,Automatische telefooncentrales - Ontwerptekeningen,,Lierop,Noord-Brabant,post & telegraaf,tekening,IA/IIA,,,1,51.422832,5.666998,plaats,https://www.nationaalarchief.nl/onderzoeken/archief/4.RGD/invnr/1589/file/
1589,Automatische telefooncentrales - Ontwerptekeningen,,Lage Mierde,Noord-Brabant,post & telegraaf,tekening,IA/IIA,,,1,51.414268,5.150832,plaats,https://www.nationaalarchief.nl/onderzoeken/archief/4.RGD/invnr/1589/file/
1589,Automatische telefooncentrales - Ontwerptekeningen,,Kelpen,Limburg,post & telegraaf,tekening,IA/IIA,,,2,51.223314,5.830353,plaats,https://www.nationaalarchief.nl/onderzoeken/archief/4.RGD/invnr/1589/file/
1589,Automatische telefooncentrales - Ontwerptekeningen,,Born,Limburg,post & telegraaf,tekening,IA/IIA,,,1,51.038782,5.817372,plaats,https://www.nationaalarchief.nl/onderzoeken/archief/4.RGD/invnr/1589/file/
1589,Automatische telefooncentrales - Ontwerptekeningen,,Beek,Limburg,post & telegraaf,tekening,IA/IIA,,,1,50.930864,5.809132,plaats,https://www.nationaalarchief.nl/onderzoeken/archief/4.RGD/invnr/1589/file/
1589,Automatische telefooncentrales - Ontwerptekeningen,,Belfeld,Limburg,post & telegraaf,tekening,IA/IIA,,,1,51.305848,6.124696,plaats,https://www.nationaalarchief.nl/onderzoeken/archief/4.RGD/invnr/1589/file/
1589,Automatische telefooncentrales - Ontwerptekeningen,,Amstenrade (Oirsbeek),Limburg,post & telegraaf,tekening,IA/IIA,,,1,50.942092,5.926471,plaats,https://www.nationaalarchief.nl/onderzoeken/archief/4.RGD/invnr/1589/file/
1589,Automatische telefooncentrales - Ontwerptekeningen,,Schaesberg,,post & telegraaf,tekening,IA/IIA,,,1,50.862594,5.843431,straat,https://www.nationaalarchief.nl/onderzoeken/archief/4.RGD/invnr/1589/file/
1589,Automatische telefooncentrales - Ontwerptekeningen,,Esch,Noord-Brabant,post & telegraaf,tekening,IA/IIA,,,1,51.615513,5.293914,plaats,https://www.nationaalarchief.nl/onderzoeken/archief/4.RGD/invnr/1589/file/
1589,Automatische telefooncentrales - Ontwerptekeningen,,Esbeek,Noord-Brabant,post & telegraaf,tekening,IA/IIA,,,1,51.450984,5.129461,plaats,https://www.nationaalarchief.nl/onderzoeken/archief/4.RGD/invnr/1589/file/
1589,Automatische telefooncentrales - Ontwerptekeningen,,Ell,Limburg,post & telegraaf,tekening,IA/IIA,,,2,51.213007,5.788675,plaats,https://www.nationaalarchief.nl/onderzoeken/archief/4.RGD/invnr/1589/file/
1589,Automatische telefooncentrales - Ontwerptekeningen,,Dungen,Noord-Brabant,post & telegraaf,tekening,IA/IIA,,,1,51.669444,5.375453,plaats,https://www.nationaalarchief.nl/onderzoeken/archief/4.RGD/invnr/1589/file/
1589,Automatische telefooncentrales - Ontwerptekeningen,,Berlicum,Noord-Brabant,post & telegraaf,tekening,IA/IIA,,,1,51.678484,5.411669,plaats,https://www.nationaalarchief.nl/onderzoeken/archief/4.RGD/invnr/1589/file/
1589,Automatische telefooncentrales - Ontwerptekeningen,,Berghem,Noord-Brabant,post & telegraaf,tekening,IA/IIA,,,1,51.768387,5.574973,plaats,https://www.nationaalarchief.nl/onderzoeken/archief/4.RGD/invnr/1589/file/
1589,Automatische telefooncentrales - Ontwerptekeningen,,Bakel (NB),Noord-Brabant,post & telegraaf,tekening,IA/IIA,,,1,51.540748,5.754291,plaats,https://www.nationaalarchief.nl/onderzoeken/archief/4.RGD/invnr/1589/file/
1589,Automatische telefooncentrales - Ontwerptekeningen,,Aarle-Rixtel,Noord-Brabant,post & telegraaf,tekening,IA/IIA,,,1,51.513853,5.649409,plaats,https://www.nationaalarchief.nl/onderzoeken/archief/4.RGD/invnr/1589/file/
1589,Automatische telefooncentrales - Ontwerptekeningen,,Well,Gelderland,post & telegraaf,tekening,IA/IIA,,,1,51.755744,5.195919,plaats,https://www.nationaalarchief.nl/onderzoeken/archief/4.RGD/invnr/1589/file/
1589,Automatische telefooncentrales - Ontwerptekeningen,,Vierlingsbeek,Noord-Brabant,post & telegraaf,tekening,IA/IIA,,,1,51.592777,5.993264,plaats,https://www.nationaalarchief.nl/onderzoeken/archief/4.RGD/invnr/1589/file/
1589,Automatische telefooncentrales - Ontwerptekeningen,,Velden,Limburg,post & telegraaf,tekening,IA/IIA,,,1,51.420001,6.182456,plaats,https://www.nationaalarchief.nl/onderzoeken/archief/4.RGD/invnr/1589/file/
1589,Automatische telefooncentrales - Ontwerptekeningen,,Thorn,Limburg,post & telegraaf,tekening,IA/IIA,,,1,51.162804,5.849035,plaats,https://www.nationaalarchief.nl/onderzoeken/archief/4.RGD/invnr/1589/file/
1589,Automatische telefooncentrales - Ontwerptekeningen,,Vaals,Limburg,post & telegraaf,tekening,IA/IIA,,,1,50.774335,5.975847,plaats,https://www.nationaalarchief.nl/onderzoeken/archief/4.RGD/invnr/1589/file/
1589,Automatische telefooncentrales - Ontwerptekeningen,,Tegelen,Limburg,post & telegraaf,tekening,IA/IIA,,,1,51.336688,6.150671,plaats,https://www.nationaalarchief.nl/onderzoeken/archief/4.RGD/invnr/1589/file/
1589,Automatische telefooncentrales - Ontwerptekeningen,,Susteren,Limburg,post & telegraaf,tekening,IA/IIA,,,1,51.085042,5.908201,plaats,https://www.nationaalarchief.nl/onderzoeken/archief/4.RGD/invnr/1589/file/
1589,Automatische telefooncentrales - Ontwerptekeningen,,Stein-Urmond,Limburg,post & telegraaf,tekening,IA/IIA,,,1,51.000919,5.77473,plaats,https://www.nationaalarchief.nl/onderzoeken/archief/4.RGD/invnr/1589/file/
1589,Automatische telefooncentrales - Ontwerptekeningen,,Aalsmeer,Noord-Holland,post & telegraaf,tekening,IA/IIA,,,1,52.257697,4.755023,plaats,https://www.nationaalarchief.nl/onderzoeken/archief/4.RGD/invnr/1589/file/
1589,Automatische telefooncentrales - Ontwerptekeningen,,Aalten,Gelderland,post & telegraaf,tekening,IA/IIA,,,1,51.921742,6.560588,plaats,https://www.nationaalarchief.nl/onderzoeken/archief/4.RGD/invnr/1589/file/
1589,Automatische telefooncentrales - Ontwerptekeningen,,Abbenes,Noord-Holland,post & telegraaf,tekening,IA/IIA,,,1,52.229144,4.597013,plaats,https://www.nationaalarchief.nl/onderzoeken/archief/4.RGD/invnr/1589/file/
1589,Automatische telefooncentrales - Ontwerptekeningen,,Abcoude,Utrecht,post & telegraaf,tekening,IA/IIA,,,1,52.271405,4.972595,plaats,https://www.nationaalarchief.nl/onderzoeken/archief/4.RGD/invnr/1589/file/
1589,Automatische telefooncentrales - Ontwerptekeningen,,Acht,,post & telegraaf,tekening,IA/IIA,,,1,52.858463,6.304849,straat,https://www.nationaalarchief.nl/onderzoeken/archief/4.RGD/invnr/1589/file/
1589,Automatische telefooncentrales - Ontwerptekeningen,,Achttienhoven (Westbroek),Utrecht,post & telegraaf,tekening,IA/IIA,,,1,52.154436,5.130707,plaats,https://www.nationaalarchief.nl/onderzoeken/archief/4.RGD/invnr/1589/file/
1589,Automatische telefooncentrales - Ontwerptekeningen,,Alblasserdam,Zuid-Holland,post & telegraaf,tekening,IA/IIA,,,1,51.864654,4.665729,plaats,https://www.nationaalarchief.nl/onderzoeken/archief/4.RGD/invnr/1589/file/
1589,Automatische telefooncentrales - Ontwerptekeningen,,Almen,Gelderland,post & telegraaf,tekening,IA/IIA,,,1,52.162469,6.290128,plaats,https://www.nationaalarchief.nl/onderzoeken/archief/4.RGD/invnr/1589/file/
1589,Automatische telefooncentrales - Ontwerptekeningen,,Andijk,Noord-Holland,post & telegraaf,tekening,IA/IIA,,,1,52.751861,5.212451,plaats,https://www.nationaalarchief.nl/onderzoeken/archief/4.RGD/invnr/1589/file/
1589,Automatische telefooncentrales - Ontwerptekeningen,,Anjum,,post & telegraaf,tekening,IA/IIA,,,1,53.231705,5.616312,straat,https://www.nationaalarchief.nl/onderzoeken/archief/4.RGD/invnr/1589/file/
1589,Automatische telefooncentrales - Ontwerptekeningen,,Anna Paulowna,Noord-Holland,post & telegraaf,tekening,IA/IIA,,,1,52.860344,4.836187,plaats,https://www.nationaalarchief.nl/onderzoeken/archief/4.RGD/invnr/1589/file/
1589,Automatische telefooncentrales - Ontwerptekeningen,,Arum,Fryslân,post & telegraaf,tekening,IA/IIA,,,1,53.128454,5.487515,plaats,https://www.nationaalarchief.nl/onderzoeken/archief/4.RGD/invnr/1589/file/
1589,Automatische telefooncentrales - Ontwerptekeningen,,Assendelft,Noord-Holland,post & telegraaf,tekening,IA/IIA,,,1,52.465023,4.729855,plaats,https://www.nationaalarchief.nl/onderzoeken/archief/4.RGD/invnr/1589/file/
1589,Automatische telefooncentrales - Ontwerptekeningen,,Stroobos-Augustinusga,Fryslân,post & telegraaf,tekening,IA/IIA,,,1,53.232435,6.203867,plaats,https://www.nationaalarchief.nl/onderzoeken/archief/4.RGD/invnr/1589/file/
1589,Automatische telefooncentrales - Ontwerptekeningen,,Austerlitz (Zeist),Utrecht,post & telegraaf,tekening,IA/IIA,,,1,52.083791,5.312414,plaats,https://www.nationaalarchief.nl/onderzoeken/archief/4.RGD/invnr/1589/file/
1589,Automatische telefooncentrales - Ontwerptekeningen,,Baak,Gelderland,post & telegraaf,tekening,IA/IIA,,,1,52.071678,6.237969,plaats,https://www.nationaalarchief.nl/onderzoeken/archief/4.RGD/invnr/1589/file/
1589,Automatische telefooncentrales - Ontwerptekeningen,,Barchem (Laren),Gelderland,post & telegraaf,tekening,IA/IIA,,,1,52.122876,6.441855,plaats,https://www.nationaalarchief.nl/onderzoeken/archief/4.RGD/invnr/1589/file/
1589,Automatische telefooncentrales - Ontwerptekeningen,,Barendrecht,Zuid-Holland,post & telegraaf,tekening,IA/IIA,,,1,51.851066,4.525438,plaats,https://www.nationaalarchief.nl/onderzoeken/archief/4.RGD/invnr/1589/file/
1589,Automatische telefooncentrales - Ontwerptekeningen,,Barsingerhorn,Noord-Holland,post & telegraaf,tekening,IA/IIA,,,1,52.789558,4.851916,plaats,https://www.nationaalarchief.nl/onderzoeken/archief/4.RGD/invnr/1589/file/
1589,Automatische telefooncentrales - Ontwerptekeningen,,Bathmen,Overijssel,post & telegraaf,tekening,IA/IIA,,,1,52.248466,6.321636,plaats,https://www.nationaalarchief.nl/onderzoeken/archief/4.RGD/invnr/1589/file/
1589,Automatische telefooncentrales - Ontwerptekeningen,,Beek (Groesbeek),Limburg,post & telegraaf,tekening,IA/IIA,,,1,50.930864,5.809132,plaats,https://www.nationaalarchief.nl/onderzoeken/archief/4.RGD/invnr/1589/file/
1589,Automatische telefooncentrales - Ontwerptekeningen,,Beek (Didam),Limburg,post & telegraaf,tekening,IA/IIA,,,1,50.930864,5.809132,plaats,https://www.nationaalarchief.nl/onderzoeken/archief/4.RGD/invnr/1589/file/
1589,Automatische telefooncentrales - Ontwerptekeningen,,Beetgumermolen,,post & telegraaf,tekening,IA/IIA,,,1,53.238215,5.715776,plaats,https://www.nationaalarchief.nl/onderzoeken/archief/4.RGD/invnr/1589/file/
1589,Automatische telefooncentrales - Ontwerptekeningen,,Beltrum,Gelderland,post & telegraaf,tekening,IA/IIA,,,1,52.062045,6.560959,plaats,https://www.nationaalarchief.nl/onderzoeken/archief/4.RGD/invnr/1589/file/
1589,Automatische telefooncentrales - Ontwerptekeningen,,Bemmel,Gelderland,post & telegraaf,tekening,IA/IIA,,,1,51.89842,5.89898,plaats,https://www.nationaalarchief.nl/onderzoeken/archief/4.RGD/invnr/1589/file/
1589,Automatische telefooncentrales - Ontwerptekeningen,,Beneden-Leeuwen,Gelderland,post & telegraaf,tekening,IA/IIA,,,1,51.87325,5.51653,plaats,https://www.nationaalarchief.nl/onderzoeken/archief/4.RGD/invnr/1589/file/
1589,Automatische telefooncentrales - Ontwerptekeningen,,Benningbroek,Noord-Holland,post & telegraaf,tekening,IA/IIA,,,1,52.70469,5.035365,plaats,https://www.nationaalarchief.nl/onderzoeken/archief/4.RGD/invnr/1589/file/
1589,Automatische telefooncentrales - Ontwerptekeningen,,Bergambacht,Zuid-Holland,post & telegraaf,tekening,IA/IIA,,,1,51.938038,4.779864,plaats,https://www.nationaalarchief.nl/onderzoeken/archief/4.RGD/invnr/1589/file/
1589,Automatische telefooncentrales - Ontwerptekeningen,,Bergharen,Gelderland,post & telegraaf,tekening,IA/IIA,,,1,51.852469,5.656502,plaats,https://www.nationaalarchief.nl/onderzoeken/archief/4.RGD/invnr/1589/file/
1589,Automatische telefooncentrales - Ontwerptekeningen,,Bergschehoek,,post & telegraaf,tekening,IA/IIA,,,1,51.982167,4.511203,plaats,https://www.nationaalarchief.nl/onderzoeken/archief/4.RGD/invnr/1589/file/
1589,Automatische telefooncentrales - Ontwerptekeningen,,Bergum,,post & telegraaf,tekening,IA/IIA,,,1,53.199889,5.996183,plaats,https://www.nationaalarchief.nl/onderzoeken/archief/4.RGD/invnr/1589/file/
1589,Automatische telefooncentrales - Ontwerptekeningen,,Berkenwoude,Zuid-Holland,post & telegraaf,tekening,IA/IIA,,,1,51.952926,4.699473,plaats,https://www.nationaalarchief.nl/onderzoeken/archief/4.RGD/invnr/1589/file/
1589,Automatische telefooncentrales - Ontwerptekeningen,,Berkhout,Noord-Holland,post & telegraaf,tekening,IA/IIA,,,1,52.646626,4.996993,plaats,https://www.nationaalarchief.nl/onderzoeken/archief/4.RGD/invnr/1589/file/
1589,Automatische telefooncentrales - Ontwerptekeningen,,Beuningen-Weurt,Gelderland,post & telegraaf,tekening,IA/IIA,,,1,51.857154,5.806122,plaats,https://www.nationaalarchief.nl/onderzoeken/archief/4.RGD/invnr/1589/file/
1589,Automatische telefooncentrales - Ontwerptekeningen,,Beusichem,Gelderland,post & telegraaf,tekening,IA/IIA,,,1,51.948419,5.276992,plaats,https://www.nationaalarchief.nl/onderzoeken/archief/4.RGD/invnr/1589/file/
1589,Automatische telefooncentrales - Ontwerptekeningen,,Blesse-Steggerda,Fryslân,post & telegraaf,tekening,IA/IIA,,,1,52.845882,6.039745,plaats,https://www.nationaalarchief.nl/onderzoeken/archief/4.RGD/invnr/1589/file/
1589,Automatische telefooncentrales - Ontwerptekeningen,,Blokker,Noord-Holland,post & telegraaf,tekening,IA/IIA,,,1,52.661789,5.089417,plaats,https://www.nationaalarchief.nl/onderzoeken/archief/4.RGD/invnr/1589/file/
1589,Automatische telefooncentrales - Ontwerptekeningen,,Boijl,Fryslân,post & telegraaf,tekening,IA/IIA,,,1,52.914659,6.199768,plaats,https://www.nationaalarchief.nl/onderzoeken/archief/4.RGD/invnr/1589/file/
1589,Automatische telefooncentrales - Ontwerptekeningen,,Bolsward,Fryslân,post & telegraaf,tekening,IA/IIA,,,1,53.064094,5.524574,plaats,https://www.nationaalarchief.nl/onderzoeken/archief/4.RGD/invnr/1589/file/
1589,Automatische telefooncentrales - Ontwerptekeningen,,Borculo,Gelderland,post & telegraaf,tekening,IA/IIA,,,1,52.106129,6.513483,plaats,https://www.nationaalarchief.nl/onderzoeken/archief/4.RGD/invnr/1589/file/
1589,Automatische telefooncentrales - Ontwerptekeningen,,Bovenkarspel,Noord-Holland,post & telegraaf,tekening,IA/IIA,,,1,52.699474,5.247114,plaats,https://www.nationaalarchief.nl/onderzoeken/archief/4.RGD/invnr/1589/file/
1589,Automatische telefooncentrales - Ontwerptekeningen,,Bredevoort (Aalten),Gelderland,post & telegraaf,tekening,IA/IIA,,,1,51.943817,6.623977,plaats,https://www.nationaalarchief.nl/onderzoeken/archief/4.RGD/invnr/1589/file/
1589,Automatische telefooncentrales - Ontwerptekeningen,,Breezand,Noord-Holland,post & telegraaf,tekening,IA/IIA,,,1,52.890624,4.820403,plaats,https://www.nationaalarchief.nl/onderzoeken/archief/4.RGD/invnr/1589/file/
1589,Automatische telefooncentrales - Ontwerptekeningen,,Broek in Waterland,Noord-Holland,post & telegraaf,tekening,IA/IIA,,,1,52.438144,4.999684,plaats,https://www.nationaalarchief.nl/onderzoeken/archief/4.RGD/invnr/1589/file/
1589,Automatische telefooncentrales - Ontwerptekeningen,,Broek op Langendijk,Noord-Holland,post & telegraaf,tekening,IA/IIA,,,1,52.678053,4.803606,plaats,https://www.nationaalarchief.nl/onderzoeken/archief/4.RGD/invnr/1589/file/
1589,Automatische telefooncentrales - Ontwerptekeningen,,Bruchem,Gelderland,post & telegraaf,tekening,IA/IIA,,,1,51.784255,5.240381,plaats,https://www.nationaalarchief.nl/onderzoeken/archief/4.RGD/invnr/1589/file/
1589,Automatische telefooncentrales - Ontwerptekeningen,,Brummen,Gelderland,post & telegraaf,tekening,IA/IIA,,,1,52.108977,6.11851,plaats,https://www.nationaalarchief.nl/onderzoeken/archief/4.RGD/invnr/1589/file/
1589,Automatische telefooncentrales - Ontwerptekeningen,,Bunnik,Utrecht,post & telegraaf,tekening,IA/IIA,,,1,52.040916,5.216944,plaats,https://www.nationaalarchief.nl/onderzoeken/archief/4.RGD/invnr/1589/file/
1589,Automatische telefooncentrales - Ontwerptekeningen,,Buren,Gelderland,post & telegraaf,tekening,IA/IIA,,,1,51.938336,5.403627,plaats,https://www.nationaalarchief.nl/onderzoeken/archief/4.RGD/invnr/1589/file/
1589,Automatische telefooncentrales - Ontwerptekeningen,,Burgerbrug,Noord-Holland,post & telegraaf,tekening,IA/IIA,,,1,52.753096,4.695529,plaats,https://www.nationaalarchief.nl/onderzoeken/archief/4.RGD/invnr/1589/file/
1589,Automatische telefooncentrales - Ontwerptekeningen,,Callantsoog,Noord-Holland,post & telegraaf,tekening,IA/IIA,,,1,52.847708,4.710372,plaats,https://www.nationaalarchief.nl/onderzoeken/archief/4.RGD/invnr/1589/file/
1589,Automatische telefooncentrales - Ontwerptekeningen,,Castricum,Noord-Holland,post & telegraaf,tekening,IA/IIA,,,1,52.55669,4.675394,plaats,https://www.nationaalarchief.nl/onderzoeken/archief/4.RGD/invnr/1589/file/
1589,Automatische telefooncentrales - Ontwerptekeningen,,Colijnsplaat,Zeeland,post & telegraaf,tekening,IA/IIA,,,1,51.591122,3.827511,plaats,https://www.nationaalarchief.nl/onderzoeken/archief/4.RGD/invnr/1589/file/
1589,Automatische telefooncentrales - Ontwerptekeningen,,Daarlo,,post & telegraaf,tekening,IA/IIA,,,1,52.427722,6.537918,plaats,https://www.nationaalarchief.nl/onderzoeken/archief/4.RGD/invnr/1589/file/
1589,Automatische telefooncentrales - Ontwerptekeningen,,Dalfsen,Overijssel,post & telegraaf,tekening,IA/IIA,,,1,52.514728,6.276669,plaats,https://www.nationaalarchief.nl/onderzoeken/archief/4.RGD/invnr/1589/file/
1589,Automatische telefooncentrales - Ontwerptekeningen,,Deersum,,post & telegraaf,tekening,IA/IIA,,,1,53.14946,5.502673,straat,https://www.nationaalarchief.nl/onderzoeken/archief/4.RGD/invnr/1589/file/
1589,Automatische telefooncentrales - Ontwerptekeningen,,Deil,Gelderland,post & telegraaf,tekening,IA/IIA,,,1,51.875944,5.24055,plaats,https://www.nationaalarchief.nl/onderzoeken/archief/4.RGD/invnr/1589/file/
1589,Automatische telefooncentrales - Ontwerptekeningen,,Delden,Overijssel,post & telegraaf,tekening,IA/IIA,,,1,52.258746,6.705811,plaats,https://www.nationaalarchief.nl/onderzoeken/archief/4.RGD/invnr/1589/file/
1589,Automatische telefooncentrales - Ontwerptekeningen,,Denekamp,Overijssel,post & telegraaf,tekening,IA/IIA,,,1,52.388997,7.013107,plaats,https://www.nationaalarchief.nl/onderzoeken/archief/4.RGD/invnr/1589/file/
1589,Automatische telefooncentrales - Ontwerptekeningen,,Diepenveen,Overijssel,post & telegraaf,tekening,IA/IIA,,,1,52.294064,6.155982,plaats,https://www.nationaalarchief.nl/onderzoeken/archief/4.RGD/invnr/1589/file/
1589,Automatische telefooncentrales - Ontwerptekeningen,,Dinxperlo,Gelderland,post & telegraaf,tekening,IA/IIA,,,1,51.865111,6.486171,plaats,https://www.nationaalarchief.nl/onderzoeken/archief/4.RGD/invnr/1589/file/
1589,Automatische telefooncentrales - Ontwerptekeningen,,Dirkshorn,Noord-Holland,post & telegraaf,tekening,IA/IIA,,,1,52.746904,4.791919,plaats,https://www.nationaalarchief.nl/onderzoeken/archief/4.RGD/invnr/1589/file/
1589,Automatische telefooncentrales - Ontwerptekeningen,,Dodewaard,Gelderland,post & telegraaf,tekening,IA/IIA,,,1,51.911193,5.662936,plaats,https://www.nationaalarchief.nl/onderzoeken/archief/4.RGD/invnr/1589/file/
1589,Automatische telefooncentrales - Ontwerptekeningen,,Domburg,Zeeland,post & telegraaf,tekening,IA/IIA,,,1,51.560564,3.49315,plaats,https://www.nationaalarchief.nl/onderzoeken/archief/4.RGD/invnr/1589/file/
1589,Automatische telefooncentrales - Ontwerptekeningen,,Doornspijk,Gelderland,post & telegraaf,tekening,IA/IIA,,,1,52.409493,5.815379,plaats,https://www.nationaalarchief.nl/onderzoeken/archief/4.RGD/invnr/1589/file/
1589,Automatische telefooncentrales - Ontwerptekeningen,,Dreumel,Gelderland,post & telegraaf,tekening,IA/IIA,,,1,51.847046,5.439108,plaats,https://www.nationaalarchief.nl/onderzoeken/archief/4.RGD/invnr/1589/file/
1589,Automatische telefooncentrales - Ontwerptekeningen,,Driebergen,Utrecht,post & telegraaf,tekening,IA/IIA,,,1,52.049892,5.286245,plaats,https://www.nationaalarchief.nl/onderzoeken/archief/4.RGD/invnr/1589/file/
1589,Automatische telefooncentrales - Ontwerptekeningen,,Drogeham,Fryslân,post & telegraaf,tekening,IA/IIA,,,1,53.204359,6.115947,plaats,https://www.nationaalarchief.nl/onderzoeken/archief/4.RGD/invnr/1589/file/
1589,Automatische telefooncentrales - Ontwerptekeningen,,Dronrijp,Fryslân,post & telegraaf,tekening,IA/IIA,,,1,53.186336,5.646619,plaats,https://www.nationaalarchief.nl/onderzoeken/archief/4.RGD/invnr/1589/file/
1589,Automatische telefooncentrales - Ontwerptekeningen,,Duiven,Gelderland,post & telegraaf,tekening,IA/IIA,,,1,51.946548,6.018171,plaats,https://www.nationaalarchief.nl/onderzoeken/archief/4.RGD/invnr/1589/file/
1589,Automatische telefooncentrales - Ontwerptekeningen,,Echt,Limburg,post & telegraaf,tekening,IA/IIA,,,1,51.085042,5.908201,plaats,https://www.nationaalarchief.nl/onderzoeken/archief/4.RGD/invnr/1589/file/
1589,Automatische telefooncentrales - Ontwerptekeningen,,Echten,Drenthe,post & telegraaf,tekening,IA/IIA,,,1,52.716947,6.388675,plaats,https://www.nationaalarchief.nl/onderzoeken/archief/4.RGD/invnr/1589/file/
1589,Automatische telefooncentrales - Ontwerptekeningen,,Ederveen (Ede),Gelderland,post & telegraaf,tekening,IA/IIA,,,1,52.058813,5.583384,plaats,https://www.nationaalarchief.nl/onderzoeken/archief/4.RGD/invnr/1589/file/
1589,Automatische telefooncentrales - Ontwerptekeningen,,Ee,Fryslân,post & telegraaf,tekening,IA/IIA,,,1,53.10276,6.003737,plaats,https://www.nationaalarchief.nl/onderzoeken/archief/4.RGD/invnr/1589/file/
1589,Automatische telefooncentrales - Ontwerptekeningen,,Eerbeek,Gelderland,post & telegraaf,tekening,IA/IIA,,,1,52.094975,6.051308,plaats,https://www.nationaalarchief.nl/onderzoeken/archief/4.RGD/invnr/1589/file/
1589,Automatische telefooncentrales - Ontwerptekeningen,,Egmond a/d Hoef,Noord-Holland,post & telegraaf,tekening,IA/IIA,,,1,52.628399,4.662512,plaats,https://www.nationaalarchief.nl/onderzoeken/archief/4.RGD/invnr/1589/file/
1589,Automatische telefooncentrales - Ontwerptekeningen,,Eibergen,Gelderland,post & telegraaf,tekening,IA/IIA,,,1,52.091968,6.6487,plaats,https://www.nationaalarchief.nl/onderzoeken/archief/4.RGD/invnr/1589/file/
1589,Automatische telefooncentrales - Ontwerptekeningen,,Eijgelshoven,Limburg,post & telegraaf,tekening,IA/IIA,,,1,50.896279,6.063522,plaats,https://www.nationaalarchief.nl/onderzoeken/archief/4.RGD/invnr/1589/file/
1589,Automatische telefooncentrales - Ontwerptekeningen,,Eijsden,Limburg,post & telegraaf,tekening,IA/IIA,,,1,50.801062,5.773687,plaats,https://www.nationaalarchief.nl/onderzoeken/archief/4.RGD/invnr/1589/file/
1589,Automatische telefooncentrales - Ontwerptekeningen,,Ellewoutsdijk,Zeeland,post & telegraaf,tekening,IA/IIA,,,1,51.382904,3.818072,plaats,https://www.nationaalarchief.nl/onderzoeken/archief/4.RGD/invnr/1589/file/
1589,Automatische telefooncentrales - Ontwerptekeningen,,Elst (Betuwe),Gelderland,post & telegraaf,tekening,IA/IIA,,,1,51.915884,5.586867,plaats,https://www.nationaalarchief.nl/onderzoeken/archief/4.RGD/invnr/1589/file/
1589,Automatische telefooncentrales - Ontwerptekeningen,,Elst (Rhenen),Utrecht,post & telegraaf,tekening,IA/IIA,,,1,51.992496,5.511896,plaats,https://www.nationaalarchief.nl/onderzoeken/archief/4.RGD/invnr/1589/file/
1589,Automatische telefooncentrales - Ontwerptekeningen,,Emst (Epe),Gelderland,post & telegraaf,tekening,IA/IIA,,,1,52.317597,5.946224,plaats,https://www.nationaalarchief.nl/onderzoeken/archief/4.RGD/invnr/1589/file/
1589,Automatische telefooncentrales - Ontwerptekeningen,,Epen-Mechelen,Limburg,post & telegraaf,tekening,IA/IIA,,,1,50.766054,5.908219,plaats,https://www.nationaalarchief.nl/onderzoeken/archief/4.RGD/invnr/1589/file/
1589,Automatische telefooncentrales - Ontwerptekeningen,,Erlecom (Ubbergen),Gelderland,post & telegraaf,tekening,IA/IIA,,,1,51.846637,5.959546,plaats,https://www.nationaalarchief.nl/onderzoeken/archief/4.RGD/invnr/1589/file/
1589,Automatische telefooncentrales - Ontwerptekeningen,,Ermelo-Veldwijk,Gelderland,post & telegraaf,tekening,IA/IIA,,,1,52.288248,5.666164,plaats,https://www.nationaalarchief.nl/onderzoeken/archief/4.RGD/invnr/1589/file/
1589,Automatische telefooncentrales - Ontwerptekeningen,,Ewijk,Gelderland,post & telegraaf,tekening,IA/IIA,,,1,51.861695,5.726315,plaats,https://www.nationaalarchief.nl/onderzoeken/archief/4.RGD/invnr/1589/file/
1589,Automatische telefooncentrales - Ontwerptekeningen,,Ferwerd-Marrum,Fryslân,post & telegraaf,tekening,IA/IIA,,,1,53.340339,5.757579,plaats,https://www.nationaalarchief.nl/onderzoeken/archief/4.RGD/invnr/1589/file/
1589,Automatische telefooncentrales - Ontwerptekeningen,,Gameren,Gelderland,post & telegraaf,tekening,IA/IIA,,,1,51.799094,5.195156,plaats,https://www.nationaalarchief.nl/onderzoeken/archief/4.RGD/invnr/1589/file/
1589,Automatische telefooncentrales - Ontwerptekeningen,,Garderen,Gelderland,post & telegraaf,tekening,IA/IIA,,,1,52.224008,5.70173,plaats,https://www.nationaalarchief.nl/onderzoeken/archief/4.RGD/invnr/1589/file/
1589,Automatische telefooncentrales - Ontwerptekeningen,,Garijp-Eernewoude,Fryslân,post & telegraaf,tekening,IA/IIA,,,1,53.161707,5.964932,plaats,https://www.nationaalarchief.nl/onderzoeken/archief/4.RGD/invnr/1589/file/
1589,Automatische telefooncentrales - Ontwerptekeningen,,Geesteren,Gelderland,post & telegraaf,tekening,IA/IIA,,,2,52.139827,6.517784,plaats,https://www.nationaalarchief.nl/onderzoeken/archief/4.RGD/invnr/1589/file/
1589,Automatische telefooncentrales - Ontwerptekeningen,,Gelderingen,,post & telegraaf,tekening,IA/IIA,,,1,52.801116,6.05752,straat,https://www.nationaalarchief.nl/onderzoeken/archief/4.RGD/invnr/1589/file/
1589,Automatische telefooncentrales - Ontwerptekeningen,,Gent,Zeeland,post & telegraaf,tekening,IA/IIA,,,1,51.256806,3.804165,plaats,https://www.nationaalarchief.nl/onderzoeken/archief/4.RGD/invnr/1589/file/
1589,Automatische telefooncentrales - Ontwerptekeningen,,Giekerk-Oenkerk,,post & telegraaf,tekening,IA/IIA,,,1,53.240113,5.883822,plaats,https://www.nationaalarchief.nl/onderzoeken/archief/4.RGD/invnr/1589/file/
1589,Automatische telefooncentrales - Ontwerptekeningen,,Giesbeek,Gelderland,post & telegraaf,tekening,IA/IIA,,,1,51.992591,6.073081,plaats,https://www.nationaalarchief.nl/onderzoeken/archief/4.RGD/invnr/1589/file/
1589,Automatische telefooncentrales - Ontwerptekeningen,,Giethoorn,Overijssel,post & telegraaf,tekening,IA/IIA,,,1,52.735287,6.059187,plaats,https://www.nationaalarchief.nl/onderzoeken/archief/4.RGD/invnr/1589/file/
1589,Automatische telefooncentrales - Ontwerptekeningen,,Goederede-Stellendam,Zuid-Holland,post & telegraaf,tekening,IA/IIA,,,1,51.800623,4.034644,plaats,https://www.nationaalarchief.nl/onderzoeken/archief/4.RGD/invnr/1589/file/
1589,Automatische telefooncentrales - Ontwerptekeningen,,Gorredijk,Fryslân,post & telegraaf,tekening,IA/IIA,,,1,52.994925,6.064708,plaats,https://www.nationaalarchief.nl/onderzoeken/archief/4.RGD/invnr/1589/file/
1589,Automatische telefooncentrales - Ontwerptekeningen,,Gorssel,Gelderland,post & telegraaf,tekening,IA/IIA,,,1,52.195647,6.197009,plaats,https://www.nationaalarchief.nl/onderzoeken/archief/4.RGD/invnr/1589/file/
1589,Automatische telefooncentrales - Ontwerptekeningen,,s-Gravendeel,Zuid-Holland,post & telegraaf,tekening,IA/IIA,,,1,51.770642,4.605388,plaats,https://www.nationaalarchief.nl/onderzoeken/archief/4.RGD/invnr/1589/file/
1589,Automatische telefooncentrales - Ontwerptekeningen,,s-Gravenpolder,Zeeland,post & telegraaf,tekening,IA/IIA,,,1,51.456702,3.90355,plaats,https://www.nationaalarchief.nl/onderzoeken/archief/4.RGD/invnr/1589/file/
1589,Automatische telefooncentrales - Ontwerptekeningen,,Gronsveld,Limburg,post & telegraaf,tekening,IA/IIA,,,1,50.806668,5.731305,plaats,https://www.nationaalarchief.nl/onderzoeken/archief/4.RGD/invnr/1589/file/
1589,Automatische telefooncentrales - Ontwerptekeningen,,Groote-IJpolder,,post & telegraaf,tekening,IA/IIA,,,1,52.146049,6.193186,straat,https://www.nationaalarchief.nl/onderzoeken/archief/4.RGD/invnr/1589/file/
1589,Automatische telefooncentrales - Ontwerptekeningen,,Haarlo,Gelderland,post & telegraaf,tekening,IA/IIA,,,1,52.107732,6.570578,plaats,https://www.nationaalarchief.nl/onderzoeken/archief/4.RGD/invnr/1589/file/
1589,Automatische telefooncentrales - Ontwerptekeningen,,Haastrecht,Zuid-Holland,post & telegraaf,tekening,IA/IIA,,,1,52.003625,4.791445,plaats,https://www.nationaalarchief.nl/onderzoeken/archief/4.RGD/invnr/1589/file/
1589,Automatische telefooncentrales - Ontwerptekeningen,,Hagestein,Utrecht,post & telegraaf,tekening,IA/IIA,,,1,51.978257,5.128183,plaats,https://www.nationaalarchief.nl/onderzoeken/archief/4.RGD/invnr/1589/file/
1589,Automatische telefooncentrales - Ontwerptekeningen,,Halfweg,Noord-Holland,post & telegraaf,tekening,IA/IIA,,,1,52.394204,4.729796,plaats,https://www.nationaalarchief.nl/onderzoeken/archief/4.RGD/invnr/1589/file/
1589,Automatische telefooncentrales - Ontwerptekeningen,,Halle (Zelhem),Gelderland,post & telegraaf,tekening,IA/IIA,,,1,51.99995,6.429273,plaats,https://www.nationaalarchief.nl/onderzoeken/archief/4.RGD/invnr/1589/file/
1589,Automatische telefooncentrales - Ontwerptekeningen,,Hallum,Fryslân,post & telegraaf,tekening,IA/IIA,,,1,53.300369,5.787795,plaats,https://www.nationaalarchief.nl/onderzoeken/archief/4.RGD/invnr/1589/file/
1589,Automatische telefooncentrales - Ontwerptekeningen,,Harfsen,Gelderland,post & telegraaf,tekening,IA/IIA,,,1,52.195715,6.290848,plaats,https://www.nationaalarchief.nl/onderzoeken/archief/4.RGD/invnr/1589/file/
1589,Automatische telefooncentrales - Ontwerptekeningen,,Hamersveld,,post & telegraaf,tekening,IA/IIA,,,1,52.95623,6.545717,straat,https://www.nationaalarchief.nl/onderzoeken/archief/4.RGD/invnr/1589/file/
1589,Automatische telefooncentrales - Ontwerptekeningen,,Harskamp,Gelderland,post & telegraaf,tekening,IA/IIA,,,1,52.133854,5.777005,plaats,https://www.nationaalarchief.nl/onderzoeken/archief/4.RGD/invnr/1589/file/
1589,Automatische telefooncentrales - Ontwerptekeningen,,Hasselt,Overijssel,post & telegraaf,tekening,IA/IIA,,,1,52.580169,6.105869,plaats,https://www.nationaalarchief.nl/onderzoeken/archief/4.RGD/invnr/1589/file/
1589,Automatische telefooncentrales - Ontwerptekeningen,,Hattum,,post & telegraaf,tekening,IA/IIA,,,1,52.47478,6.053263,plaats,https://www.nationaalarchief.nl/onderzoeken/archief/4.RGD/invnr/1589/file/
1589,Automatische telefooncentrales - Ontwerptekeningen,,Havelte,Drenthe,post & telegraaf,tekening,IA/IIA,,,1,52.764975,6.235258,plaats,https://www.nationaalarchief.nl/onderzoeken/archief/4.RGD/invnr/1589/file/
1589,Automatische telefooncentrales - Ontwerptekeningen,,Heeg,Fryslân,post & telegraaf,tekening,IA/IIA,,,1,52.972133,5.592195,plaats,https://www.nationaalarchief.nl/onderzoeken/archief/4.RGD/invnr/1589/file/
1589,Automatische telefooncentrales - Ontwerptekeningen,,Heel (Roermond),Limburg,post & telegraaf,tekening,IA/IIA,,,1,51.185424,5.886522,plaats,https://www.nationaalarchief.nl/onderzoeken/archief/4.RGD/invnr/1589/file/
1589,Automatische telefooncentrales - Ontwerptekeningen,,Heemskerk,Noord-Holland,post & telegraaf,tekening,IA/IIA,,,1,52.512493,4.640449,plaats,https://www.nationaalarchief.nl/onderzoeken/archief/4.RGD/invnr/1589/file/
1589,Automatische telefooncentrales - Ontwerptekeningen,,s-Heer Arendskerke,Zeeland,post & telegraaf,tekening,IA/IIA,,,1,51.500139,3.792496,plaats,https://www.nationaalarchief.nl/onderzoeken/archief/4.RGD/invnr/1589/file/
1589,Automatische telefooncentrales - Ontwerptekeningen,,Heerde,Gelderland,post & telegraaf,tekening,IA/IIA,,,1,52.406058,6.05033,plaats,https://www.nationaalarchief.nl/onderzoeken/archief/4.RGD/invnr/1589/file/
1589,Automatische telefooncentrales - Ontwerptekeningen,,s-Heerenberg,Gelderland,post & telegraaf,tekening,IA/IIA,,,1,51.878867,6.252296,plaats,https://www.nationaalarchief.nl/onderzoeken/archief/4.RGD/invnr/1589/file/
1589,Automatische telefooncentrales - Ontwerptekeningen,,Heerhugowaard,Noord-Holland,post & telegraaf,tekening,IA/IIA,,,1,52.676006,4.844586,plaats,https://www.nationaalarchief.nl/onderzoeken/archief/4.RGD/invnr/1589/file/
1589,Automatische telefooncentrales - Ontwerptekeningen,,Heino,Overijssel,post & telegraaf,tekening,IA/IIA,,,1,52.443091,6.24575,plaats,https://www.nationaalarchief.nl/onderzoeken/archief/4.RGD/invnr/1589/file/
1589,Automatische telefooncentrales - Ontwerptekeningen,,Hengelo,Overijssel,post & telegraaf,tekening,IA/IIA,,,1,52.254906,6.778194,plaats,https://www.nationaalarchief.nl/onderzoeken/archief/4.RGD/invnr/1589/file/
1589,Automatische telefooncentrales - Ontwerptekeningen,,Heerenbroek,Overijssel,post & telegraaf,tekening,IA/IIA,,,1,52.535851,6.009733,plaats,https://www.nationaalarchief.nl/onderzoeken/archief/4.RGD/invnr/1589/file/
1589,Automatische telefooncentrales - Ontwerptekeningen,,Heerjansdam,Zuid-Holland,post & telegraaf,tekening,IA/IIA,,,1,51.830357,4.573441,plaats,https://www.nationaalarchief.nl/onderzoeken/archief/4.RGD/invnr/1589/file/
1589,Automatische telefooncentrales - Ontwerptekeningen,,Hendrik-Ido-Ambacht,Zuid-Holland,post & telegraaf,tekening,IA/IIA,,,1,51.841795,4.63879,plaats,https://www.nationaalarchief.nl/onderzoeken/archief/4.RGD/invnr/1589/file/
1589,Automatische telefooncentrales - Ontwerptekeningen,,Herkingen,Zuid-Holland,post & telegraaf,tekening,IA/IIA,,,1,51.70981,4.079606,plaats,https://www.nationaalarchief.nl/onderzoeken/archief/4.RGD/invnr/1589/file/
1589,Automatische telefooncentrales - Ontwerptekeningen,,Herwijnen,Gelderland,post & telegraaf,tekening,IA/IIA,,,1,51.843611,5.12458,plaats,https://www.nationaalarchief.nl/onderzoeken/archief/4.RGD/invnr/1589/file/
1589,Automatische telefooncentrales - Ontwerptekeningen,,Hoedekenskerke-Baarland,Zeeland,post & telegraaf,tekening,IA/IIA,,,1,51.426072,3.924914,plaats,https://www.nationaalarchief.nl/onderzoeken/archief/4.RGD/invnr/1589/file/
1589,Automatische telefooncentrales - Ontwerptekeningen,,de Hoef,Utrecht,post & telegraaf,tekening,IA/IIA,,,1,52.212805,4.814736,plaats,https://www.nationaalarchief.nl/onderzoeken/archief/4.RGD/invnr/1589/file/
1589,Automatische telefooncentrales - Ontwerptekeningen,,Hoek van Holland,Zuid-Holland,post & telegraaf,tekening,IA/IIA,,,1,51.979831,4.123466,plaats,https://www.nationaalarchief.nl/onderzoeken/archief/4.RGD/invnr/1589/file/
1589,Automatische telefooncentrales - Ontwerptekeningen,,Hoenderloo,Gelderland,post & telegraaf,tekening,IA/IIA,,,1,52.125503,5.908576,plaats,https://www.nationaalarchief.nl/onderzoeken/archief/4.RGD/invnr/1589/file/
1589,Automatische telefooncentrales - Ontwerptekeningen,,Holl van Rading,Utrecht,post & telegraaf,tekening,IA/IIA,,,1,52.177025,5.1723,plaats,https://www.nationaalarchief.nl/onderzoeken/archief/4.RGD/invnr/1589/file/
1589,Automatische telefooncentrales - Ontwerptekeningen,,Hoogkarspel,Noord-Holland,post & telegraaf,tekening,IA/IIA,,,1,52.689695,5.176878,plaats,https://www.nationaalarchief.nl/onderzoeken/archief/4.RGD/invnr/1589/file/
1589,Automatische telefooncentrales - Ontwerptekeningen,,Hoogland,Utrecht,post & telegraaf,tekening,IA/IIA,,,1,52.192187,5.349755,plaats,https://www.nationaalarchief.nl/onderzoeken/archief/4.RGD/invnr/1589/file/
1589,Automatische telefooncentrales - Ontwerptekeningen,,Hoog-Soeren,Gelderland,post & telegraaf,tekening,IA/IIA,,,1,52.212228,5.862399,plaats,https://www.nationaalarchief.nl/onderzoeken/archief/4.RGD/invnr/1589/file/
1589,Automatische telefooncentrales - Ontwerptekeningen,,Horssen,Gelderland,post & telegraaf,tekening,IA/IIA,,,1,51.853785,5.609374,plaats,https://www.nationaalarchief.nl/onderzoeken/archief/4.RGD/invnr/1589/file/
1589,Automatische telefooncentrales - Ontwerptekeningen,,Houten,Utrecht,post & telegraaf,tekening,IA/IIA,,,1,52.004095,5.181715,plaats,https://www.nationaalarchief.nl/onderzoeken/archief/4.RGD/invnr/1589/file/
1589,Automatische telefooncentrales - Ontwerptekeningen,,Huis ter Heide,Drenthe,post & telegraaf,tekening,IA/IIA,,,1,53.017641,6.477213,plaats,https://www.nationaalarchief.nl/onderzoeken/archief/4.RGD/invnr/1589/file/
1589,Automatische telefooncentrales - Ontwerptekeningen,,IJlst,Fryslân,post & telegraaf,tekening,IA/IIA,,,1,53.008749,5.62746,plaats,https://www.nationaalarchief.nl/onderzoeken/archief/4.RGD/invnr/1589/file/
1589,Automatische telefooncentrales - Ontwerptekeningen,,IJsselstein,Utrecht,post & telegraaf,tekening,IA/IIA,,,1,52.027712,5.028791,plaats,https://www.nationaalarchief.nl/onderzoeken/archief/4.RGD/invnr/1589/file/
1589,Automatische telefooncentrales - Ontwerptekeningen,,IJzendoorn,Gelderland,post & telegraaf,tekening,IA/IIA,,,1,51.908134,5.530178,plaats,https://www.nationaalarchief.nl/onderzoeken/archief/4.RGD/invnr/1589/file/
1589,Automatische telefooncentrales - Ontwerptekeningen,,Ilpendam,Noord-Holland,post & telegraaf,tekening,IA/IIA,,,1,52.464386,4.962836,plaats,https://www.nationaalarchief.nl/onderzoeken/archief/4.RGD/invnr/1589/file/
1589,Automatische telefooncentrales - Ontwerptekeningen,,Jaarsveld-Lopik,Utrecht,post & telegraaf,tekening,IA/IIA,,,1,51.971067,4.975689,plaats,https://www.nationaalarchief.nl/onderzoeken/archief/4.RGD/invnr/1589/file/
1589,Automatische telefooncentrales - Ontwerptekeningen,,Jorwerd-Weidum,Fryslân,post & telegraaf,tekening,IA/IIA,,,1,53.144185,5.745449,plaats,https://www.nationaalarchief.nl/onderzoeken/archief/4.RGD/invnr/1589/file/
1589,Automatische telefooncentrales - Ontwerptekeningen,,Julianadorp,Noord-Holland,post & telegraaf,tekening,IA/IIA,,,1,52.898261,4.744748,plaats,https://www.nationaalarchief.nl/onderzoeken/archief/4.RGD/invnr/1589/file/
1589,Automatische telefooncentrales - Ontwerptekeningen,,Kamperland-Wissekerke,Zeeland,post & telegraaf,tekening,IA/IIA,,,1,51.571636,3.700786,plaats,https://www.nationaalarchief.nl/onderzoeken/archief/4.RGD/invnr/1589/file/
1589,Automatische telefooncentrales - Ontwerptekeningen,,Kapelle,Zeeland,post & telegraaf,tekening,IA/IIA,,,1,51.49498,3.970451,plaats,https://www.nationaalarchief.nl/onderzoeken/archief/4.RGD/invnr/1589/file/
1589,Automatische telefooncentrales - Ontwerptekeningen,,Kats,Zeeland,post & telegraaf,tekening,IA/IIA,,,1,51.569615,3.89697,plaats,https://www.nationaalarchief.nl/onderzoeken/archief/4.RGD/invnr/1589/file/
1589,Automatische telefooncentrales - Ontwerptekeningen,,Kerkdriel,Gelderland,post & telegraaf,tekening,IA/IIA,,,1,51.773408,5.330648,plaats,https://www.nationaalarchief.nl/onderzoeken/archief/4.RGD/invnr/1589/file/
1589,Automatische telefooncentrales - Ontwerptekeningen,,Kesteren,Gelderland,post & telegraaf,tekening,IA/IIA,,,1,51.934133,5.573433,plaats,https://www.nationaalarchief.nl/onderzoeken/archief/4.RGD/invnr/1589/file/
1589,Automatische telefooncentrales - Ontwerptekeningen,,Kilder,Gelderland,post & telegraaf,tekening,IA/IIA,,,1,51.93303,6.235764,plaats,https://www.nationaalarchief.nl/onderzoeken/archief/4.RGD/invnr/1589/file/
1589,Automatische telefooncentrales - Ontwerptekeningen,,Klarenbeek,Gelderland,post & telegraaf,tekening,IA/IIA,,,1,52.171147,6.032614,plaats,https://www.nationaalarchief.nl/onderzoeken/archief/4.RGD/invnr/1589/file/
1589,Automatische telefooncentrales - Ontwerptekeningen,,Knijpe-Langezwaag,Fryslân,post & telegraaf,tekening,IA/IIA,,,1,52.987148,6.00747,plaats,https://www.nationaalarchief.nl/onderzoeken/archief/4.RGD/invnr/1589/file/
1589,Automatische telefooncentrales - Ontwerptekeningen,,Koedijk (Bergen NH),Noord-Holland,post & telegraaf,tekening,IA/IIA,,,1,52.663174,4.661387,plaats,https://www.nationaalarchief.nl/onderzoeken/archief/4.RGD/invnr/1589/file/
1589,Automatische telefooncentrales - Ontwerptekeningen,,Kollum-Oudwoude,Fryslân,post & telegraaf,tekening,IA/IIA,,,1,53.285583,6.154442,plaats,https://www.nationaalarchief.nl/onderzoeken/archief/4.RGD/invnr/1589/file/
1589,Automatische telefooncentrales - Ontwerptekeningen,,Kollumerpomp,Fryslân,post & telegraaf,tekening,IA/IIA,,,1,53.320362,6.191183,plaats,https://www.nationaalarchief.nl/onderzoeken/archief/4.RGD/invnr/1589/file/
1589,Automatische telefooncentrales - Ontwerptekeningen,,Koningsbosch (Roermond),Limburg,post & telegraaf,tekening,IA/IIA,,,1,51.060524,5.946246,plaats,https://www.nationaalarchief.nl/onderzoeken/archief/4.RGD/invnr/1589/file/
1589,Automatische telefooncentrales - Ontwerptekeningen,,Kortgene,Zeeland,post & telegraaf,tekening,IA/IIA,,,1,51.561743,3.810897,plaats,https://www.nationaalarchief.nl/onderzoeken/archief/4.RGD/invnr/1589/file/
1589,Automatische telefooncentrales - Ontwerptekeningen,,Kotten (Winterswijk),Gelderland,post & telegraaf,tekening,IA/IIA,,,1,51.938832,6.771557,plaats,https://www.nationaalarchief.nl/onderzoeken/archief/4.RGD/invnr/1589/file/
1589,Automatische telefooncentrales - Ontwerptekeningen,,Koudekerk a/d Rijn,Zuid-Holland,post & telegraaf,tekening,IA/IIA,,,1,52.1421,4.595436,plaats,https://www.nationaalarchief.nl/onderzoeken/archief/4.RGD/invnr/1589/file/
1589,Automatische telefooncentrales - Ontwerptekeningen,,Koudekerke,Zeeland,post & telegraaf,tekening,IA/IIA,,,1,51.481553,3.551451,plaats,https://www.nationaalarchief.nl/onderzoeken/archief/4.RGD/invnr/1589/file/
1589,Automatische telefooncentrales - Ontwerptekeningen,,Krimpen a/d IJssel,Zuid-Holland,post & telegraaf,tekening,IA/IIA,,,1,51.914697,4.602102,plaats,https://www.nationaalarchief.nl/onderzoeken/archief/4.RGD/invnr/1589/file/
1589,Automatische telefooncentrales - Ontwerptekeningen,,Kwadendammen-Nisse,Zeeland,post & telegraaf,tekening,IA/IIA,,,1,51.448381,3.851292,plaats,https://www.nationaalarchief.nl/onderzoeken/archief/4.RGD/invnr/1589/file/
1589,Automatische telefooncentrales - Ontwerptekeningen,,Laag-Keppel,Gelderland,post & telegraaf,tekening,IA/IIA,,,1,51.989113,6.196589,plaats,https://www.nationaalarchief.nl/onderzoeken/archief/4.RGD/invnr/1589/file/
1589,Automatische telefooncentrales - Ontwerptekeningen,,Laag Soeren,Gelderland,post & telegraaf,tekening,IA/IIA,,,1,52.070588,6.054103,plaats,https://www.nationaalarchief.nl/onderzoeken/archief/4.RGD/invnr/1589/file/
1589,Automatische telefooncentrales - Ontwerptekeningen,,Laag-Zuthem,Overijssel,post & telegraaf,tekening,IA/IIA,,,1,52.45923,6.181818,plaats,https://www.nationaalarchief.nl/onderzoeken/archief/4.RGD/invnr/1589/file/
1589,Automatische telefooncentrales - Ontwerptekeningen,,Lage Vuursche,Utrecht,post & telegraaf,tekening,IA/IIA,,,1,52.185989,5.225185,plaats,https://www.nationaalarchief.nl/onderzoeken/archief/4.RGD/invnr/1589/file/
1589,Automatische telefooncentrales - Ontwerptekeningen,,Landsmeer,Noord-Holland,post & telegraaf,tekening,IA/IIA,,,2,52.450583,4.924556,plaats,https://www.nationaalarchief.nl/onderzoeken/archief/4.RGD/invnr/1589/file/
1589,Automatische telefooncentrales - Ontwerptekeningen,,Laren (Gelderland),Gelderland,post & telegraaf,tekening,IA/IIA,,,1,52.202637,6.382082,plaats,https://www.nationaalarchief.nl/onderzoeken/archief/4.RGD/invnr/1589/file/
1589,Automatische telefooncentrales - Ontwerptekeningen,,Leidschendam,Zuid-Holland,post & telegraaf,tekening,IA/IIA,,,1,52.09033,4.422293,plaats,https://www.nationaalarchief.nl/onderzoeken/archief/4.RGD/invnr/1589/file/
1589,Automatische telefooncentrales - Ontwerptekeningen,,Lekkerkerk,Zuid-Holland,post & telegraaf,tekening,IA/IIA,,,1,51.910732,4.694997,plaats,https://www.nationaalarchief.nl/onderzoeken/archief/4.RGD/invnr/1589/file/
1589,Automatische telefooncentrales - Ontwerptekeningen,,Lemele,Overijssel,post & telegraaf,tekening,IA/IIA,,,1,52.457744,6.413705,plaats,https://www.nationaalarchief.nl/onderzoeken/archief/4.RGD/invnr/1589/file/
1589,Automatische telefooncentrales - Ontwerptekeningen,,Lexmond,Utrecht,post & telegraaf,tekening,IA/IIA,,,1,51.953369,5.019313,plaats,https://www.nationaalarchief.nl/onderzoeken/archief/4.RGD/invnr/1589/file/
1589,Automatische telefooncentrales - Ontwerptekeningen,,Lichtenvoorde,Gelderland,post & telegraaf,tekening,IA/IIA,,,1,51.989763,6.565299,plaats,https://www.nationaalarchief.nl/onderzoeken/archief/4.RGD/invnr/1589/file/
1589,Automatische telefooncentrales - Ontwerptekeningen,,Lienden (Ommeren),Gelderland,post & telegraaf,tekening,IA/IIA,,,1,51.935808,5.477137,plaats,https://www.nationaalarchief.nl/onderzoeken/archief/4.RGD/invnr/1589/file/
1589,Automatische telefooncentrales - Ontwerptekeningen,,de Lier,Zuid-Holland,post & telegraaf,tekening,IA/IIA,,,1,51.974738,4.255807,plaats,https://www.nationaalarchief.nl/onderzoeken/archief/4.RGD/invnr/1589/file/
1589,Automatische telefooncentrales - Ontwerptekeningen,,Lijnden,Noord-Holland,post & telegraaf,tekening,IA/IIA,,,1,52.34442,4.743656,plaats,https://www.nationaalarchief.nl/onderzoeken/archief/4.RGD/invnr/1589/file/
1589,Automatische telefooncentrales - Ontwerptekeningen,,Limmen,Noord-Holland,post & telegraaf,tekening,IA/IIA,,,1,52.565594,4.69765,plaats,https://www.nationaalarchief.nl/onderzoeken/archief/4.RGD/invnr/1589/file/
1589,Automatische telefooncentrales - Ontwerptekeningen,,Lobith,Gelderland,post & telegraaf,tekening,IA/IIA,,,1,51.865564,6.12512,plaats,https://www.nationaalarchief.nl/onderzoeken/archief/4.RGD/invnr/1589/file/
1589,Automatische telefooncentrales - Ontwerptekeningen,,Loenen (Veluwe),Gelderland,post & telegraaf,tekening,IA/IIA,,,1,52.10966,6.007539,plaats,https://www.nationaalarchief.nl/onderzoeken/archief/4.RGD/invnr/1589/file/
1589,Automatische telefooncentrales - Ontwerptekeningen,,Losser,Overijssel,post & telegraaf,tekening,IA/IIA,,,1,52.30281,7.002748,plaats,https://www.nationaalarchief.nl/onderzoeken/archief/4.RGD/invnr/1589/file/
1589,Automatische telefooncentrales - Ontwerptekeningen,,Lunteren,Gelderland,post & telegraaf,tekening,IA/IIA,,,1,52.101039,5.618414,plaats,https://www.nationaalarchief.nl/onderzoeken/archief/4.RGD/invnr/1589/file/
1589,Automatische telefooncentrales - Ontwerptekeningen,,Maarsbergen,Utrecht,post & telegraaf,tekening,IA/IIA,,,1,52.052899,5.408659,plaats,https://www.nationaalarchief.nl/onderzoeken/archief/4.RGD/invnr/1589/file/
1589,Automatische telefooncentrales - Ontwerptekeningen,,Maarssen,Utrecht,post & telegraaf,tekening,IA/IIA,,,1,52.140765,5.0444,plaats,https://www.nationaalarchief.nl/onderzoeken/archief/4.RGD/invnr/1589/file/
1589,Automatische telefooncentrales - Ontwerptekeningen,,Maasbommel,Gelderland,post & telegraaf,tekening,IA/IIA,,,1,51.835478,5.52506,plaats,https://www.nationaalarchief.nl/onderzoeken/archief/4.RGD/invnr/1589/file/
1589,Automatische telefooncentrales - Ontwerptekeningen,,Maasbracht,Limburg,post & telegraaf,tekening,IA/IIA,,,1,51.14769,5.898718,plaats,https://www.nationaalarchief.nl/onderzoeken/archief/4.RGD/invnr/1589/file/
1589,Automatische telefooncentrales - Ontwerptekeningen,,Maasdam (Puttersbeck),Zuid-Holland,post & telegraaf,tekening,IA/IIA,,,1,51.787119,4.548347,plaats,https://www.nationaalarchief.nl/onderzoeken/archief/4.RGD/invnr/1589/file/
1589,Automatische telefooncentrales - Ontwerptekeningen,,Maassluis,Zuid-Holland,post & telegraaf,tekening,IA/IIA,,,1,51.925199,4.248867,plaats,https://www.nationaalarchief.nl/onderzoeken/archief/4.RGD/invnr/1589/file/
1589,Automatische telefooncentrales - Ontwerptekeningen,,Margraten,Limburg,post & telegraaf,tekening,IA/IIA,,,1,50.801062,5.773687,plaats,https://www.nationaalarchief.nl/onderzoeken/archief/4.RGD/invnr/1589/file/
1589,Automatische telefooncentrales - Ontwerptekeningen,,Marsum (Deinum),Fryslân,post & telegraaf,tekening,IA/IIA,,,1,53.192679,5.715468,plaats,https://www.nationaalarchief.nl/onderzoeken/archief/4.RGD/invnr/1589/file/
1589,Automatische telefooncentrales - Ontwerptekeningen,,Maurik (Eck en Wiel),Gelderland,post & telegraaf,tekening,IA/IIA,,,1,51.969189,5.455983,plaats,https://www.nationaalarchief.nl/onderzoeken/archief/4.RGD/invnr/1589/file/
1589,Automatische telefooncentrales - Ontwerptekeningen,,Mechelen (Gendringen),Limburg,post & telegraaf,tekening,IA/IIA,,,1,50.789502,5.920654,plaats,https://www.nationaalarchief.nl/onderzoeken/archief/4.RGD/invnr/1589/file/
1589,Automatische telefooncentrales - Ontwerptekeningen,,Meddo,Gelderland,post & telegraaf,tekening,IA/IIA,,,1,52.013491,6.703353,plaats,https://www.nationaalarchief.nl/onderzoeken/archief/4.RGD/invnr/1589/file/
1589,Automatische telefooncentrales - Ontwerptekeningen,,de Meern,Utrecht,post & telegraaf,tekening,IA/IIA,,,1,52.077668,5.027402,plaats,https://www.nationaalarchief.nl/onderzoeken/archief/4.RGD/invnr/1589/file/
1589,Automatische telefooncentrales - Ontwerptekeningen,,Meerssen,Limburg,post & telegraaf,tekening,IA/IIA,,,1,50.901314,5.756322,plaats,https://www.nationaalarchief.nl/onderzoeken/archief/4.RGD/invnr/1589/file/
1589,Automatische telefooncentrales - Ontwerptekeningen,,Melissant-Dirksland,Zuid-Holland,post & telegraaf,tekening,IA/IIA,,,1,51.771643,4.062165,plaats,https://www.nationaalarchief.nl/onderzoeken/archief/4.RGD/invnr/1589/file/
1589,Automatische telefooncentrales - Ontwerptekeningen,,Meteren-Est,Gelderland,post & telegraaf,tekening,IA/IIA,,,1,51.846794,5.316639,plaats,https://www.nationaalarchief.nl/onderzoeken/archief/4.RGD/invnr/1589/file/
1589,Automatische telefooncentrales - Ontwerptekeningen,,Mheer-Noorbeek,Limburg,post & telegraaf,tekening,IA/IIA,,,1,50.780951,5.791309,plaats,https://www.nationaalarchief.nl/onderzoeken/archief/4.RGD/invnr/1589/file/
1589,Automatische telefooncentrales - Ontwerptekeningen,,Millingen (Nijmegen),Gelderland,post & telegraaf,tekening,IA/IIA,,,1,51.862185,6.028837,plaats,https://www.nationaalarchief.nl/onderzoeken/archief/4.RGD/invnr/1589/file/
1589,Automatische telefooncentrales - Ontwerptekeningen,,Minnertsga,Fryslân,post & telegraaf,tekening,IA/IIA,,,1,53.248069,5.591946,plaats,https://www.nationaalarchief.nl/onderzoeken/archief/4.RGD/invnr/1589/file/
1589,Automatische telefooncentrales - Ontwerptekeningen,,Miste,Gelderland,post & telegraaf,tekening,IA/IIA,,,1,51.940987,6.665436,plaats,https://www.nationaalarchief.nl/onderzoeken/archief/4.RGD/invnr/1589/file/
1589,Automatische telefooncentrales - Ontwerptekeningen,,Monster,Zuid-Holland,post & telegraaf,tekening,IA/IIA,,,1,52.033975,4.179537,plaats,https://www.nationaalarchief.nl/onderzoeken/archief/4.RGD/invnr/1589/file/
1589,Automatische telefooncentrales - Ontwerptekeningen,,Montfort (Roermond),Limburg,post & telegraaf,tekening,IA/IIA,,,1,51.128479,5.946471,plaats,https://www.nationaalarchief.nl/onderzoeken/archief/4.RGD/invnr/1589/file/
1589,Automatische telefooncentrales - Ontwerptekeningen,,Moordrecht,Zuid-Holland,post & telegraaf,tekening,IA/IIA,,,1,51.995093,4.659543,plaats,https://www.nationaalarchief.nl/onderzoeken/archief/4.RGD/invnr/1589/file/
1589,Automatische telefooncentrales - Ontwerptekeningen,,Muiden,Noord-Holland,post & telegraaf,tekening,IA/IIA,,,1,52.347715,5.070891,plaats,https://www.nationaalarchief.nl/onderzoeken/archief/4.RGD/invnr/1589/file/
1589,Automatische telefooncentrales - Ontwerptekeningen,,Murmerwoude,,post & telegraaf,tekening,IA/IIA,,,1,53.293911,5.992385,plaats,https://www.nationaalarchief.nl/onderzoeken/archief/4.RGD/invnr/1589/file/
1589,Automatische telefooncentrales - Ontwerptekeningen,,Neder-Hemert,Gelderland,post & telegraaf,tekening,IA/IIA,,,1,51.915884,5.586867,plaats,https://www.nationaalarchief.nl/onderzoeken/archief/4.RGD/invnr/1589/file/
1589,Automatische telefooncentrales - Ontwerptekeningen,,Nederhorst den Berg,Noord-Holland,post & telegraaf,tekening,IA/IIA,,,1,52.25814,5.060653,plaats,https://www.nationaalarchief.nl/onderzoeken/archief/4.RGD/invnr/1589/file/
1589,Automatische telefooncentrales - Ontwerptekeningen,,Nederweert-Ospel,Limburg,post & telegraaf,tekening,IA/IIA,,,1,51.315711,5.806722,plaats,https://www.nationaalarchief.nl/onderzoeken/archief/4.RGD/invnr/1589/file/
1589,Automatische telefooncentrales - Ontwerptekeningen,,Nes,Fryslân,post & telegraaf,tekening,IA/IIA,,,1,53.428625,5.759052,plaats,https://www.nationaalarchief.nl/onderzoeken/archief/4.RGD/invnr/1589/file/
1589,Automatische telefooncentrales - Ontwerptekeningen,,Nes a/d Amstel,Noord-Holland,post & telegraaf,tekening,IA/IIA,,,1,52.281795,4.909997,plaats,https://www.nationaalarchief.nl/onderzoeken/archief/4.RGD/invnr/1589/file/
1589,Automatische telefooncentrales - Ontwerptekeningen,,Nettelhorst,,post & telegraaf,tekening,IA/IIA,,,1,52.276596,6.146968,straat,https://www.nationaalarchief.nl/onderzoeken/archief/4.RGD/invnr/1589/file/
1589,Automatische telefooncentrales - Ontwerptekeningen,,Netterden (Gendringen),Gelderland,post & telegraaf,tekening,IA/IIA,,,1,51.858793,6.322434,plaats,https://www.nationaalarchief.nl/onderzoeken/archief/4.RGD/invnr/1589/file/
1589,Automatische telefooncentrales - Ontwerptekeningen,,Nieuwdorp,Zeeland,post & telegraaf,tekening,IA/IIA,,,1,51.458993,3.728866,plaats,https://www.nationaalarchief.nl/onderzoeken/archief/4.RGD/invnr/1589/file/
1589,Automatische telefooncentrales - Ontwerptekeningen,,Nieuwebrug (Friesland),Fryslân,post & telegraaf,tekening,IA/IIA,,,1,52.990035,5.883253,plaats,https://www.nationaalarchief.nl/onderzoeken/archief/4.RGD/invnr/1589/file/
1589,Automatische telefooncentrales - Ontwerptekeningen,,Nieuwe Niedorp,Noord-Holland,post & telegraaf,tekening,IA/IIA,,,1,52.736237,4.896385,plaats,https://www.nationaalarchief.nl/onderzoeken/archief/4.RGD/invnr/1589/file/
1589,Automatische telefooncentrales - Ontwerptekeningen,,Nieuw en St-Joosland,Zeeland,post & telegraaf,tekening,IA/IIA,,,1,51.482993,3.669509,plaats,https://www.nationaalarchief.nl/onderzoeken/archief/4.RGD/invnr/1589/file/
1589,Automatische telefooncentrales - Ontwerptekeningen,,Nieuwerkerk a/d IJssel,Zuid-Holland,post & telegraaf,tekening,IA/IIA,,,1,51.965587,4.618301,plaats,https://www.nationaalarchief.nl/onderzoeken/archief/4.RGD/invnr/1589/file/
1589,Automatische telefooncentrales - Ontwerptekeningen,,Nieuwlande-Elim (Hoogeveen),Drenthe,post & telegraaf,tekening,IA/IIA,,,1,52.692233,6.617699,plaats,https://www.nationaalarchief.nl/onderzoeken/archief/4.RGD/invnr/1589/file/
1589,Automatische telefooncentrales - Ontwerptekeningen,,Nieuw-Loosdrexht,Groningen,post & telegraaf,tekening,IA/IIA,,,1,53.187164,7.164799,plaats,https://www.nationaalarchief.nl/onderzoeken/archief/4.RGD/invnr/1589/file/
1589,Automatische telefooncentrales - Ontwerptekeningen,,Nieuw Millingen,Gelderland,post & telegraaf,tekening,IA/IIA,,,1,51.862185,6.028837,plaats,https://www.nationaalarchief.nl/onderzoeken/archief/4.RGD/invnr/1589/file/
1589,Automatische telefooncentrales - Ontwerptekeningen,,Nieuw Vennep,Noord-Holland,post & telegraaf,tekening,IA/IIA,,,1,52.26381,4.635627,plaats,https://www.nationaalarchief.nl/onderzoeken/archief/4.RGD/invnr/1589/file/
1589,Automatische telefooncentrales - Ontwerptekeningen,,Nijeveen,Drenthe,post & telegraaf,tekening,IA/IIA,,,1,52.736544,6.161526,plaats,https://www.nationaalarchief.nl/onderzoeken/archief/4.RGD/invnr/1589/file/
1589,Automatische telefooncentrales - Ontwerptekeningen,,Nijehorne,,post & telegraaf,tekening,IA/IIA,,,1,52.942964,6.061349,plaats,https://www.nationaalarchief.nl/onderzoeken/archief/4.RGD/invnr/1589/file/
1589,Automatische telefooncentrales - Ontwerptekeningen,,Nijkerk,Gelderland,post & telegraaf,tekening,IA/IIA,,,1,52.212126,5.484363,plaats,https://www.nationaalarchief.nl/onderzoeken/archief/4.RGD/invnr/1589/file/
1589,Automatische telefooncentrales - Ontwerptekeningen,,Nijkerkerveen,Gelderland,post & telegraaf,tekening,IA/IIA,,,1,52.194482,5.468227,plaats,https://www.nationaalarchief.nl/onderzoeken/archief/4.RGD/invnr/1589/file/
1589,Automatische telefooncentrales - Ontwerptekeningen,,Nijland,Fryslân,post & telegraaf,tekening,IA/IIA,,,1,53.053493,5.585046,plaats,https://www.nationaalarchief.nl/onderzoeken/archief/4.RGD/invnr/1589/file/
1589,Automatische telefooncentrales - Ontwerptekeningen,,Nijverdal-Hellendoorn,Overijssel,post & telegraaf,tekening,IA/IIA,,,1,52.359296,6.468597,plaats,https://www.nationaalarchief.nl/onderzoeken/archief/4.RGD/invnr/1589/file/
1589,Automatische telefooncentrales - Ontwerptekeningen,,Noordwolde,Fryslân,post & telegraaf,tekening,IA/IIA,,,1,52.889924,6.138858,plaats,https://www.nationaalarchief.nl/onderzoeken/archief/4.RGD/invnr/1589/file/
1589,Automatische telefooncentrales - Ontwerptekeningen,,Nunspeet,Gelderland,post & telegraaf,tekening,IA/IIA,,,1,52.339251,5.786246,plaats,https://www.nationaalarchief.nl/onderzoeken/archief/4.RGD/invnr/1589/file/
1589,Automatische telefooncentrales - Ontwerptekeningen,,Obdam,Noord-Holland,post & telegraaf,tekening,IA/IIA,,,1,52.678145,4.902833,plaats,https://www.nationaalarchief.nl/onderzoeken/archief/4.RGD/invnr/1589/file/
1589,Automatische telefooncentrales - Ontwerptekeningen,,Oene (Epe),Gelderland,post & telegraaf,tekening,IA/IIA,,,1,52.345133,6.055426,plaats,https://www.nationaalarchief.nl/onderzoeken/archief/4.RGD/invnr/1589/file/
1589,Automatische telefooncentrales - Ontwerptekeningen,,Legerplaats Oldebroek,Gelderland,post & telegraaf,tekening,IA/IIA,,,1,52.456941,5.937143,plaats,https://www.nationaalarchief.nl/onderzoeken/archief/4.RGD/invnr/1589/file/
1589,Automatische telefooncentrales - Ontwerptekeningen,,Oldebroek,Gelderland,post & telegraaf,tekening,IA/IIA,,,1,52.456941,5.937143,plaats,https://www.nationaalarchief.nl/onderzoeken/archief/4.RGD/invnr/1589/file/
1589,Automatische telefooncentrales - Ontwerptekeningen,,Oldeholtpade,Fryslân,post & telegraaf,tekening,IA/IIA,,,1,52.888028,6.050123,plaats,https://www.nationaalarchief.nl/onderzoeken/archief/4.RGD/invnr/1589/file/
1589,Automatische telefooncentrales - Ontwerptekeningen,,Olst,Overijssel,post & telegraaf,tekening,IA/IIA,,,1,52.366782,6.153346,plaats,https://www.nationaalarchief.nl/onderzoeken/archief/4.RGD/invnr/1589/file/
1589,Automatische telefooncentrales - Ontwerptekeningen,,Oost-Souburg,Zeeland,post & telegraaf,tekening,IA/IIA,,,1,51.468226,3.605733,plaats,https://www.nationaalarchief.nl/onderzoeken/archief/4.RGD/invnr/1589/file/
1589,Automatische telefooncentrales - Ontwerptekeningen,,Oost- en West-Knollendam,Noord-Brabant,post & telegraaf,tekening,IA/IIA,,,1,51.467212,5.254548,plaats,https://www.nationaalarchief.nl/onderzoeken/archief/4.RGD/invnr/1589/file/
1589,Automatische telefooncentrales - Ontwerptekeningen,,Oosterhout (Nijmegen),Noord-Brabant,post & telegraaf,tekening,IA/IIA,,,1,51.637774,4.864068,plaats,https://www.nationaalarchief.nl/onderzoeken/archief/4.RGD/invnr/1589/file/
1589,Automatische telefooncentrales - Ontwerptekeningen,,Oostermeer,,post & telegraaf,tekening,IA/IIA,,,1,53.176935,6.071084,plaats,https://www.nationaalarchief.nl/onderzoeken/archief/4.RGD/invnr/1589/file/
1589,Automatische telefooncentrales - Ontwerptekeningen,,Oosterwolde,Fryslân,post & telegraaf,tekening,IA/IIA,,,1,53.001858,6.305482,plaats,https://www.nationaalarchief.nl/onderzoeken/archief/4.RGD/invnr/1589/file/
1589,Automatische telefooncentrales - Ontwerptekeningen,,Oostzaan,Noord-Holland,post & telegraaf,tekening,IA/IIA,,,1,52.451964,4.87611,plaats,https://www.nationaalarchief.nl/onderzoeken/archief/4.RGD/invnr/1589/file/
1589,Automatische telefooncentrales - Ontwerptekeningen,,Ootmarsum,Overijssel,post & telegraaf,tekening,IA/IIA,,,1,52.409046,6.899733,plaats,https://www.nationaalarchief.nl/onderzoeken/archief/4.RGD/invnr/1589/file/
1589,Automatische telefooncentrales - Ontwerptekeningen,,Opeinde-Oudega,Fryslân,post & telegraaf,tekening,IA/IIA,,,1,53.135447,6.05994,plaats,https://www.nationaalarchief.nl/onderzoeken/archief/4.RGD/invnr/1589/file/
1589,Automatische telefooncentrales - Ontwerptekeningen,,Ophemert,Gelderland,post & telegraaf,tekening,IA/IIA,,,1,51.846415,5.365561,plaats,https://www.nationaalarchief.nl/onderzoeken/archief/4.RGD/invnr/1589/file/
1589,Automatische telefooncentrales - Ontwerptekeningen,,Opheusden,Gelderland,post & telegraaf,tekening,IA/IIA,,,1,51.934232,5.629918,plaats,https://www.nationaalarchief.nl/onderzoeken/archief/4.RGD/invnr/1589/file/
1589,Automatische telefooncentrales - Ontwerptekeningen,,Oppenhuizen,Fryslân,post & telegraaf,tekening,IA/IIA,,,1,53.008237,5.696895,plaats,https://www.nationaalarchief.nl/onderzoeken/archief/4.RGD/invnr/1589/file/
1589,Automatische telefooncentrales - Ontwerptekeningen,,Oranjewoud,Fryslân,post & telegraaf,tekening,IA/IIA,,,1,52.94886,5.971624,plaats,https://www.nationaalarchief.nl/onderzoeken/archief/4.RGD/invnr/1589/file/
1589,Automatische telefooncentrales - Ontwerptekeningen,,Oterleek,Noord-Holland,post & telegraaf,tekening,IA/IIA,,,1,52.628633,4.835719,plaats,https://www.nationaalarchief.nl/onderzoeken/archief/4.RGD/invnr/1589/file/
1589,Automatische telefooncentrales - Ontwerptekeningen,,Ouddorp,Zuid-Holland,post & telegraaf,tekening,IA/IIA,,,1,51.79829,3.888853,plaats,https://www.nationaalarchief.nl/onderzoeken/archief/4.RGD/invnr/1589/file/
1589,Automatische telefooncentrales - Ontwerptekeningen,,Oost-Bildtzijl,Overijssel,post & telegraaf,tekening,IA/IIA,,,1,52.254906,6.778194,plaats,https://www.nationaalarchief.nl/onderzoeken/archief/4.RGD/invnr/1589/file/
1589,Automatische telefooncentrales - Ontwerptekeningen,,Oudehaste,,post & telegraaf,tekening,IA/IIA,,,1,52.959888,5.865691,plaats,https://www.nationaalarchief.nl/onderzoeken/archief/4.RGD/invnr/1589/file/
1589,Automatische telefooncentrales - Ontwerptekeningen,,Oude Niedorp,Noord-Holland,post & telegraaf,tekening,IA/IIA,,,1,52.71898,4.881194,plaats,https://www.nationaalarchief.nl/onderzoeken/archief/4.RGD/invnr/1589/file/
1589,Automatische telefooncentrales - Ontwerptekeningen,,Ovezande-Driewegen,Zeeland,post & telegraaf,tekening,IA/IIA,,,1,51.412229,3.79467,plaats,https://www.nationaalarchief.nl/onderzoeken/archief/4.RGD/invnr/1589/file/
1589,Automatische telefooncentrales - Ontwerptekeningen,,Pingjum,Fryslân,post & telegraaf,tekening,IA/IIA,,,1,53.115667,5.432312,plaats,https://www.nationaalarchief.nl/onderzoeken/archief/4.RGD/invnr/1589/file/
1589,Automatische telefooncentrales - Ontwerptekeningen,,Polsbroek,Utrecht,post & telegraaf,tekening,IA/IIA,,,1,51.986244,4.874412,plaats,https://www.nationaalarchief.nl/onderzoeken/archief/4.RGD/invnr/1589/file/
1589,Automatische telefooncentrales - Ontwerptekeningen,,Posterholt,Limburg,post & telegraaf,tekening,IA/IIA,,,1,51.120742,6.034383,plaats,https://www.nationaalarchief.nl/onderzoeken/archief/4.RGD/invnr/1589/file/
1589,Automatische telefooncentrales - Ontwerptekeningen,,Putten,Gelderland,post & telegraaf,tekening,IA/IIA,,,1,52.2439,5.582672,plaats,https://www.nationaalarchief.nl/onderzoeken/archief/4.RGD/invnr/1589/file/
1589,Automatische telefooncentrales - Ontwerptekeningen,,Randwijk,Gelderland,post & telegraaf,tekening,IA/IIA,,,1,51.94722,5.694361,plaats,https://www.nationaalarchief.nl/onderzoeken/archief/4.RGD/invnr/1589/file/
1589,Automatische telefooncentrales - Ontwerptekeningen,,Ratum,Gelderland,post & telegraaf,tekening,IA/IIA,,,1,51.979128,6.804311,plaats,https://www.nationaalarchief.nl/onderzoeken/archief/4.RGD/invnr/1589/file/
1589,Automatische telefooncentrales - Ontwerptekeningen,,Rekken,Gelderland,post & telegraaf,tekening,IA/IIA,,,1,52.096026,6.721862,plaats,https://www.nationaalarchief.nl/onderzoeken/archief/4.RGD/invnr/1589/file/
1589,Automatische telefooncentrales - Ontwerptekeningen,,Rhenen,Utrecht,post & telegraaf,tekening,IA/IIA,,,1,51.980767,5.56053,plaats,https://www.nationaalarchief.nl/onderzoeken/archief/4.RGD/invnr/1589/file/
1589,Automatische telefooncentrales - Ontwerptekeningen,,Ridderkerk,Zuid-Holland,post & telegraaf,tekening,IA/IIA,,,1,51.868794,4.596108,plaats,https://www.nationaalarchief.nl/onderzoeken/archief/4.RGD/invnr/1589/file/
1589,Automatische telefooncentrales - Ontwerptekeningen,,Ried,Fryslân,post & telegraaf,tekening,IA/IIA,,,1,53.220568,5.589054,plaats,https://www.nationaalarchief.nl/onderzoeken/archief/4.RGD/invnr/1589/file/
1589,Automatische telefooncentrales - Ontwerptekeningen,,Rijk,Noord-Holland,post & telegraaf,tekening,IA/IIA,,,1,52.281907,4.760394,plaats,https://www.nationaalarchief.nl/onderzoeken/archief/4.RGD/invnr/1589/file/
1589,Automatische telefooncentrales - Ontwerptekeningen,,Rijpwetering,Zuid-Holland,post & telegraaf,tekening,IA/IIA,,,1,52.194738,4.59062,plaats,https://www.nationaalarchief.nl/onderzoeken/archief/4.RGD/invnr/1589/file/
1589,Automatische telefooncentrales - Ontwerptekeningen,,Rijswijk (Gelderland),Gelderland,post & telegraaf,tekening,IA/IIA,,,1,51.950869,5.359984,plaats,https://www.nationaalarchief.nl/onderzoeken/archief/4.RGD/invnr/1589/file/
1589,Automatische telefooncentrales - Ontwerptekeningen,,Roosteren (Roermond),Limburg,post & telegraaf,tekening,IA/IIA,,,1,51.081077,5.814029,plaats,https://www.nationaalarchief.nl/onderzoeken/archief/4.RGD/invnr/1589/file/
1589,Automatische telefooncentrales - Ontwerptekeningen,,Rouveen,Overijssel,post & telegraaf,tekening,IA/IIA,,,1,52.614154,6.158824,plaats,https://www.nationaalarchief.nl/onderzoeken/archief/4.RGD/invnr/1589/file/
1589,Automatische telefooncentrales - Ontwerptekeningen,,Ruinerwold,Drenthe,post & telegraaf,tekening,IA/IIA,,,1,52.732379,6.270631,plaats,https://www.nationaalarchief.nl/onderzoeken/archief/4.RGD/invnr/1589/file/
1589,Automatische telefooncentrales - Ontwerptekeningen,,Schagerbrug,Noord-Holland,post & telegraaf,tekening,IA/IIA,,,1,52.807676,4.749525,plaats,https://www.nationaalarchief.nl/onderzoeken/archief/4.RGD/invnr/1589/file/
1589,Automatische telefooncentrales - Ontwerptekeningen,,Schellingwoude,,post & telegraaf,tekening,IA/IIA,,,1,52.390388,4.967751,straat,https://www.nationaalarchief.nl/onderzoeken/archief/4.RGD/invnr/1589/file/
1589,Automatische telefooncentrales - Ontwerptekeningen,,Schellinkhout,Noord-Holland,post & telegraaf,tekening,IA/IIA,,,1,52.630412,5.125467,plaats,https://www.nationaalarchief.nl/onderzoeken/archief/4.RGD/invnr/1589/file/
1589,Automatische telefooncentrales - Ontwerptekeningen,,Scherpenzeel,Gelderland,post & telegraaf,tekening,IA/IIA,,,1,52.089323,5.500491,plaats,https://www.nationaalarchief.nl/onderzoeken/archief/4.RGD/invnr/1589/file/
1589,Automatische telefooncentrales - Ontwerptekeningen,,Schimmert,Limburg,post & telegraaf,tekening,IA/IIA,,,1,50.902349,5.819764,plaats,https://www.nationaalarchief.nl/onderzoeken/archief/4.RGD/invnr/1589/file/
1589,Automatische telefooncentrales - Ontwerptekeningen,,Schin op Geul,Limburg,post & telegraaf,tekening,IA/IIA,,,1,50.847491,5.860169,plaats,https://www.nationaalarchief.nl/onderzoeken/archief/4.RGD/invnr/1589/file/
1589,Automatische telefooncentrales - Ontwerptekeningen,,Schoonhoven,Zuid-Holland,post & telegraaf,tekening,IA/IIA,,,1,51.951186,4.849809,plaats,https://www.nationaalarchief.nl/onderzoeken/archief/4.RGD/invnr/1589/file/
1589,Automatische telefooncentrales - Ontwerptekeningen,,Schoorl,Noord-Holland,post & telegraaf,tekening,IA/IIA,,,1,52.71021,4.662177,plaats,https://www.nationaalarchief.nl/onderzoeken/archief/4.RGD/invnr/1589/file/
1589,Automatische telefooncentrales - Ontwerptekeningen,,Serooskerke-Grijpskerke,Zeeland,post & telegraaf,tekening,IA/IIA,,,1,51.527563,3.563878,plaats,https://www.nationaalarchief.nl/onderzoeken/archief/4.RGD/invnr/1589/file/
1589,Automatische telefooncentrales - Ontwerptekeningen,,Sexbierum,Fryslân,post & telegraaf,tekening,IA/IIA,,,1,53.219149,5.491042,plaats,https://www.nationaalarchief.nl/onderzoeken/archief/4.RGD/invnr/1589/file/
1589,Automatische telefooncentrales - Ontwerptekeningen,,Sinderen (Varsseveld),Gelderland,post & telegraaf,tekening,IA/IIA,,,1,51.917345,6.448511,plaats,https://www.nationaalarchief.nl/onderzoeken/archief/4.RGD/invnr/1589/file/
1589,Automatische telefooncentrales - Ontwerptekeningen,,St. Jacobi-Parochie,Noord-Brabant,post & telegraaf,tekening,IA/IIA,,,1,51.657068,5.378122,plaats,https://www.nationaalarchief.nl/onderzoeken/archief/4.RGD/invnr/1589/file/
1589,Automatische telefooncentrales - Ontwerptekeningen,,St. Johannesga,Noord-Brabant,post & telegraaf,tekening,IA/IIA,,,1,51.657068,5.378122,plaats,https://www.nationaalarchief.nl/onderzoeken/archief/4.RGD/invnr/1589/file/
1589,Automatische telefooncentrales - Ontwerptekeningen,,Sint-Maartensbrug,Noord-Holland,post & telegraaf,tekening,IA/IIA,,,1,52.781116,4.723901,plaats,https://www.nationaalarchief.nl/onderzoeken/archief/4.RGD/invnr/1589/file/
1589,Automatische telefooncentrales - Ontwerptekeningen,,St.-Odiliënberg,Limburg,post & telegraaf,tekening,IA/IIA,,,1,51.146135,5.988383,plaats,https://www.nationaalarchief.nl/onderzoeken/archief/4.RGD/invnr/1589/file/
1589,Automatische telefooncentrales - Ontwerptekeningen,,Slenaken,Limburg,post & telegraaf,tekening,IA/IIA,,,1,50.771257,5.854484,plaats,https://www.nationaalarchief.nl/onderzoeken/archief/4.RGD/invnr/1589/file/
1589,Automatische telefooncentrales - Ontwerptekeningen,,Spaarndam,Noord-Holland,post & telegraaf,tekening,IA/IIA,,,1,52.411788,4.70391,plaats,https://www.nationaalarchief.nl/onderzoeken/archief/4.RGD/invnr/1589/file/
1589,Automatische telefooncentrales - Ontwerptekeningen,,Spakenburg,Utrecht,post & telegraaf,tekening,IA/IIA,,,1,52.237527,5.363972,plaats,https://www.nationaalarchief.nl/onderzoeken/archief/4.RGD/invnr/1589/file/
1589,Automatische telefooncentrales - Ontwerptekeningen,,Spanbroek-Hoogwoud,Noord-Holland,post & telegraaf,tekening,IA/IIA,,,1,52.72334,4.941933,plaats,https://www.nationaalarchief.nl/onderzoeken/archief/4.RGD/invnr/1589/file/
1589,Automatische telefooncentrales - Ontwerptekeningen,,S[ierdijk,Zuid-Holland,post & telegraaf,tekening,IA/IIA,,,1,52.072073,4.293001,plaats,https://www.nationaalarchief.nl/onderzoeken/archief/4.RGD/invnr/1589/file/
1589,Automatische telefooncentrales - Ontwerptekeningen,,Stad a/d/ Haringvliet,Zuid-Holland,post & telegraaf,tekening,IA/IIA,,,1,51.735034,4.229268,plaats,https://www.nationaalarchief.nl/onderzoeken/archief/4.RGD/invnr/1589/file/
1589,Automatische telefooncentrales - Ontwerptekeningen,,Stamprooi,,post & telegraaf,tekening,IA/IIA,,,1,51.193573,5.707865,plaats,https://www.nationaalarchief.nl/onderzoeken/archief/4.RGD/invnr/1589/file/
1589,Automatische telefooncentrales - Ontwerptekeningen,,Staphorst,Overijssel,post & telegraaf,tekening,IA/IIA,,,1,52.633507,6.207082,plaats,https://www.nationaalarchief.nl/onderzoeken/archief/4.RGD/invnr/1589/file/
1589,Automatische telefooncentrales - Ontwerptekeningen,,Steenderen,Gelderland,post & telegraaf,tekening,IA/IIA,,,1,52.058916,6.179657,plaats,https://www.nationaalarchief.nl/onderzoeken/archief/4.RGD/invnr/1589/file/
1589,Automatische telefooncentrales - Ontwerptekeningen,,Stevensweert,Limburg,post & telegraaf,tekening,IA/IIA,,,1,51.127943,5.849839,plaats,https://www.nationaalarchief.nl/onderzoeken/archief/4.RGD/invnr/1589/file/
1589,Automatische telefooncentrales - Ontwerptekeningen,,Stiens,Fryslân,post & telegraaf,tekening,IA/IIA,,,1,53.264954,5.777249,plaats,https://www.nationaalarchief.nl/onderzoeken/archief/4.RGD/invnr/1589/file/
1589,Automatische telefooncentrales - Ontwerptekeningen,,Stompetoren,Noord-Holland,post & telegraaf,tekening,IA/IIA,,,1,52.613364,4.817002,plaats,https://www.nationaalarchief.nl/onderzoeken/archief/4.RGD/invnr/1589/file/
1589,Automatische telefooncentrales - Ontwerptekeningen,,Strijen,Zuid-Holland,post & telegraaf,tekening,IA/IIA,,,1,51.749599,4.544144,plaats,https://www.nationaalarchief.nl/onderzoeken/archief/4.RGD/invnr/1589/file/
1589,Automatische telefooncentrales - Ontwerptekeningen,,Swalmen,Limburg,post & telegraaf,tekening,IA/IIA,,,1,51.227806,6.036976,plaats,https://www.nationaalarchief.nl/onderzoeken/archief/4.RGD/invnr/1589/file/
1589,Automatische telefooncentrales - Ontwerptekeningen,,Ternaard,Fryslân,post & telegraaf,tekening,IA/IIA,,,1,53.392962,5.953105,plaats,https://www.nationaalarchief.nl/onderzoeken/archief/4.RGD/invnr/1589/file/
1589,Automatische telefooncentrales - Ontwerptekeningen,,Terwolde (Voorst),Gelderland,post & telegraaf,tekening,IA/IIA,,,1,52.27164,6.081207,plaats,https://www.nationaalarchief.nl/onderzoeken/archief/4.RGD/invnr/1589/file/
1589,Automatische telefooncentrales - Ontwerptekeningen,,Teuge (Twello),Gelderland,post & telegraaf,tekening,IA/IIA,,,1,52.236857,6.04975,plaats,https://www.nationaalarchief.nl/onderzoeken/archief/4.RGD/invnr/1589/file/
1589,Automatische telefooncentrales - Ontwerptekeningen,,Tietjerk-Suowoude,,post & telegraaf,tekening,IA/IIA,,,1,53.199401,5.894264,plaats,https://www.nationaalarchief.nl/onderzoeken/archief/4.RGD/invnr/1589/file/
1589,Automatische telefooncentrales - Ontwerptekeningen,,Tijnje,Fryslân,post & telegraaf,tekening,IA/IIA,,,1,53.036842,5.983298,plaats,https://www.nationaalarchief.nl/onderzoeken/archief/4.RGD/invnr/1589/file/
1589,Automatische telefooncentrales - Ontwerptekeningen,,Tjalleberd,Fryslân,post & telegraaf,tekening,IA/IIA,,,1,53.006962,5.9419,plaats,https://www.nationaalarchief.nl/onderzoeken/archief/4.RGD/invnr/1589/file/
1589,Automatische telefooncentrales - Ontwerptekeningen,,Tubbergen,Overijssel,post & telegraaf,tekening,IA/IIA,,,1,52.410582,6.776671,plaats,https://www.nationaalarchief.nl/onderzoeken/archief/4.RGD/invnr/1589/file/
1589,Automatische telefooncentrales - Ontwerptekeningen,,Tzum,Fryslân,post & telegraaf,tekening,IA/IIA,,,1,53.149974,5.564457,plaats,https://www.nationaalarchief.nl/onderzoeken/archief/4.RGD/invnr/1589/file/
1589,Automatische telefooncentrales - Ontwerptekeningen,,Tzummarum,Fryslân,post & telegraaf,tekening,IA/IIA,,,1,53.239453,5.545284,plaats,https://www.nationaalarchief.nl/onderzoeken/archief/4.RGD/invnr/1589/file/
1589,Automatische telefooncentrales - Ontwerptekeningen,,Uffelte,Drenthe,post & telegraaf,tekening,IA/IIA,,,1,52.795486,6.274305,plaats,https://www.nationaalarchief.nl/onderzoeken/archief/4.RGD/invnr/1589/file/
1589,Automatische telefooncentrales - Ontwerptekeningen,,Uitgeest,Noord-Holland,post & telegraaf,tekening,IA/IIA,,,1,52.523428,4.728608,plaats,https://www.nationaalarchief.nl/onderzoeken/archief/4.RGD/invnr/1589/file/
1589,Automatische telefooncentrales - Ontwerptekeningen,,Uithoorn,Noord-Holland,post & telegraaf,tekening,IA/IIA,,,1,52.236909,4.790846,plaats,https://www.nationaalarchief.nl/onderzoeken/archief/4.RGD/invnr/1589/file/
1589,Automatische telefooncentrales - Ontwerptekeningen,,Ulft (Gendringen),Gelderland,post & telegraaf,tekening,IA/IIA,,,1,51.869984,6.357707,plaats,https://www.nationaalarchief.nl/onderzoeken/archief/4.RGD/invnr/1589/file/
1589,Automatische telefooncentrales - Ontwerptekeningen,,Ursterp-Friesche paden,,post & telegraaf,tekening,IA/IIA,,,1,53.046499,5.385664,straat,https://www.nationaalarchief.nl/onderzoeken/archief/4.RGD/invnr/1589/file/
1589,Automatische telefooncentrales - Ontwerptekeningen,,Urssem,,post & telegraaf,tekening,IA/IIA,,,1,52.623666,4.875471,plaats,https://www.nationaalarchief.nl/onderzoeken/archief/4.RGD/invnr/1589/file/
1589,Automatische telefooncentrales - Ontwerptekeningen,,Vaassen (Epe),Gelderland,post & telegraaf,tekening,IA/IIA,,,1,52.286868,5.932246,plaats,https://www.nationaalarchief.nl/onderzoeken/archief/4.RGD/invnr/1589/file/
1589,Automatische telefooncentrales - Ontwerptekeningen,,Valburg,Gelderland,post & telegraaf,tekening,IA/IIA,,,1,51.913479,5.787172,plaats,https://www.nationaalarchief.nl/onderzoeken/archief/4.RGD/invnr/1589/file/
1589,Automatische telefooncentrales - Ontwerptekeningen,,Varsseveld,Gelderland,post & telegraaf,tekening,IA/IIA,,,2,51.942712,6.467536,plaats,https://www.nationaalarchief.nl/onderzoeken/archief/4.RGD/invnr/1589/file/
1589,Automatische telefooncentrales - Ontwerptekeningen,,Vasse (Tubbergen),Overijssel,post & telegraaf,tekening,IA/IIA,,,1,52.424434,6.830522,plaats,https://www.nationaalarchief.nl/onderzoeken/archief/4.RGD/invnr/1589/file/
1589,Automatische telefooncentrales - Ontwerptekeningen,,Veere,Zeeland,post & telegraaf,tekening,IA/IIA,,,1,51.5626,3.584638,plaats,https://www.nationaalarchief.nl/onderzoeken/archief/4.RGD/invnr/1589/file/
1589,Automatische telefooncentrales - Ontwerptekeningen,,Venhuizen,Noord-Holland,post & telegraaf,tekening,IA/IIA,,,1,52.662227,5.229938,plaats,https://www.nationaalarchief.nl/onderzoeken/archief/4.RGD/invnr/1589/file/
1589,Automatische telefooncentrales - Ontwerptekeningen,,Vianen,Utrecht,post & telegraaf,tekening,IA/IIA,,,1,51.975166,5.085369,plaats,https://www.nationaalarchief.nl/onderzoeken/archief/4.RGD/invnr/1589/file/
1589,Automatische telefooncentrales - Ontwerptekeningen,,Vierhouten,Gelderland,post & telegraaf,tekening,IA/IIA,,,1,52.330916,5.827768,plaats,https://www.nationaalarchief.nl/onderzoeken/archief/4.RGD/invnr/1589/file/
1589,Automatische telefooncentrales - Ontwerptekeningen,,Vijfhuizen,Noord-Holland,post & telegraaf,tekening,IA/IIA,,,1,52.358125,4.689933,plaats,https://www.nationaalarchief.nl/onderzoeken/archief/4.RGD/invnr/1589/file/
1589,Automatische telefooncentrales - Ontwerptekeningen,,Vleuten,Utrecht,post & telegraaf,tekening,IA/IIA,,,1,52.101966,5.008288,plaats,https://www.nationaalarchief.nl/onderzoeken/archief/4.RGD/invnr/1589/file/
1589,Automatische telefooncentrales - Ontwerptekeningen,,Voerendaal,Limburg,post & telegraaf,tekening,IA/IIA,,,1,50.869365,5.916494,plaats,https://www.nationaalarchief.nl/onderzoeken/archief/4.RGD/invnr/1589/file/
1589,Automatische telefooncentrales - Ontwerptekeningen,,Voorschoten,Zuid-Holland,post & telegraaf,tekening,IA/IIA,,,1,52.124822,4.438628,plaats,https://www.nationaalarchief.nl/onderzoeken/archief/4.RGD/invnr/1589/file/
1589,Automatische telefooncentrales - Ontwerptekeningen,,Voorst,Gelderland,post & telegraaf,tekening,IA/IIA,,,1,52.225568,6.099116,plaats,https://www.nationaalarchief.nl/onderzoeken/archief/4.RGD/invnr/1589/file/
1589,Automatische telefooncentrales - Ontwerptekeningen,,Vragender,Gelderland,post & telegraaf,tekening,IA/IIA,,,1,51.984627,6.621954,plaats,https://www.nationaalarchief.nl/onderzoeken/archief/4.RGD/invnr/1589/file/
1589,Automatische telefooncentrales - Ontwerptekeningen,,Waardenburg,Gelderland,post & telegraaf,tekening,IA/IIA,,,1,51.838866,5.248568,plaats,https://www.nationaalarchief.nl/onderzoeken/archief/4.RGD/invnr/1589/file/
1589,Automatische telefooncentrales - Ontwerptekeningen,,Waddinxveen,Zuid-Holland,post & telegraaf,tekening,IA/IIA,,,1,52.042394,4.640707,plaats,https://www.nationaalarchief.nl/onderzoeken/archief/4.RGD/invnr/1589/file/
1589,Automatische telefooncentrales - Ontwerptekeningen,,Wadenoijen,Gelderland,post & telegraaf,tekening,IA/IIA,,,1,51.86752,5.35714,plaats,https://www.nationaalarchief.nl/onderzoeken/archief/4.RGD/invnr/1589/file/
1589,Automatische telefooncentrales - Ontwerptekeningen,,Wamel,Gelderland,post & telegraaf,tekening,IA/IIA,,,1,51.871518,5.47515,plaats,https://www.nationaalarchief.nl/onderzoeken/archief/4.RGD/invnr/1589/file/
1589,Automatische telefooncentrales - Ontwerptekeningen,,Wahneperveen,,post & telegraaf,tekening,IA/IIA,,,1,52.698351,6.104338,plaats,https://www.nationaalarchief.nl/onderzoeken/archief/4.RGD/invnr/1589/file/
1589,Automatische telefooncentrales - Ontwerptekeningen,,Wapserveen,Drenthe,post & telegraaf,tekening,IA/IIA,,,1,52.821601,6.221912,plaats,https://www.nationaalarchief.nl/onderzoeken/archief/4.RGD/invnr/1589/file/
1589,Automatische telefooncentrales - Ontwerptekeningen,,Warga,,post & telegraaf,tekening,IA/IIA,,,1,53.146003,5.848366,plaats,https://www.nationaalarchief.nl/onderzoeken/archief/4.RGD/invnr/1589/file/
1589,Automatische telefooncentrales - Ontwerptekeningen,,Warmerhuizen,,post & telegraaf,tekening,IA/IIA,,,1,52.716206,4.738194,plaats,https://www.nationaalarchief.nl/onderzoeken/archief/4.RGD/invnr/1589/file/
1589,Automatische telefooncentrales - Ontwerptekeningen,,Waspik,Noord-Brabant,post & telegraaf,tekening,IA/IIA,,,1,51.69444,4.950434,plaats,https://www.nationaalarchief.nl/onderzoeken/archief/4.RGD/invnr/1589/file/
1589,Automatische telefooncentrales - Ontwerptekeningen,,Wateringen,Zuid-Holland,post & telegraaf,tekening,IA/IIA,,,1,52.019062,4.279642,plaats,https://www.nationaalarchief.nl/onderzoeken/archief/4.RGD/invnr/1589/file/
1589,Automatische telefooncentrales - Ontwerptekeningen,,Wenum,Gelderland,post & telegraaf,tekening,IA/IIA,,,1,52.254204,5.927066,plaats,https://www.nationaalarchief.nl/onderzoeken/archief/4.RGD/invnr/1589/file/
1589,Automatische telefooncentrales - Ontwerptekeningen,,Werkhoven,Utrecht,post & telegraaf,tekening,IA/IIA,,,1,52.020611,5.241486,plaats,https://www.nationaalarchief.nl/onderzoeken/archief/4.RGD/invnr/1589/file/
1589,Automatische telefooncentrales - Ontwerptekeningen,,Wervershoof,Noord-Holland,post & telegraaf,tekening,IA/IIA,,,1,52.735902,5.146903,plaats,https://www.nationaalarchief.nl/onderzoeken/archief/4.RGD/invnr/1589/file/
1589,Automatische telefooncentrales - Ontwerptekeningen,,Westendorp (Varsseveld),Gelderland,post & telegraaf,tekening,IA/IIA,,,1,51.950703,6.419057,plaats,https://www.nationaalarchief.nl/onderzoeken/archief/4.RGD/invnr/1589/file/
1589,Automatische telefooncentrales - Ontwerptekeningen,,Westervoort,Gelderland,post & telegraaf,tekening,IA/IIA,,,1,51.957518,5.970718,plaats,https://www.nationaalarchief.nl/onderzoeken/archief/4.RGD/invnr/1589/file/
1589,Automatische telefooncentrales - Ontwerptekeningen,,West-Graftdijk,Noord-Holland,post & telegraaf,tekening,IA/IIA,,,1,52.563946,4.803363,plaats,https://www.nationaalarchief.nl/onderzoeken/archief/4.RGD/invnr/1589/file/
1589,Automatische telefooncentrales - Ontwerptekeningen,,Wezep (Oldebroek),Gelderland,post & telegraaf,tekening,IA/IIA,,,1,52.456823,5.989716,plaats,https://www.nationaalarchief.nl/onderzoeken/archief/4.RGD/invnr/1589/file/
1589,Automatische telefooncentrales - Ontwerptekeningen,,Wezepe (Olst),Overijssel,post & telegraaf,tekening,IA/IIA,,,1,52.366782,6.153346,plaats,https://www.nationaalarchief.nl/onderzoeken/archief/4.RGD/invnr/1589/file/
1589,Automatische telefooncentrales - Ontwerptekeningen,,Wierden,Overijssel,post & telegraaf,tekening,IA/IIA,,,1,52.344439,6.560632,plaats,https://www.nationaalarchief.nl/onderzoeken/archief/4.RGD/invnr/1589/file/
1589,Automatische telefooncentrales - Ontwerptekeningen,,Wieringerwaard,Noord-Holland,post & telegraaf,tekening,IA/IIA,,,2,52.821603,4.865784,plaats,https://www.nationaalarchief.nl/onderzoeken/archief/4.RGD/invnr/1589/file/
1589,Automatische telefooncentrales - Ontwerptekeningen,,Wijk aan Zee,Noord-Holland,post & telegraaf,tekening,IA/IIA,,,1,52.491618,4.602266,plaats,https://www.nationaalarchief.nl/onderzoeken/archief/4.RGD/invnr/1589/file/
1589,Automatische telefooncentrales - Ontwerptekeningen,,Wijk bij Duurstede,Utrecht,post & telegraaf,tekening,IA/IIA,,,1,51.989201,5.325254,plaats,https://www.nationaalarchief.nl/onderzoeken/archief/4.RGD/invnr/1589/file/
1589,Automatische telefooncentrales - Ontwerptekeningen,,Willemsdorp,,post & telegraaf,tekening,IA/IIA,,,1,51.737946,4.635067,straat,https://www.nationaalarchief.nl/onderzoeken/archief/4.RGD/invnr/1589/file/
1589,Automatische telefooncentrales - Ontwerptekeningen,,Wilp (Voorst),Gelderland,post & telegraaf,tekening,IA/IIA,,,1,52.213846,6.117078,plaats,https://www.nationaalarchief.nl/onderzoeken/archief/4.RGD/invnr/1589/file/
1589,Automatische telefooncentrales - Ontwerptekeningen,,Wilsum,Overijssel,post & telegraaf,tekening,IA/IIA,,,1,52.53223,5.966654,plaats,https://www.nationaalarchief.nl/onderzoeken/archief/4.RGD/invnr/1589/file/
1589,Automatische telefooncentrales - Ontwerptekeningen,,Winkel,Noord-Holland,post & telegraaf,tekening,IA/IIA,,,1,52.758526,4.918375,plaats,https://www.nationaalarchief.nl/onderzoeken/archief/4.RGD/invnr/1589/file/
1589,Automatische telefooncentrales - Ontwerptekeningen,,Witmarsum,Fryslân,post & telegraaf,tekening,IA/IIA,,,1,53.09982,5.477407,plaats,https://www.nationaalarchief.nl/onderzoeken/archief/4.RGD/invnr/1589/file/
1589,Automatische telefooncentrales - Ontwerptekeningen,,Wognum,Noord-Holland,post & telegraaf,tekening,IA/IIA,,,1,52.683252,5.014511,plaats,https://www.nationaalarchief.nl/onderzoeken/archief/4.RGD/invnr/1589/file/
1589,Automatische telefooncentrales - Ontwerptekeningen,,Wolpkaartsdijk,,post & telegraaf,tekening,IA/IIA,,,1,51.528549,3.797007,plaats,https://www.nationaalarchief.nl/onderzoeken/archief/4.RGD/invnr/1589/file/
1589,Automatische telefooncentrales - Ontwerptekeningen,,Wommels,Fryslân,post & telegraaf,tekening,IA/IIA,,,1,53.101717,5.582756,plaats,https://www.nationaalarchief.nl/onderzoeken/archief/4.RGD/invnr/1589/file/
1589,Automatische telefooncentrales - Ontwerptekeningen,,t Woold,Gelderland,post & telegraaf,tekening,IA/IIA,,,1,51.926128,6.714907,plaats,https://www.nationaalarchief.nl/onderzoeken/archief/4.RGD/invnr/1589/file/
1589,Automatische telefooncentrales - Ontwerptekeningen,,Wormer-Jisp,Noord-Holland,post & telegraaf,tekening,IA/IIA,,,1,52.510934,4.854763,plaats,https://www.nationaalarchief.nl/onderzoeken/archief/4.RGD/invnr/1589/file/
1589,Automatische telefooncentrales - Ontwerptekeningen,,Woudenburg,,post & telegraaf,tekening,IA/IIA,,,1,52.081157,5.426639,plaats,https://www.nationaalarchief.nl/onderzoeken/archief/4.RGD/invnr/1589/file/
1589,Automatische telefooncentrales - Ontwerptekeningen,,t Zand,Noord-Holland,post & telegraaf,tekening,IA/IIA,,,1,52.833865,4.754618,plaats,https://www.nationaalarchief.nl/onderzoeken/archief/4.RGD/invnr/1589/file/
1589,Automatische telefooncentrales - Ontwerptekeningen,,De Zande-Zalk,Overijssel,post & telegraaf,tekening,IA/IIA,,,1,52.508789,5.989233,plaats,https://www.nationaalarchief.nl/onderzoeken/archief/4.RGD/invnr/1589/file/
1589,Automatische telefooncentrales - Ontwerptekeningen,,Zeddam,Gelderland,post & telegraaf,tekening,IA/IIA,,,1,51.905316,6.252986,plaats,https://www.nationaalarchief.nl/onderzoeken/archief/4.RGD/invnr/1589/file/
1589,Automatische telefooncentrales - Ontwerptekeningen,,Zelhem,Gelderland,post & telegraaf,tekening,IA/IIA,,,1,52.008748,6.349015,plaats,https://www.nationaalarchief.nl/onderzoeken/archief/4.RGD/invnr/1589/file/
1589,Automatische telefooncentrales - Ontwerptekeningen,,Zevenaar,Gelderland,post & telegraaf,tekening,IA/IIA,,,1,51.924103,6.085235,plaats,https://www.nationaalarchief.nl/onderzoeken/archief/4.RGD/invnr/1589/file/
1589,Automatische telefooncentrales - Ontwerptekeningen,,Zevenhuizen,Groningen,post & telegraaf,tekening,IA/IIA,,,1,53.116969,6.334198,plaats,https://www.nationaalarchief.nl/onderzoeken/archief/4.RGD/invnr/1589/file/
1589,Automatische telefooncentrales - Ontwerptekeningen,,Zieuwent,Gelderland,post & telegraaf,tekening,IA/IIA,,,1,52.014883,6.519464,plaats,https://www.nationaalarchief.nl/onderzoeken/archief/4.RGD/invnr/1589/file/
1589,Automatische telefooncentrales - Ontwerptekeningen,,Zoelen,Gelderland,post & telegraaf,tekening,IA/IIA,,,1,51.923607,5.403393,plaats,https://www.nationaalarchief.nl/onderzoeken/archief/4.RGD/invnr/1589/file/
1589,Automatische telefooncentrales - Ontwerptekeningen,,Zoeterwoud,,post & telegraaf,tekening,IA/IIA,,,1,52.114802,4.513832,plaats,https://www.nationaalarchief.nl/onderzoeken/archief/4.RGD/invnr/1589/file/
1589,Automatische telefooncentrales - Ontwerptekeningen,,Zoetelande,,post & telegraaf,tekening,IA/IIA,,,1,51.509678,3.485721,plaats,https://www.nationaalarchief.nl/onderzoeken/archief/4.RGD/invnr/1589/file/
1589,Automatische telefooncentrales - Ontwerptekeningen,,Zuid-Schermer,Zuid-Holland,post & telegraaf,tekening,IA/IIA,,,1,51.747434,4.349985,plaats,https://www.nationaalarchief.nl/onderzoeken/archief/4.RGD/invnr/1589/file/
1589,Automatische telefooncentrales - Ontwerptekeningen,,Zuilichem-Brakel,Gelderland,post & telegraaf,tekening,IA/IIA,,,3,51.80262,5.135888,plaats,https://www.nationaalarchief.nl/onderzoeken/archief/4.RGD/invnr/1589/file/
1589,Automatische telefooncentrales - Ontwerptekeningen,,Zwartsluis,Overijssel,post & telegraaf,tekening,IA/IIA,,,1,52.639018,6.076165,plaats,https://www.nationaalarchief.nl/onderzoeken/archief/4.RGD/invnr/1589/file/
1589,Automatische telefooncentrales - Ontwerptekeningen,,Diemerbrug,,post & telegraaf,tekening,IA/IIA,,,1,52.337332,4.990496,plaats,https://www.nationaalarchief.nl/onderzoeken/archief/4.RGD/invnr/1589/file/
1589,Automatische telefooncentrales - Ontwerptekeningen,,Birdaard,,post & telegraaf,tekening,IA/IIA,,,1,53.293056,5.883057,plaats,https://www.nationaalarchief.nl/onderzoeken/archief/4.RGD/invnr/1589/file/
1589,Automatische telefooncentrales - Ontwerptekeningen,,Reeuwijk,Zuid-Holland,post & telegraaf,tekening,IA/IIA,,,1,52.065413,4.766091,plaats,https://www.nationaalarchief.nl/onderzoeken/archief/4.RGD/invnr/1589/file/
1590,Automatische telefooncentrales - Ontwerp- en detailtekeningen voor de afrastering,,Warga,,post & telegraaf,tekening,IA/IIA,,,2,53.146003,5.848366,plaats,https://www.nationaalarchief.nl/onderzoeken/archief/4.RGD/invnr/1590/file/
1590,Automatische telefooncentrales - Ontwerp- en detailtekeningen voor de afrastering,,St. Annaparochie,Fryslân,post & telegraaf,tekening,IA/IIA,,,1,53.3034,5.654019,plaats,https://www.nationaalarchief.nl/onderzoeken/archief/4.RGD/invnr/1590/file/
1590,Automatische telefooncentrales - Ontwerp- en detailtekeningen voor de afrastering,,Margraten,Limburg,post & telegraaf,tekening,IA/IIA,,,1,50.801062,5.773687,plaats,https://www.nationaalarchief.nl/onderzoeken/archief/4.RGD/invnr/1590/file/
1590,Automatische telefooncentrales - Ontwerp- en detailtekeningen voor de afrastering,,Pingjum,Fryslân,post & telegraaf,tekening,IA/IIA,,,1,53.115667,5.432312,plaats,https://www.nationaalarchief.nl/onderzoeken/archief/4.RGD/invnr/1590/file/
1590,Automatische telefooncentrales - Ontwerp- en detailtekeningen voor de afrastering,,Beekgamermolen,,post & telegraaf,tekening,IA/IIA,,,1,53.238215,5.715776,plaats,https://www.nationaalarchief.nl/onderzoeken/archief/4.RGD/invnr/1590/file/
1591,Automatische telefooncentrales - Tekeningen voor de elektrische installatie,,Ried,Fryslân,post & telegraaf,tekening,IA/IIA,,,1,53.220568,5.589054,plaats,https://www.nationaalarchief.nl/onderzoeken/archief/4.RGD/invnr/1591/file/
1591,Automatische telefooncentrales - Tekeningen voor de elektrische installatie,,Sexbierum,Fryslân,post & telegraaf,tekening,IA/IIA,,,1,53.219149,5.491042,plaats,https://www.nationaalarchief.nl/onderzoeken/archief/4.RGD/invnr/1591/file/
1592,Automatische telefooncentrales - Tekeningen voor de restauratie na oorlogsschade,,Beek (Breda),Limburg,post & telegraaf,tekening,IA/IIA,,,1,50.930864,5.809132,plaats,https://www.nationaalarchief.nl/onderzoeken/archief/4.RGD/invnr/1592/file/
1592,Automatische telefooncentrales - Tekeningen voor de restauratie na oorlogsschade,,Driet,,post & telegraaf,tekening,IA/IIA,,,1,51.956895,5.808573,plaats,https://www.nationaalarchief.nl/onderzoeken/archief/4.RGD/invnr/1592/file/
1592,Automatische telefooncentrales - Tekeningen voor de restauratie na oorlogsschade,,Horn,Limburg,post & telegraaf,tekening,IA/IIA,,,1,51.214387,5.932632,plaats,https://www.nationaalarchief.nl/onderzoeken/archief/4.RGD/invnr/1592/file/
1592,Automatische telefooncentrales - Tekeningen voor de restauratie na oorlogsschade,,Hulten (Breda),Noord-Brabant,post & telegraaf,tekening,IA/IIA,,,1,51.580745,4.95962,plaats,https://www.nationaalarchief.nl/onderzoeken/archief/4.RGD/invnr/1592/file/
1592,Automatische telefooncentrales - Tekeningen voor de restauratie na oorlogsschade,,Liempde,Noord-Brabant,post & telegraaf,tekening,IA/IIA,,,1,51.564367,5.37112,plaats,https://www.nationaalarchief.nl/onderzoeken/archief/4.RGD/invnr/1592/file/
1592,Automatische telefooncentrales - Tekeningen voor de restauratie na oorlogsschade,,Moergestel,Noord-Brabant,post & telegraaf,tekening,IA/IIA,,,1,51.533699,5.186451,plaats,https://www.nationaalarchief.nl/onderzoeken/archief/4.RGD/invnr/1592/file/
1592,Automatische telefooncentrales - Tekeningen voor de restauratie na oorlogsschade,,St. Odiliënberg,Limburg,post & telegraaf,tekening,IA/IIA,,,1,51.146135,5.988383,plaats,https://www.nationaalarchief.nl/onderzoeken/archief/4.RGD/invnr/1592/file/
1592,Automatische telefooncentrales - Tekeningen voor de restauratie na oorlogsschade,,Oirschot,Noord-Brabant,post & telegraaf,tekening,IA/IIA,,,1,51.492614,5.28978,plaats,https://www.nationaalarchief.nl/onderzoeken/archief/4.RGD/invnr/1592/file/
1592,Automatische telefooncentrales - Tekeningen voor de restauratie na oorlogsschade,,Wanssum,Limburg,post & telegraaf,tekening,IA/IIA,,,1,51.536116,6.078726,plaats,https://www.nationaalarchief.nl/onderzoeken/archief/4.RGD/invnr/1592/file/
1592,Automatische telefooncentrales - Tekeningen voor de restauratie na oorlogsschade,,Wouw,Noord-Brabant,post & telegraaf,tekening,IA/IIA,,,1,51.528074,4.393982,plaats,https://www.nationaalarchief.nl/onderzoeken/archief/4.RGD/invnr/1592/file/
1594,Dossier elektrische installaties - Werktekeningen,,Delft,Zuid-Holland,overig,tekening,IA/IIA,,,3,51.998457,4.363106,plaats,https://www.nationaalarchief.nl/onderzoeken/archief/4.RGD/invnr/1594/file/
1594,Dossier elektrische installaties - Werktekeningen,,Alkmaar,Noord-Holland,overig,tekening,IA/IIA,,,6,52.601792,4.803308,plaats,https://www.nationaalarchief.nl/onderzoeken/archief/4.RGD/invnr/1594/file/
1594,Dossier elektrische installaties - Werktekeningen,,Beilen,Drenthe,overig,tekening,IA/IIA,,,1,52.861538,6.497961,plaats,https://www.nationaalarchief.nl/onderzoeken/archief/4.RGD/invnr/1594/file/
1594,Dossier elektrische installaties - Werktekeningen,,Apeldoorn,Gelderland,overig,tekening,IA/IIA,,,1,52.189858,5.921909,plaats,https://www.nationaalarchief.nl/onderzoeken/archief/4.RGD/invnr/1594/file/
1596,"Gebogen vormen, meubilair - Ontwerptekening, W. C. Hülsmann jr",Brouwersgracht 500,Amsterdam,Noord-Holland,overig,tekening,IA/IIA,1925,1925,1,52.381036,4.887884,straat,https://www.nationaalarchief.nl/onderzoeken/archief/4.RGD/invnr/1596/file/
1600,Dossier IJzerwerk en Lantaarntypen - Detailtekeningen,,Slot Loevestijn,,overig,tekening,IA/IIA,,,26,52.375565,6.688645,straat,https://www.nationaalarchief.nl/onderzoeken/archief/4.RGD/invnr/1600/file/
1601,Illuminatie aan overheidsgebouwen - Ontwerptekeningen voor het aanbrengen,Buitenhof,Den Haag,Zuid-Holland,overig,tekening,IA/IIA,,,1,52.079298,4.310716,straat,https://www.nationaalarchief.nl/onderzoeken/archief/4.RGD/invnr/1601/file/
1601,Illuminatie aan overheidsgebouwen - Ontwerptekeningen voor het aanbrengen,Kortevijverberg 7,Den Haag,Zuid-Holland,overig,tekening,IA/IIA,,,2,52.038264,4.351101,straat,https://www.nationaalarchief.nl/onderzoeken/archief/4.RGD/invnr/1601/file/
1601,Illuminatie aan overheidsgebouwen - Ontwerptekeningen voor het aanbrengen,,Den Haag,Zuid-Holland,overig,tekening,IA/IIA,,,49,52.072073,4.293001,plaats,https://www.nationaalarchief.nl/onderzoeken/archief/4.RGD/invnr/1601/file/
1601,Illuminatie aan overheidsgebouwen - Ontwerptekeningen voor het aanbrengen,Lange Voorhout 38,Den Haag,Zuid-Holland,overig,tekening,IA/IIA,,,1,52.082545,4.312474,straat,https://www.nationaalarchief.nl/onderzoeken/archief/4.RGD/invnr/1601/file/
1601,Illuminatie aan overheidsgebouwen - Ontwerptekeningen voor het aanbrengen,Piet Heineplein 6,Den HAag,Zuid-Holland,overig,tekening,IA/IIA,,,2,52.063751,4.393243,straat,https://www.nationaalarchief.nl/onderzoeken/archief/4.RGD/invnr/1601/file/
1601,Illuminatie aan overheidsgebouwen - Ontwerptekeningen voor het aanbrengen,Rijnstraat 24,Den Haag,Zuid-Holland,overig,tekening,IA/IIA,,,6,52.080208,4.323724,straat,https://www.nationaalarchief.nl/onderzoeken/archief/4.RGD/invnr/1601/file/
1601,Illuminatie aan overheidsgebouwen - Ontwerptekeningen voor het aanbrengen,,Den HAag,Zuid-Holland,overig,tekening,IA/IIA,,,1,52.072073,4.293001,plaats,https://www.nationaalarchief.nl/onderzoeken/archief/4.RGD/invnr/1601/file/
1602,Dossier Letters en Cijfers - Opmetingstekeningen,Achter de Vliet,Utrecht,Utrecht,overig,tekening,IA/IIA,,,1,52.08724,5.008034,straat,https://www.nationaalarchief.nl/onderzoeken/archief/4.RGD/invnr/1602/file/
1606,Schoorsteenmantels - Opmetingstekeningen,,Haarlem,Noord-Holland,overig,tekening,IA/IIA,,,1,52.383417,4.64753,plaats,https://www.nationaalarchief.nl/onderzoeken/archief/4.RGD/invnr/1606/file/
1606,Schoorsteenmantels - Opmetingstekeningen,,Marsum,Fryslân,overig,tekening,IA/IIA,,,1,53.208561,5.71528,plaats,https://www.nationaalarchief.nl/onderzoeken/archief/4.RGD/invnr/1606/file/
1606,Schoorsteenmantels - Opmetingstekeningen,,Leiden,Zuid-Holland,overig,tekening,IA/IIA,,,2,52.154982,4.485116,plaats,https://www.nationaalarchief.nl/onderzoeken/archief/4.RGD/invnr/1606/file/
1606,Schoorsteenmantels - Opmetingstekeningen,,Zaltbommel,Gelderland,overig,tekening,IA/IIA,,,7,51.792291,5.158441,plaats,https://www.nationaalarchief.nl/onderzoeken/archief/4.RGD/invnr/1606/file/
1710.1,"Huizen, kerken en landhuizen",,Krommenie,Noord-Holland,kerk & religie,foto,IC,1895,1905,3,52.50686,4.761534,plaats,https://www.nationaalarchief.nl/onderzoeken/archief/4.RGD/invnr/1710.1/file/
1710.1,"Huizen, kerken en landhuizen",,Harkstede,Groningen,kerk & religie,foto,IC,1895,1905,3,53.2193,6.681179,plaats,https://www.nationaalarchief.nl/onderzoeken/archief/4.RGD/invnr/1710.1/file/
1710.1,"Huizen, kerken en landhuizen",,Slochteren,Groningen,kerk & religie,foto,IC,1895,1905,3,53.213631,6.791582,plaats,https://www.nationaalarchief.nl/onderzoeken/archief/4.RGD/invnr/1710.1/file/
